brand,org,admin_n
BRUNELLO CUCINELLI,e-영업3,1
Victoria's Secret,e-영업3,1
이안폴터디자인_캐디백(단품),e-영업4,1
Banana Republic,e-영업3,1
드마이어(De MAILLE),e-영업3,1
타카히로미야시타 더솔로이스트,e-영업3,1
프리베이지 바이 엘리자베스 아덴,e-영업4,1
& Other Stories,e-영업3,1
MLB COLLECTION,e-영업3,1
POLICE eyewear,e-영업3,1
마르셀로불론카운티오브밀란,e-영업3,1
빌레로이앤보흐(유료배송),e-영업4,1
알파인더스트리 바이 아더에러,e-영업3,1
질스튜어트뉴욕 모먼트에디션,e-영업4,1
테일러 오브 올드 본드 스트리트,e-영업4,1
피파 오피셜라이선스프로덕트,e-영업4,1
아로마테라피 어소시에이트,e-영업4,1
에스.티. 듀퐁 클래식 셔츠,e-영업3,1
에스에이엠지엔터테인먼트,e-영업3,1
요요기 플리츠 바이 티엔지티,e-영업1,1
이안폴터디자인_보스턴백,e-영업4,1
플리거 바이 제네럴 아이디어,e-영업3,1
플리츠 플리즈 이세이 미야케,e-영업3,1
한국표준금거래소(순금),e-영업3,1
CALVINKLEIN,e-영업3,1
Calvin Klein,e-영업3,1
SKECHERS USA,e-영업3,1
UnderArmour,e-영업3,1
닥터윌리엄제이프로젝트,e-영업4,1
디퓨저 바이 릴리그레이스,e-영업4,1
레이첼콕스 프리미엄 라벨,e-영업3,1
로드사인 오스트레일리아,e-영업3,1
르 쁘띠 루카스 뒤 테르트르,e-영업3,1
뮤지엄 오브 피스 앤 콰이엇,e-영업3,1
바스(배드에어솔루션),e-영업4,1
스마트 마이크로버 시스템,e-영업4,1
아디다스 골프(엘에프),e-영업4,1
알두카 다오스카 1902,e-영업3,1
에이치티씨 로스엔젤레스,e-영업3,1
엠마 멀홀랜드 온 홀리데이,e-영업3,1
엠버 퓨어힐 호텔 & 리조트,e-영업4,1
엠엠식스 메종 마르지엘라,e-영업3,1
옴므 플리세 이세이미야케,e-영업3,1
옴므플리세 이세이미야케,e-영업3,1
테일러메이드_클럽단품,e-영업4,1
프레스티지오 디 알레그리,e-영업1,2
한국금다이아몬드거래소,e-영업3,1
Coccinelle,e-영업3,1
MALBON GOLF,e-영업4,1
New Balance,e-영업3,1
OTHER BRAND,e-영업3,1
드로게리아 크리베리니,e-영업3,1
디브이에스엔 스튜디오,e-영업3,1
리프로덕션 오브 파운드,e-영업3,1
마르디 메크르디 레쁘띠,e-영업3,1
마르디 메크르디 악티프,e-영업4,1
마카다미아 내추럴 오일,e-영업4,1
마크 바이 마크제이콥스,e-영업3,1
마크바이 마크제이콥스,e-영업3,1
무아스(가전디지털),e-영업4,1
바오바오 이세이미야케,e-영업3,1
바오바오이세이미야케,e-영업3,1
바움 운드 페르드가르텐,e-영업3,1
바움운드페르드가르텐,e-영업3,1
백스터 오브 캘리포니아,e-영업4,1
볼빅_용품일반_유료,e-영업4,1
비에스큐티바이클래시,e-영업3,2
스카이 하이 팜 워크웨어,e-영업3,1
아나스타샤 베버리 힐즈,e-영업4,1
아나스타샤 베버리힐즈,e-영업4,1
아디다스 X 송 포 더 뮤트,e-영업3,1
아코스튜디오스페이스,e-영업3,1
어코입점사주문테스트,e-영업3,1
에꼴드파리_2021,e-영업3,1
에스.티. 듀퐁 클래식,e-영업3,1
에스.티. 듀퐁 파리스,e-영업3,1
에프에이치아이 코리아,e-영업4,1
엘엘엘디자인스튜디오,e-영업3,1
엠포리오 아르마니 시계,e-영업3,1
오더먼트 바이 보카바카,e-영업3,1
오피치네 크리에이티브,e-영업3,1
오피치네크리에이티브,e-영업3,1
올리비아로렌_비노출,e-영업3,1
윌리엄스버그 뉴욕시티,e-영업3,1
질스튜어트 뉴욕 스포츠,e-영업1,2
커스텀에이드 리퍼블릭,e-영업3,2
커스텀에이드리퍼블릭,e-영업3,1
케이엠에스 캘리포니아,e-영업4,1
클리브랜드_클럽단품,e-영업4,1
키노시타 바이 티엔지티,e-영업1,1
프로텍트어베드코리아,e-영업4,1
플라잉타이거 코펜하겐,e-영업3,1
하프크라이즈 레이아웃,e-영업3,2
힐링타임(5만무배),e-영업4,1
1400 미터타이히,e-영업4,1
18.21 맨 메이드,e-영업4,1
18.21맨메이드,e-영업4,1
CP COMPANY,e-영업3,1
FREESPACE,e-영업4,1
Fear Of God,e-영업3,1
MARINECOS,e-영업4,1
VIVIEN스타킹,e-영업3,1
wonderbra,e-영업3,1
게스 (GUESS),e-영업3,2
기타브랜드(골프),e-영업3,2
나르시소 로드리게스,e-영업4,1
나르시소 로드리게즈,e-영업4,1
네브스카야 코스메틱,e-영업4,1
네이처스버라이어티,e-영업4,1
노스페이스 퍼플라벨,e-영업3,1
니어리스트 벗 로스트,e-영업4,1
니콜로지 크리에이션,e-영업4,1
다이앤본퍼스텐버그,e-영업3,1
더블유브이프로젝트,e-영업3,1
레인보우에어라인즈,e-영업4,1
릭오웬스 다크쉐도우,e-영업3,1
마리떼 프랑소와 저버,e-영업3,1
마리떼프랑소와저버,e-영업3,1
마제스티_클럽단품,e-영업4,1
메종 미하라 야스히로,e-영업3,1
메종미하라야스히로,e-영업3,1
반에이크_2021,e-영업3,1
베로니카 빌드그루버,e-영업3,1
브루클린웍스 어패럴,e-영업4,1
비버리힐스 폴로클럽,e-영업3,1
비버리힐스폴로클럽,e-영업4,1
비버리힐즈 폴로클럽,e-영업3,2
비브람파이브핑거스,e-영업3,2
비스콘티 디 모드로네,e-영업4,1
비아지오 산타니엘로,e-영업3,1
비지트 인 뉴욕_이월,e-영업3,1
빌리네어 보이즈 클럽,e-영업3,1
삼성디지털사이니지,e-영업4,1
선데이모닝플레이트,e-영업4,1
스크램블크로스로드,e-영업3,2
스테프니 워커스 클럽,e-영업3,1
스튜디오폴앤컴퍼니,e-영업3,1
시세이도 프로페셔널,e-영업4,1
시카케어 바디미스트,e-영업4,1
신영와코루 메모리업,e-영업3,1
써스데이플랜테이션,e-영업4,1
아가디르 아르간 오일,e-영업4,1
아디다스 웨일즈보너,e-영업3,1
아디다스(스포츠),e-영업3,2
아르마니 익스체인지,e-영업3,1
아르마니익스체인지,e-영업3,1
아우구스티누스 바더,e-영업4,1
아이디플라코스메틱,e-영업4,1
아임쏘리포마이스킨,e-영업4,1
언더컨트롤 스튜디오,e-영업3,1
에비히슈테른코리아,e-영업4,1
에센셜-피어오브갓,e-영업3,1
에스.티. 듀퐁 의류,e-영업3,1
에임에이지 스튜디오,e-영업3,1
연세대학교 연세우유,e-영업4,1
오리지널 스프라우트,e-영업4,1
오리지넬라 오리지날,e-영업4,1
오스트레일리안 골드,e-영업4,1
올리비아로렌_신상,e-영업3,1
워즈유얼스워즈마인,e-영업3,1
익스클라메이션 마크,e-영업3,1
일루스트리스일루전,e-영업3,1
제로알에이치플러스,e-영업3,1
존 마스터스 오가닉스,e-영업4,1
지비에이치 코스메틱,e-영업4,1
지에스아이아웃도어,e-영업4,1
찰스 제프리 러버보이,e-영업3,1
카카오프렌즈 ACC,e-영업3,1
칼하트 더블유아이피,e-영업3,1
캘러웨이_클럽단품,e-영업4,1
캘빈클라인진 ACC,e-영업3,1
캘빈클라인퍼포먼스,e-영업3,2
캠브리지 유니버시티,e-영업1,2
컨템포러리어카운츠,e-영업3,1
컬럼비아 유니버시티,e-영업3,1
코렐(조건부무료),e-영업4,1
크로커다일 이너웨어,e-영업3,1
크리스탈라인알엑스,e-영업4,1
크리스티나 아길레라,e-영업4,1
킨록바이킨록앤더슨,e-영업3,1
테일러메이드_무료,e-영업4,1
테일러메이드_유료,e-영업4,1
테일러메이드_클럽,e-영업4,1
파울라 카데마르토리,e-영업3,1
프라이데이 미드나잇,e-영업2,1
프리마베라1980,e-영업4,1
플러스마이너스제로,e-영업4,1
피어리스인터내셔널,e-영업4,1
피에노솔레1960,e-영업3,1
피엑스지(엘에프),e-영업4,1
하우스 오브 플랜트.,e-영업3,1
하우스오브지니어스,e-영업4,1
할리오브스코틀랜드,e-영업3,1
헐리우드 패션 시크릿,e-영업4,1
(주)웜바디한일,e-영업4,1
0.387에이유,e-영업3,1
1989 스튜디오,e-영업3,1
JJ JIGOTT,e-영업3,1
SHES MISS,e-영업3,1
SKECHERS,e-영업3,1
가네샤요가프랍스,e-영업4,1
가브리엘라허스트,e-영업3,1
갤러리 디파트먼트,e-영업3,1
갤러리디파트먼트,e-영업3,1
골드필드 앤 뱅크스,e-영업4,1
그로운 알케미스트,e-영업4,1
그린네이션라이프,e-영업4,1
김포파주인삼농협,e-영업4,1
꼼데가르송 플레이,e-영업3,1
꼼데가르송플레이,e-영업3,1
꽁빠니 드 프로방스,e-영업4,1
나이키(스포츠),e-영업3,2
내셔널 지오그래픽,e-영업3,2
내셔널 퍼블리시티,e-영업3,1
내셔널지오그래픽,e-영업3,3
네이쳐스커팅보드,e-영업4,1
네이키드서프클럽,e-영업4,1
니콜라스 커크우드,e-영업3,1
닐스야드 레머디스,e-영업4,1
닥터 데니스 그로스,e-영업4,1
대우 어플라이언스,e-영업4,1
대우어플라이언스,e-영업4,1
대한홍삼진흥공사,e-영업4,1
더블유 피부연구소,e-영업4,1
데님 인디고 마스터,e-영업3,1
데우스 엑스 마키나,e-영업3,2
데우스엑스마키나,e-영업3,1
데일리스트_신상,e-영업3,1
두피중심 스칼피즘,e-영업4,1
디 아트 오브 쉐이빙,e-영업4,1
디아도라 헤리티지,e-영업3,1
디얼스 코트다쥐르,e-영업4,1
디파트먼트파이브,e-영업3,1
라위(오프라인),e-영업4,1
라이더스 온더 스톰,e-영업3,1
라이크아임파이브,e-영업4,1
래핑차일드ACC,e-영업3,1
로레알 프로페셔널,e-영업4,1
로렌 바이 랄프 로렌,e-영업3,2
루치아노 소프라니,e-영업4,1
르 오케스트르 퍼퓸,e-영업4,1
르꼬끄 스포르티브,e-영업3,2
르샤트라1802,e-영업4,1
리틀 마크제이콥스,e-영업3,1
리플레이컨테이너,e-영업3,1
리플렉션 코펜하겐,e-영업4,1
마르케스알메이다,e-영업3,1
마리캡슐퍼퓸케이,e-영업4,1
마스터바니에디션,e-영업3,2
마이애미프로젝트,e-영업3,1
마팔다델라스칼라,e-영업3,1
메르세데스-벤츠,e-영업4,1
메종 프란시스 커정,e-영업4,1
메종프란시스커정,e-영업4,1
미니멈 에브리데이,e-영업3,1
미스터 앤 미세스 퍼,e-영업3,1
미즈노_클럽단품,e-영업4,1
미키모토코스메틱,e-영업3,2
밀리언달러베이비,e-영업3,1
바네사브루노 아떼,e-영업1,2
바디버든 프로젝트,e-영업4,1
바세린-유니레버,e-영업4,1
바스키아 브루클린,e-영업4,1
발렌티노 가라바니,e-영업3,1
베라왕인티메이츠,e-영업3,1
베르사체1969,e-영업4,1
베르사체진 꾸뛰르,e-영업3,1
베이비블리 ACC,e-영업3,1
뷰티오브메모리즈,e-영업4,1
브루넬로 쿠치넬리,e-영업3,1
브루넬로쿠치넬리,e-영업3,1
브리지스톤_유료,e-영업4,1
브리지스톤_클럽,e-영업4,1
브이더블유 베라왕,e-영업3,1
비바스칸디나비아,e-영업4,1
비비안 웨스트우드,e-영업3,1
비비안웨스트우드,e-영업3,1
비앤비골드_순금,e-영업3,1
비타끄렘므 비12,e-영업4,1
빅웨이브 컬렉티브,e-영업3,2
빅토리아앤프렌즈,e-영업3,1
빌헬미나 가르시아,e-영업3,1
사포네 디 토스카나,e-영업4,1
산타마리아노벨라,e-영업4,1
살바토레 페라가모,e-영업3,2
살바토레페라가모,e-영업3,1
선데이디스코클럽,e-영업3,1
세르지오 레반테시,e-영업3,1
세븐 포 올 맨카인드,e-영업3,1
셀트리온스킨큐어,e-영업4,1
소유하리(가전),e-영업4,1
쉬벨라 코스메틱스,e-영업4,1
스노우피크 어패럴,e-영업4,1
스테이지 어라운드,e-영업3,1
스테파노 모르타리,e-영업3,1
스토니스트라이드,e-영업3,1
스튜디오앤파르크,e-영업3,1
스튜어트 와이츠먼,e-영업3,1
스튜어트와이츠먼,e-영업3,1
스트라디바리우스,e-영업3,2
스페이드클럽서울,e-영업1,2
스프레이그라운드,e-영업3,1
시어테라 오가닉스,e-영업4,1
써스데이아일랜드,e-영업3,2
써티파이브모먼트,e-영업4,1
아디다스 피트니스,e-영업4,1
아떼 바네사브루노,e-영업1,11
아르테노스튜디오,e-영업3,1
아르페지오베이직,e-영업4,1
아모스프로페셔널,e-영업4,1
아베크롬비 앤 피치,e-영업4,1
아스티에 드 빌라트,e-영업4,1
아웃도어 엘레먼트,e-영업4,1
아웃도어 프로덕츠,e-영업3,1
아웃도어프로덕츠,e-영업3,6
아이보리스튜디오,e-영업3,1
아트스피크하우스,e-영업3,1
안달로우 내추럴스,e-영업4,1
안데르센 안데르센,e-영업3,1
알레산드로 엔리케,e-영업3,1
알비에로마르티니,e-영업3,1
알펜무어1618,e-영업4,1
앤시언트 그릭 샌들,e-영업3,1
앨리스앤올리비아,e-영업3,1
야마하_클럽단품,e-영업4,1
약손명가 헬스케어,e-영업4,1
에디텀 스튜디오즈,e-영업3,1
에르메네질도 제냐,e-영업3,1
에이션트그릭샌들,e-영업3,1
에이아이라이더스,e-영업3,1
에이치비 카펜트리,e-영업3,1
에프씨엠엠 스포츠,e-영업4,1
엑스엑스아이엑스,e-영업3,1
엑스트라오디너리,e-영업3,2
엔지니어드 가먼츠,e-영업3,1
엔타이어스튜디오,e-영업3,1
엘라비에 코스메틱,e-영업4,1
엘리자베스 테일러,e-영업4,1
엘리자베타프랑키,e-영업3,1
엘오엘서프라이즈,e-영업3,1
엠마누엘레 비꼬끼,e-영업3,1
엠씨투 세인트바스,e-영업3,1
엠엠6 마르지엘라,e-영업3,1
엠포리오 아르마니,e-영업3,2
엠포리오아르마니,e-영업3,1
엠프리오 아르마니,e-영업3,1
오그램코스메틱스,e-영업4,1
옵티미스틱러너스,e-영업3,1
웬즈데이오아시스,e-영업3,1
위크엔드 막스마라,e-영업3,1
"윌(더블,콤보)",e-영업4,1
윌헤미나 가르시아,e-영업3,1
유에스피에이 폴로,e-영업3,1
이머전시 스튜디오,e-영업3,1
이십오퍼센테이지,e-영업3,1
이야이야앤프렌즈,e-영업4,1
이자벨마랑에뜨왈,e-영업3,1
이탈리아 1969,e-영업4,1
익센트릭 몰리큘스,e-영업4,1
익스트림 캐시미어,e-영업3,1
익스트림캐시미어,e-영업3,1
인터파크큐브릿지,e-영업4,1
저스트마이사이즈,e-영업3,1
제이더블유 앤더슨,e-영업3,1
제이더블유 앤덜슨,e-영업3,1
제이더블유앤더슨,e-영업3,1
제이알리게샴푸바,e-영업4,1
제이앤엠 데이비슨,e-영업3,1
제이에스엔와이 유,e-영업1,4
제이에프지 셀렉트,e-영업3,1
제일헬스사이언스,e-영업4,1
젝시오_클럽단품,e-영업4,1
조르지오 아르마니,e-영업3,2
조르지오아르마니,e-영업4,1
존 마스터스 오가닉,e-영업4,1
존마스터스오가닉,e-영업4,1
존스톤스 오브 엘긴,e-영업3,1
주식회사 윤오헬시,e-영업4,1
쥬세페 디 모라비토,e-영업3,1
지비에이치 어패럴,e-영업3,1
지암바티스타 발리,e-영업3,1
질 바이 질 스튜어트,e-영업1,4
질 바이 질스튜어트,e-영업1,9
질스튜어트 스포츠,e-영업1,4
쯔키우사기지루시,e-영업4,1
치르콜로 1901,e-영업3,1
카피타노1905,e-영업4,1
칼하트(스포츠),e-영업3,1
캐시미어오리지널,e-영업3,1
커버낫키즈(2),e-영업3,2
코렐(유료배송),e-영업4,1
코리아나-세니떼,e-영업4,1
코튼 클라우드 나인,e-영업4,1
쿠스토 바르셀로나,e-영업3,1
크래프트 프랙티스,e-영업4,1
크랩트리 앤 에블린,e-영업4,1
크로커다일레이디,e-영업3,1
크리스티앙 브르통,e-영업4,1
크리스티앙레나르,e-영업4,1
크리스틴프로젝트,e-영업3,1
키코 코스타디노브,e-영업3,1
타임리스 스킨 케어,e-영업4,1
타임리스 스킨케어,e-영업4,1
테스트브랜드24,e-영업3,2
토니노 람보르기니,e-영업3,2
토우토우아카이브,e-영업3,1
투웬티원어거스트,e-영업3,1
팝트레이딩컴퍼니,e-영업3,1
페보니아 보타니카,e-영업4,1
포르투기스 플란넬,e-영업3,1
폴로 랄프로렌_캡,e-영업3,2
퓨어바디내추럴스,e-영업4,1
프래그런스 파머시,e-영업4,1
프레드릭 콘스탄트,e-영업3,1
프레드릭콘스탄트,e-영업3,1
프로젝트 브이브이,e-영업3,1
플라스틱 프로덕트,e-영업3,1
플라스틱아일랜드,e-영업3,1
플로리다스튜디오,e-영업3,1
필리포 드 로렌티스,e-영업3,1
하이드로 플라스크,e-영업4,1
하이드로플라스크,e-영업4,1
한경희 이지라이프,e-영업4,1
한국금다이아몬드,e-영업3,1
해피엔딩이즈마인,e-영업3,1
헤이릴렉스캄다운,e-영업4,1
헤지스 골프_콜한,e-영업1,2
헤지스 키즈 ACC,e-영업3,1
헬레나 루빈스타인,e-영업4,1
헬레나 앤 크리스티,e-영업3,1
헬레나앤크리스티,e-영업3,1
히든포레스트마켓,e-영업3,2
히얼이즈낫어카페,e-영업4,1
888스튜디오,e-영업3,1
BARBARA,e-영업3,1
Kipling,e-영업3,1
Lacoste,e-영업3,1
MLB Kids,e-영업3,1
SISTINA,e-영업3,1
Triumph,e-영업3,1
Versace,e-영업3,1
[테스트] 버디,e-영업3,1
가스트로플러스,e-영업4,1
가스파드앤리사,e-영업3,1
고스트리퍼블릭,e-영업3,3
글라스이탈리아,e-영업4,1
꼼데가르송 퍼퓸,e-영업3,1
나베나베페누아,e-영업4,1
나우앤투모로우,e-영업3,1
네이처리퍼블릭,e-영업4,1
네이처스 바운티,e-영업4,1
네이티브 유니온,e-영업3,1
뉴 퍼퓸 홀릭 롤온,e-영업4,1
뉴데이일일건강,e-영업4,1
뉴트랄럭스 엠디,e-영업4,1
닥스 리틀 ACC,e-영업3,1
닥터 바바라 스텀,e-영업4,1
닥터리코스메틱,e-영업4,1
닥터엘리자베스,e-영업4,1
닥터윌리엄제이,e-영업4,1
달링클레멘타인,e-영업4,1
댄스온더플로어,e-영업3,2
더 스튜디오 케이,e-영업3,1
더 시에나 라이프,e-영업4,1
더뉴소사이어티,e-영업3,2
더마크제이콥스,e-영업3,1
더마퓨어클리닉,e-영업4,1
더블유드레스룸,e-영업4,1
더스튜디오케이,e-영업3,1
데이브앤데이즈,e-영업4,1
데이빗앤케이트,e-영업4,1
데이앤미 코리아,e-영업4,1
드렁크 엘리펀트,e-영업4,1
디스이즈네버댓,e-영업3,1
디스코드사운드,e-영업3,1
디스트릭트 비전,e-영업3,1
디에스 앤 두르가,e-영업4,1
디에이치티엑스,e-영업4,1
라라써니사이드,e-영업4,1
라우라 비아조티,e-영업3,2
라이즈앤빌로우,e-영업3,1
라이프아웃도어,e-영업4,1
라이프앤콜렉트,e-영업3,2
라파레1789,e-영업4,1
랜덤 아이덴티티,e-영업3,1
레오폴디리젠트,e-영업4,1
레인보우153,e-영업4,1
레전드 잉글랜드,e-영업4,1
레트로슈퍼퓨처,e-영업3,1
레프암스테르담,e-영업3,2
로렌스디케이드,e-영업3,1
로렌조 빌로레시,e-영업4,1
로베르타피에리,e-영업3,1
로베르토 모렐리,e-영업3,1
로베르토 카발리,e-영업3,1
로베르토 콜리나,e-영업3,1
로베르토페스타,e-영업3,1
로얄알바트로스,e-영업4,1
로얄크라운더비,e-영업4,1
루비암 1911,e-영업3,1
루슬란바진스키,e-영업3,1
루이까또즈 셔츠,e-영업3,1
르꽁뚜아르뒤뱅,e-영업4,1
리더스코스메틱,e-영업4,1
리빙크리에이터,e-영업4,1
마가렛댑스런던,e-영업4,1
마닐라그레이스,e-영업3,1
마리나드부르봉,e-영업4,1
마리아쥬드비엔,e-영업4,1
마리오 바데스쿠,e-영업4,1
마리오미나르디,e-영업3,1
마리우스파브르,e-영업4,1
마사키 마츠시마,e-영업3,1
마스터오브아츠,e-영업3,1
마우로 그리포니,e-영업3,1
마운틴인스포츠,e-영업4,1
마제스티_무료,e-영업4,1
마제스티_유료,e-영업4,1
마제스티_클럽,e-영업4,1
마틴 마르지엘라,e-영업3,1
막스까르띠지오,e-영업3,1
만수르 가브리엘,e-영업3,1
만수르가브리엘,e-영업3,1
매드어바웃매츠,e-영업4,1
맥클린코스메틱,e-영업4,1
메르세데스벤츠,e-영업4,1
메이크어토스트,e-영업3,2
메이크업 포 에버,e-영업4,1
메이크업 포에버,e-영업4,1
메이크업포에버,e-영업4,1
메종 드 베르누아,e-영업4,1
메종 마르지엘라,e-영업3,2
메종마르지엘라,e-영업3,2
모리스라크로아,e-영업3,1
모스크 스튜디오,e-영업4,1
몬스터리퍼블릭,e-영업3,1
몰리멜리프렌즈,e-영업3,1
몽클레어 베이비,e-영업3,1
미니멀프로젝트,e-영업3,2
미드나잇서커스,e-영업3,1
미라클리얼다운,e-영업4,1
미세스마이어스,e-영업4,1
미스터앤미세스,e-영업3,2
미하라 야스히로,e-영업3,1
미하라야스히로,e-영업3,1
바나나 리퍼블릭,e-영업3,2
바이오엘리먼츠,e-영업4,1
반 클리프 앤 아펠,e-영업3,2
반클리프앤아펠,e-영업3,1
발코니 인 스위트,e-영업3,1
뱅네프 생토노레,e-영업4,1
베네데타보롤리,e-영업3,1
베어풋사이언스,e-영업4,1
베일리스앤하딩,e-영업4,1
벨리타앤보이즈,e-영업3,1
벨보이스튜디오,e-영업4,1
보이스 1920,e-영업4,1
볼빅_보스턴백,e-영업4,1
볼빅_용품일반,e-영업4,1
볼빅_클럽단품,e-영업4,1
브라 이트스타트,e-영업3,1
브라운앤프렌즈,e-영업3,1
브라이언 데일즈,e-영업3,1
브라이언데일즈,e-영업3,1
브루클린 뮤지엄,e-영업3,1
브룩스브라더스,e-영업3,3
브리스크스타일,e-영업3,2
브이티 코스메틱,e-영업4,1
브이티코스메틱,e-영업4,1
블랙다이아몬드,e-영업3,1
블랙야크_이월,e-영업4,1
블랙야크_정상,e-영업4,1
블랙야크키즈_,e-영업3,1
블루다이아몬드,e-영업4,1
블루제이너클럽,e-영업4,1
비스타알레그레,e-영업4,1
비엔나 퓨어뷰티,e-영업4,1
비전스트릿웨어,e-영업3,1
비트윈에이앤비,e-영업3,1
빅토리아 시크릿,e-영업3,2
빅토리아스웨덴,e-영업4,1
빈티지헐리우드,e-영업3,1
빌레로이앤보흐,e-영업4,1
사그라다마드레,e-영업4,1
살바토레 산토로,e-영업3,1
살바토레산토로,e-영업3,1
삼정크린마스터,e-영업4,1
샌더스 카우프만,e-영업4,1
서브얼반라이엇,e-영업3,1
서울드래곤시티,e-영업4,1
세러데이일레븐,e-영업3,1
세루티1881,e-영업3,1
세르지오타키니,e-영업3,1
세서미스트리트,e-영업4,1
세인트앤드류스,e-영업4,1
세컨드 아르무아,e-영업3,2
세컨드 컴플리트,e-영업4,1
세컨드아뜨리에,e-영업3,1
셀레셜 시즈닝스,e-영업4,1
셀프 포트레이트,e-영업3,1
셀프포트레이트,e-영업3,1
쉐프앤소믈리에,e-영업4,1
슈퍼마켙플라워,e-영업4,1
슈퍼밀리언헤어,e-영업4,1
스노우투플러스,e-영업4,1
스미스앤스미시,e-영업4,1
스위스 몽크로스,e-영업4,1
스위스몽크로스,e-영업3,2
스위스밀리터리,e-영업3,2
스케쳐스_무료,e-영업4,1
스크레치마스터,e-영업4,1
스타터 블랙라벨,e-영업3,1
스타터블랙라벨,e-영업3,1
스탠드 스튜디오,e-영업3,1
스테이포지티브,e-영업4,1
스텔라 매카트니,e-영업3,2
스텔라 맥카트니,e-영업3,1
스텔라맥카트니,e-영업3,3
스토리 엠에프지,e-영업3,1
스토리엠에프지,e-영업3,1
스튜디오 니콜슨,e-영업3,1
스튜디오 리포소,e-영업3,2
스튜디오 톰보이,e-영업3,1
스파이크디펜더,e-영업4,1
스프링코펜하겐,e-영업4,1
스플래쉬어바웃,e-영업3,1
슬로우스탠다드,e-영업3,1
시카고커트러리,e-영업4,1
시카고커틀러리,e-영업4,1
실바니안패밀리,e-영업3,1
쏘리투머치러브,e-영업3,1
씨제이제일제당,e-영업4,1
씽크유어독티스,e-영업4,1
아다바트화이트,e-영업4,1
아돌포도밍게즈,e-영업3,1
아뜰리에일마노,e-영업3,1
아리아나 그란데,e-영업4,1
아리아나그란데,e-영업4,1
아메리칸어패럴,e-영업4,1
아미드 어플로즈,e-영업3,1
아발론 오가닉스,e-영업4,1
아스토니쉬 스파,e-영업4,1
아울로스 미디어,e-영업4,1
아이나비스포츠,e-영업4,1
아이더블유엘티,e-영업4,1
아이디메이커스,e-영업4,1
아이앱스튜디오,e-영업3,1
아이에스컴퍼니,e-영업4,1
아이에이치에스,e-영업3,1
아이엠블라인드,e-영업4,1
아일랜드 슬리퍼,e-영업1,2
아쿠아 디 파르마,e-영업3,2
아쿠아 블렌디드,e-영업4,1
아쿠아디파르마,e-영업4,1
아쿠아알레로제,e-영업4,1
아크네 스튜디오,e-영업3,1
아크네스튜디오,e-영업3,2
아키텍트메이드,e-영업4,1
아틀란틱 스타스,e-영업3,1
아티잔 파퓨미어,e-영업4,1
안나수이 아이웰,e-영업3,1
안나수이 쥬얼리,e-영업3,1
안드레 베르디에,e-영업4,1
안드레아 까라노,e-영업3,1
알레산드라리치,e-영업3,1
알렉산더 스미스,e-영업3,1
알렉산드라리치,e-영업3,1
알렉산드레 제이,e-영업4,1
알베르타 페레티,e-영업3,1
알베르타페레티,e-영업3,1
알베르토비아니,e-영업3,1
알부로얄포르테,e-영업4,1
알씨비 폴로클럽,e-영업3,1
알파 인더스트리,e-영업3,1
알프레도휘마스,e-영업4,1
앤아더스토리즈,e-영업3,1
앤와이코튼클럽,e-영업3,1
앨리건트테이블,e-영업4,1
어거스트 앨리스,e-영업3,2
어반플레이어스,e-영업3,1
에르노 라스즈로,e-영업4,1
에르마노 설비노,e-영업3,1
에르마노 피렌제,e-영업3,1
에르베 샤펠리에,e-영업3,1
에르베 샤플리에,e-영업3,1
에르베샤플리에,e-영업3,1
에리카 카발리니,e-영업2,2
에바스코스메틱,e-영업4,1
에스.티. 듀퐁,e-영업3,2
에스.티.듀퐁,e-영업3,2
에스더블유19,e-영업4,1
에스세븐일루부,e-영업3,1
에스테틱하우스,e-영업4,1
에스티홀리데이,e-영업3,1
에이쓰리에프온,e-영업4,1
에이엠지티타늄,e-영업4,1
에이제이전시몰,e-영업4,1
에이제트에이치,e-영업4,1
에이지투웨니스,e-영업4,1
에이치블레이드,e-영업3,1
에이프릴 코리아,e-영업4,1
에코 디아이와이,e-영업4,1
에포크헤리티지,e-영업4,1
에프코코로미즈,e-영업3,1
엑스씨엑스메인,e-영업3,1
엑스트라 디그리,e-영업4,1
엘리자베스 아덴,e-영업4,1
엘리자베스아덴,e-영업4,1
엠더블유씨 시계,e-영업3,1
엠비언트라운지,e-영업4,1
엠엘비 코스메틱,e-영업4,1
오니츠카타이거,e-영업3,2
오디오테크니카,e-영업4,1
오르바이스텔라,e-영업3,1
오리지날 빈티지,e-영업3,1
오부자유기공방,e-영업4,1
오스카 드 라 렌타,e-영업4,1
오스카드라렌타,e-영업3,1
오아이 페인티드,e-영업3,1
오프닝세레모니,e-영업3,1
오픈마켓테스트,e-영업3,2
오피치나나뚜래,e-영업4,1
온오프 골프웨어,e-영업4,1
올리브데올리브,e-영업3,1
올리비아하슬러,e-영업3,1
옵티멈뉴트리션,e-영업4,1
와이비푸드테크,e-영업4,1
울트라세컨스킨,e-영업4,1
워크 터프 스토브,e-영업4,1
유에스폴로어신,e-영업3,1
유에프씨스포츠,e-영업4,1
이미지 리퍼블릭,e-영업4,1
이스라이브러리,e-영업4,1
이안폴터디자인,e-영업4,1
이육일이유아이,e-영업3,1
이자벨 베네나토,e-영업3,1
이지함피부과몰,e-영업4,1
익스트리미티즈,e-영업4,1
일레븐휴즈데이,e-영업4,1
임페리얼 포슬린,e-영업4,1
자올닥터스오더,e-영업4,1
자이구루 데바옴,e-영업3,1
자코모 발렌티니,e-영업3,1
자코모발렌티니,e-영업3,1
장 샤를르 브로소,e-영업4,1
재영코리아리빙,e-영업4,1
제너럴 아이디어,e-영업3,2
제너럴아이디어,e-영업3,1
제롬 드레이퓌스,e-영업3,1
제이더블유파크,e-영업4,1
제이더블유페이,e-영업3,1
제이에스앤와이,e-영업2,1
제이에스엔와이,e-영업1,6
제이제이지고트,e-영업3,1
제인 아이어데일,e-영업4,1
젠틀맨 하드웨어,e-영업4,1
조셉앤스테이시,e-영업3,2
주스앤그로서리,e-영업4,1
주식회사 티오엔,e-영업4,1
줄리엣 해즈 어 건,e-영업4,1
지노리 1735,e-영업3,2
지아니끼아리니,e-영업3,1
지아더아이엔지,e-영업3,1
지안니끼아리니,e-영업3,1
지안프랑코 페레,e-영업3,1
지안프랑코페레,e-영업3,1
지즈 바이 울랄라,e-영업3,1
질 스튜어트 뉴욕,e-영업2,1
질스튜어트 뉴욕,e-영업1,9
질스튜어트 장갑,e-영업3,1
카너 바르셀로나,e-영업4,1
카락터코펜하겐,e-영업3,1
카오코탈라이푸,e-영업4,1
캐롤리나 헤레라,e-영업4,1
캐롤리나헤레라,e-영업3,1
캐스퍼존아이바,e-영업3,1
캐시미어하우스,e-영업3,1
캘러웨이_무료,e-영업4,1
캘러웨이_유료,e-영업4,1
캘러웨이_클럽,e-영업4,1
캠브리지 멤버스,e-영업3,2
커틀러 앤 그로스,e-영업3,1
컨템포러리젠더,e-영업3,1
케이제이잡화점,e-영업3,1
케이트스페이드,e-영업4,1
코렐코디네이츠,e-영업4,1
코모레비마리드,e-영업4,1
코모레비뮤지엄,e-영업3,1
코스메 데코르테,e-영업4,1
코케트 스튜디오,e-영업3,1
큐티에잇 가먼츠,e-영업3,1
크리스찬 루부탱,e-영업3,1
크리스찬루부탱,e-영업3,1
크리스크리스티,e-영업3,2
크리스탈 닥 파리,e-영업4,1
크리스탈 헤이즈,e-영업3,1
크리스탈헤이즈,e-영업3,1
크리스토퍼 케인,e-영업3,1
클락스 오리지널,e-영업3,1
키아라 페라그니,e-영업3,1
키지마 타카유키,e-영업3,1
킹마담건강침대,e-영업4,1
타이가 타카하시,e-영업3,1
타이거 트라이브,e-영업3,1
타이니코스모스,e-영업3,2
테일러스튜디오,e-영업3,1
텍스타일에리어,e-영업3,1
텐더가든_리빙,e-영업4,1
텐더가든_뷰티,e-영업4,1
텐트마크디자인,e-영업4,1
트렌드세터 웨어,e-영업3,2
트로이스포인트,e-영업4,1
트루릴리전 셔츠,e-영업3,1
트루링크스웨어,e-영업4,1
트리플투피프스,e-영업4,1
티더블유더블유,e-영업4,1
티아이디 와치스,e-영업3,1
티파니주니어_,e-영업3,1
파라다이스에어,e-영업4,1
파비아나 필리피,e-영업3,1
파비아나필리피,e-영업3,1
파이브앤플러스,e-영업3,1
팔로마바르셀로,e-영업3,1
팔리에로 사르티,e-영업3,1
팔리에로사르티,e-영업3,1
패트리지아 페페,e-영업3,1
퍼퓸 드 엠파이어,e-영업4,1
퍼퓸홀릭 인타임,e-영업4,1
펄링 바이 지아니,e-영업3,1
페넬로페베드룸,e-영업4,1
페드로가르시아,e-영업3,1
페라로밀라노_,e-영업3,1
페이스인네이처,e-영업4,1
페이스인페이스,e-영업4,1
페이퍼 리퍼블릭,e-영업4,1
포레스트스토리,e-영업4,1
포멜카멜레 악세,e-영업3,1
포체 스포츠 클럽,e-영업3,1
포틴_클럽단품,e-영업4,1
풀무원건강생활,e-영업4,1
프랑스보르테가,e-영업4,1
프랭크올리비에,e-영업4,1
프렌즈손데토이,e-영업3,2
프로젝트오디오,e-영업4,1
플라센타 베제딸,e-영업4,1
플라즈마스페어,e-영업3,1
플래닛리메이커,e-영업3,1
플러터 스튜디오,e-영업3,1
플레이키즈프로,e-영업3,1
플렌스테드모빌,e-영업4,1
플로랑스네이쳐,e-영업4,1
플리즈헤이트미,e-영업3,1
피렌체아뜨리에,e-영업3,1
피알지알_유료,e-영업4,1
피오레스튜디오,e-영업3,1
피터 토마스 로스,e-영업4,1
피터토마스로스,e-영업4,1
하와이안 호스트,e-영업4,1
하우스오브써니,e-영업3,1
한경희생활과학,e-영업4,1
한동녹용연구소,e-영업4,1
한일스테인레스,e-영업4,1
해리스워프런던,e-영업3,1
해외입점테스트,e-영업4,1
허벌페이스푸드,e-영업4,1
헤르미나 아테네,e-영업3,1
헤리스워프런던,e-영업3,1
홀리 러브스 러브,e-영업3,1
홀리데이테이블,e-영업4,1
화이트오가니아,e-영업4,1
히비스커스 블룸,e-영업3,1
100퍼센트,e-영업3,1
24시간엣지,e-영업4,1
3.1 필립 림,e-영업3,1
3.1 필립림,e-영업3,1
365메소드,e-영업4,1
38컴온커먼,e-영업3,1
Adidas,e-영업3,1
JJ지고트_,e-영업3,1
MLB키즈_,e-영업3,1
Mammut,e-영업3,1
NBA키즈_,e-영업3,1
NY KIDS,e-영업3,1
Stussy,e-영업3,1
VIVIEN,e-영업3,1
가먼트레이블,e-영업3,1
게리앤프레키,e-영업4,1
고마워모래야,e-영업4,1
공백0100,e-영업4,1
광동생활건강,e-영업4,1
구디 탱글픽스,e-영업4,1
국산수제간식,e-영업4,1
굿나잇데이브,e-영업3,2
그래니트기어,e-영업4,1
그랜드 세이코,e-영업3,1
그로우플랜터,e-영업4,1
글래머러스 디,e-영업4,1
글래스하우스,e-영업4,1
글로벌나이프,e-영업4,1
글로우라우디,e-영업4,1
글로우몬스터,e-영업4,1
길더스브리지,e-영업4,1
김성훈도자기,e-영업4,1
김소형헤밀레,e-영업4,1
김영주스포츠,e-영업4,1
김정문알로에,e-영업4,1
김포유기공방,e-영업4,1
꼬르넬리아니,e-영업3,1
나뚜라하우스,e-영업4,1
나뚜리바이오,e-영업4,1
나이키키즈_,e-영업3,1
나인식스뉴욕,e-영업3,2
나타샤 디노나,e-영업4,1
내추럴라이저,e-영업3,1
네버마인드올,e-영업4,1
네오스트라타,e-영업4,1
네이처하우스,e-영업3,1
네이처하이크,e-영업4,1
네이키드니스,e-영업3,1
네추럴라이즈,e-영업4,1
노드 스튜디오,e-영업3,1
노르마카말리,e-영업3,1
노만코펜하겐,e-영업4,1
뉴암스테르담,e-영업3,1
뉴트라라이프,e-영업4,1
뉴트라바이오,e-영업4,1
뉴트리디데이,e-영업4,1
닉앤니콜 포 맨,e-영업3,1
다넘 포르투나,e-영업3,1
다니엘 웰링턴,e-영업3,1
다니엘에스테,e-영업3,2
다니엘웰링톤,e-영업3,1
다니엘크레뮤,e-영업3,1
다담아이엔씨,e-영업4,1
다이와_유료,e-영업4,1
닥터 하우쉬카,e-영업4,1
닥터디퍼런트,e-영업4,1
닥터마시멜로,e-영업4,1
닥터브로너스,e-영업4,1
닥터엔디에스,e-영업4,1
닥터제이콥스,e-영업4,1
닥터퍼니스트,e-영업3,1
닥터하우쉬카,e-영업4,1
대상웰라이프,e-영업4,1
더 잉글리쉬 솝,e-영업4,1
더끌림퍼니처,e-영업4,1
더니트컴퍼니,e-영업3,1
더블리스풀독,e-영업4,1
더블유레시피,e-영업4,1
더블유엠에프,e-영업4,1
더아이잗뉴욕,e-영업3,1
더프레스카랩,e-영업4,1
데님인더박스,e-영업3,1
데미지니모닉,e-영업3,2
데이먼스이어,e-영업3,1
데이비드 클럽,e-영업4,1
데이토나파크,e-영업3,1
데일라잇뉴욕,e-영업3,1
데저트 에센스,e-영업4,1
덴티본조르노,e-영업4,1
도깨비방망이,e-영업4,1
도나카란뉴욕,e-영업3,1
돌체 앤 가바나,e-영업4,1
돌체앤가바나,e-영업3,3
돌체엔가바나,e-영업4,1
동의본초연구,e-영업4,1
드래곤 디퓨저,e-영업3,1
드래곤 디퓨전,e-영업3,1
드래곤디퓨전,e-영업3,1
드레곤디퓨전,e-영업3,1
드레곤디퓨젼,e-영업3,1
드로잉에이미,e-영업4,1
드롤드무슈어,e-영업3,1
드리스 반 노튼,e-영업3,1
디스퀘어드2,e-영업3,2
디어드라세나,e-영업4,1
디오키드스킨,e-영업4,1
디즈니베이비,e-영업3,1
디케이앤와이,e-영업3,1
디케이엔와이,e-영업3,2
땡큐슈즈머치,e-영업3,1
땡큐오리지널,e-영업4,1
라메종드도도,e-영업3,1
라스포르티바,e-영업4,1
라이프 시리즈,e-영업4,1
라이프레시피,e-영업4,1
라이플페이퍼,e-영업3,2
래비티 스포츠,e-영업3,2
러기드하우스,e-영업3,2
러브 모스키노,e-영업3,1
러브모스키노,e-영업3,1
러브스토리스,e-영업3,1
럭키플레이스,e-영업4,1
레노마수영복,e-영업4,1
레드발렌티노,e-영업3,1
레베카밍코프,e-영업3,1
레스아티스트,e-영업3,1
레이지선데이,e-영업3,1
레이티드그린,e-영업4,1
로라 메르시에,e-영업4,1
로라메르시에,e-영업4,1
로리스 아자로,e-영업4,1
로스트인서울,e-영업4,1
로얄 캐네디언,e-영업4,1
로얄 코펜하겐,e-영업3,1
로얄그래프톤,e-영업4,1
로얄스튜어트,e-영업4,1
로얄코펜하겐,e-영업4,1
로제까바이에,e-영업4,1
로제드 자르딘,e-영업4,1
로지컬리스킨,e-영업4,1
롤리타 렘피카,e-영업4,1
롤리타렘피카,e-영업4,1
루디프로젝트,e-영업3,2
루이모라이스,e-영업3,1
루이지 보렐리,e-영업3,1
루틴프로젝트,e-영업4,1
르니앤맥코이,e-영업3,3
르리에 알비스,e-영업4,1
르희 캐시미어,e-영업3,1
리비아나 콘티,e-영업3,1
리빙아일랜드,e-영업4,1
리빙인도무스,e-영업4,1
리얼지오지아,e-영업3,1
리얼테크닉스,e-영업4,1
리즈 클레이본,e-영업4,1
리틀 그라운드,e-영업3,1
리틀그라운드,e-영업3,1
리틀아카이브,e-영업4,1
리플라이퍼키,e-영업3,2
리피트_키친,e-영업4,1
릴리 그레이스,e-영업4,1
마가린핑거스,e-영업3,1
마놀로 블라닉,e-영업3,1
마누 아틀리에,e-영업3,1
마누아틀리에,e-영업3,1
마누엘에기욤,e-영업3,1
마루망_무료,e-영업4,1
마르셀로 불론,e-영업3,1
마르셀로불론,e-영업3,1
마르코시에나,e-영업3,1
마리나 데스테,e-영업3,1
마리슈타이거,e-영업4,1
마리아꾸르끼,e-영업3,1
마우이앤선즈,e-영업4,1
마운틴스미스,e-영업4,1
마이크돈두잇,e-영업3,1
마이크로매트,e-영업4,1
마이클 코어스,e-영업3,2
마이클코어스,e-영업3,3
마인드브릿지,e-영업3,1
마크 제이콥스,e-영업3,2
마크곤잘레스,e-영업3,1
마크제이콥스,e-영업3,2
마트인코리아,e-영업4,1
마틸다엔와이,e-영업3,1
말라코프스키,e-영업4,1
맘트리퍼니처,e-영업4,1
머레이코리아,e-영업4,1
먼데이플로우,e-영업4,1
먼데인먼데이,e-영업3,1
먼스앤데이즈,e-영업4,1
먼슬리121,e-영업4,1
메이블린 뉴욕,e-영업4,1
메이슨 피어슨,e-영업4,1
메이아일랜드,e-영업4,1
메이준뉴트리,e-영업4,1
메종 에르메스,e-영업4,1
메종 플라네르,e-영업3,1
메종드구르메,e-영업4,1
메종드메이어,e-영업3,1
메종드에디션,e-영업4,1
메종드이네스,e-영업3,1
멜리사앤더그,e-영업3,1
멜팅스튜디오,e-영업4,1
모그스튜디오,e-영업4,1
모니카비나더,e-영업3,1
모이모이깜피,e-영업3,1
모즈스튜디오,e-영업3,1
모티브스트릿,e-영업3,1
미드나잇무브,e-영업3,1
미셸바이탠디,e-영업3,1
미스터마리아,e-영업4,1
미스테리랜치,e-영업3,1
미즈노_무료,e-영업4,1
미즈노_클럽,e-영업4,1
미카엘라버거,e-영업3,1
밀양본차이나,e-영업4,1
밀크마일로로,e-영업3,1
바겐슈타이거,e-영업4,1
바네사브루노,e-영업1,5
바닐라빌리지,e-영업4,1
바른엔젤체어,e-영업4,1
바이 파미셀 랩,e-영업4,1
바이말렌버그,e-영업3,1
바이오가이아,e-영업4,1
바이오레시피,e-영업4,1
바이오미스트,e-영업4,1
바이오에비뉴,e-영업4,1
바이오이펙트,e-영업4,1
바톤 페레이라,e-영업3,1
박덕근참기름,e-영업4,1
박홍근홈패션,e-영업4,1
반디스오가닉,e-영업3,2
반원아틀리에,e-영업3,1
반클리프 아펠,e-영업3,2
반트36.5,e-영업4,1
발렌티노 루디,e-영업3,2
발렌티노루디,e-영업3,1
버뮤다그래스,e-영업4,1
버윅1707,e-영업3,1
버지니아까사,e-영업4,1
버클리 스퀘어,e-영업4,1
베네통글로벌,e-영업3,1
베드메이트유,e-영업4,1
베어미네랄스,e-영업4,1
베이비꼬꼴레,e-영업3,2
베이스레인지,e-영업3,1
벨로아이녹스,e-영업4,1
보니타하우스,e-영업4,1
보니토앤벨라,e-영업3,1
보르고세시아,e-영업3,1
보스(골프),e-영업4,1
보타닉 스토리,e-영업4,1
보테가 베네타,e-영업3,2
보테가베네타,e-영업3,2
보헤미안블루,e-영업4,1
본드넘버나인,e-영업4,1
본보스튜디오,e-영업3,2
볼빅 폴리큐션,e-영업4,1
볼빅_캐디백,e-영업4,1
분더가이스트,e-영업3,1
불가리 아이웰,e-영업3,1
불가리안로즈,e-영업4,1
뷰티메이커스,e-영업4,1
브라더크루거,e-영업4,1
브라운 브레스,e-영업3,1
브라이언베리,e-영업3,1
브라이트베리,e-영업4,1
브러쉬버디즈,e-영업4,1
브레드메이어,e-영업4,1
브레스마스크,e-영업4,1
브렌다브렌든,e-영업3,1
브로덴하우스,e-영업4,1
브루클린웍스,e-영업4,1
브리타스웨덴,e-영업4,1
브이비씨까사,e-영업4,1
블라블라키아,e-영업3,1
블라썸하우스,e-영업4,1
블랑쉬하우스,e-영업4,1
블랙마틴싯봉,e-영업3,1
블랙앤화이트,e-영업4,1
블루독베이비,e-영업3,1
비너스 자스민,e-영업3,1
비디케이 퍼퓸,e-영업3,1
비비 베네치아,e-영업3,1
비비베네치아,e-영업3,1
비비안 판도라,e-영업3,1
비비올리비아,e-영업3,1
비아로마15,e-영업3,1
비아봉드비아,e-영업3,1
비얼디드키드,e-영업3,1
비에스더블유,e-영업4,1
비엔에이치홈,e-영업4,1
비욘드오리진,e-영업4,1
비욘드클로젯,e-영업3,1
비욘드테이블,e-영업4,1
비지트 인 뉴욕,e-영업3,1
비지트인뉴욕,e-영업3,1
비케이쿡웨어,e-영업4,1
비포문라이즈,e-영업3,1
빅토리아 베컴,e-영업3,1
빈센트 네이비,e-영업3,1
빈티지캔들라,e-영업4,1
빌보드스타일,e-영업4,1
빠니에데썽스,e-영업4,1
삐삐네옷가게,e-영업3,1
사만사타바사,e-영업3,1
사만킬로미터,e-영업3,2
사방넷브랜드,e-영업3,2
산리오프렌즈,e-영업3,1
살바도르달리,e-영업4,1
삼성금거래소,e-영업3,1
상일리베가구,e-영업4,1
서울대오메가,e-영업4,1
서울트레이딩,e-영업3,1
서울헬스클럽,e-영업3,1
서포트라이트,e-영업3,1
세균아 꼼짝마,e-영업4,1
세라미카보나,e-영업4,1
세러데이스킨,e-영업4,1
세르즈블랑코,e-영업4,1
세르지오로시,e-영업3,1
세서미프린츠,e-영업4,1
세실리아 반센,e-영업3,1
세실리에 반센,e-영업3,1
세인트 미카엘,e-영업3,1
세인트 제임스,e-영업3,1
세인트스코트,e-영업3,2
세인트이브스,e-영업4,1
세인트제임스,e-영업3,1
세컨드라운드,e-영업3,1
세컨모놀로그,e-영업3,1
세토크래프트,e-영업3,1
센존블루라벨,e-영업3,1
센텔리안24,e-영업4,1
셀더마 데일리,e-영업4,1
셀렙샵에디션,e-영업3,2
셀트만바이덴,e-영업4,1
소니아리키엘,e-영업3,1
소피앤테일러,e-영업3,1
솔루미에스테,e-영업4,1
솔트앤초콜릿,e-영업3,1
솔트워터 샌들,e-영업3,1
솔트워터샌들,e-영업3,1
슈바르츠코프,e-영업4,1
슈와츠코리아,e-영업4,1
슈퍼레이티브,e-영업3,1
슈퍼스트로크,e-영업4,1
스네일라이프,e-영업4,1
스노우코스트,e-영업3,1
스릭슨_유료,e-영업4,1
스마일리월드,e-영업3,1
스마일베이비,e-영업3,1
스마트스코어,e-영업4,1
스마트자전거,e-영업3,1
스와로브스키,e-영업3,1
스웨디시드림,e-영업4,1
스위치123,e-영업3,2
스위트몬스터,e-영업4,1
스칼렛또블랙,e-영업3,1
스킨 슈티컬즈,e-영업4,1
스킨1004,e-영업4,1
스킨알엑스 랩,e-영업4,1
스킨앤코 로마,e-영업4,1
스타일노리터,e-영업3,1
스테이크 챔프,e-영업4,1
스테파니존슨,e-영업3,1
스텝어라운드,e-영업3,1
스톤 아일랜드,e-영업3,2
스톤아일랜드,e-영업3,4
스튜디오 다리,e-영업3,1
스튜디오나인,e-영업3,1
스튜디오럭스,e-영업3,2
스튜디오루프,e-영업4,1
스튜디오세라,e-영업3,1
스트라스베리,e-영업3,1
스트라이벡틴,e-영업4,1
스트라테지아,e-영업3,1
스트레티지아,e-영업3,1
스파클링피스,e-영업3,1
스펙스몬타나,e-영업3,1
스포츠리서치,e-영업4,1
스포티앤리치,e-영업3,2
스포티엔리치,e-영업3,1
시네마 시크릿,e-영업4,1
시마노_유료,e-영업4,1
시크릿플랜트,e-영업4,1
실버크레스트,e-영업4,1
써니사이드업,e-영업4,1
씨 바이 끌로에,e-영업3,1
씨바이끌로에,e-영업3,1
씨앤피 알엑스,e-영업4,1
씨엔엔 어패럴,e-영업3,2
씨이오파퓸스,e-영업4,1
씨제이이엔엠,e-영업4,1
아날로그무드,e-영업3,1
아네피그라프,e-영업3,1
아니아 하이에,e-영업3,1
아뜰리에 먼로,e-영업2,1
아뜰리에두뱅,e-영업4,1
아로마폴리스,e-영업4,1
아로하트리즈,e-영업4,1
아르가니케어,e-영업4,1
아르네 야콥센,e-영업3,1
아르마니 진스,e-영업3,1
아르키메데스,e-영업3,1
아름다운프로,e-영업4,1
아리조나 러브,e-영업3,1
아리조나러브,e-영업3,1
아망떼 물티슈,e-영업4,1
아메리칸 이글,e-영업3,1
아메리칸 크루,e-영업4,1
아메리칸니들,e-영업3,1
아모레퍼시픽,e-영업4,1
아미나 무아디,e-영업3,1
아미나무아디,e-영업3,1
아미노 비오틴,e-영업4,1
아부가르시아,e-영업4,1
아비노베이비,e-영업4,1
아스토플렉스,e-영업3,1
아이더블유씨,e-영업3,1
아이러브제이,e-영업3,1
아이스비스킷,e-영업3,1
아이씨베를린,e-영업3,1
아이엘컴퍼니,e-영업4,1
아이젠베르그,e-영업4,1
아조바이아조,e-영업3,1
아카데미과학,e-영업3,1
아카이브먼츠,e-영업3,1
아쿠아 델엘바,e-영업4,1
아쿠아 디 소이,e-영업4,1
아쿠아드폴리,e-영업4,1
아크코펜하겐,e-영업3,1
아틀리에 코롱,e-영업4,1
아틀리에코롱,e-영업4,1
아틀리에퀸스,e-영업4,1
아티스트웨어,e-영업3,1
아티아트 악세,e-영업3,1
아파트32 홈,e-영업4,1
악셀 아리가토,e-영업3,1
악셀아리가토,e-영업3,1
안나 몰리나리,e-영업3,1
안야 힌드마치,e-영업3,1
안야힌드마치,e-영업3,1
안토니모라토,e-영업3,2
안티치 로마니,e-영업3,1
안티카 무리나,e-영업3,1
알레그리 블루,e-영업1,2
알렉산더 맥퀸,e-영업3,1
알렉산더맥퀸,e-영업3,1
알베르토루티,e-영업3,1
알파 스튜디오,e-영업3,1
압구정브랜드,e-영업3,2
앙드레자르뎅,e-영업4,1
애즈이즈투비,e-영업4,1
애프터홈파티,e-영업3,1
앤 드뮐미스터,e-영업3,1
앤그리앤시프,e-영업4,1
앤드뭘미스터,e-영업3,1
앤소사이어티,e-영업4,1
앵글로매니아,e-영업3,1
야마하_클럽,e-영업4,1
어글리쉐도우,e-영업3,1
어나더브릿지,e-영업3,1
어니스트서울,e-영업3,1
어센틱 모델즈,e-영업4,1
어퍼컷 디럭스,e-영업4,1
언노운플라넷,e-영업3,1
언톨드레이블,e-영업3,2
엄마의도시락,e-영업4,1
에듀사이언스,e-영업3,1
에듀플레이어,e-영업4,1
에드워드 그린,e-영업3,1
에뛰드 하우스,e-영업4,1
에뛰드하우스,e-영업4,1
에르메네질도,e-영업3,1
에밀리오푸치,e-영업3,1
에스더 에크메,e-영업3,1
에스더포뮬러,e-영업4,1
에스에스지피,e-영업4,1
에스케이매직,e-영업4,1
에스피엔케이,e-영업3,1
에이브이86,e-영업3,1
에이비씨마트,e-영업3,1
에이션트 그릭,e-영업3,1
에이에이치씨,e-영업4,1
에이치에스디,e-영업2,1
에이틴에이치,e-영업4,1
에이피알론드,e-영업4,1
엑스아이엑스,e-영업3,1
엔리코 코베리,e-영업4,1
엔젤 알라르콘,e-영업3,1
엔피스튜디오,e-영업3,1
엘렌 트레이시,e-영업4,1
엘엔씨스텐달,e-영업4,1
엘프코스메틱,e-영업4,1
엠리밋 스포츠,e-영업4,1
엠브리올리스,e-영업4,1
엠씨엔스포츠,e-영업4,1
엠아이디자인,e-영업4,1
엠에이치케어,e-영업4,1
연세생활건강,e-영업4,1
예거 르쿨트르,e-영업3,1
예루살렘 샌들,e-영업3,1
예루살렘샌들,e-영업3,1
옐로우나이프,e-영업4,1
옐로우바나나,e-영업4,1
오드스튜디오,e-영업3,2
오들리워크샵,e-영업3,1
오뜨르 뒤 몽드,e-영업3,1
오라 타임피스,e-영업3,1
오로플루이도,e-영업4,1
오리지날 펭귄,e-영업4,1
오리지널로우,e-영업4,1
오미노비앙코,e-영업4,1
오버액션토끼,e-영업3,1
오브이디와이,e-영업3,1
오센틱드레싱,e-영업3,1
오슈디자인스,e-영업3,1
오아이오아이,e-영업3,2
오아이패브릭,e-영업4,1
오에스퍼스트,e-영업4,1
오즈어그웨어,e-영업3,1
오즈웨어어그,e-영업3,1
오차드토이즈,e-영업3,1
오프닝선샤인,e-영업3,1
오프더레코드,e-영업3,1
오피신 제네랄,e-영업1,4
온그리디언츠,e-영업4,1
온종일화롯불,e-영업4,1
올레바 브라운,e-영업3,1
올리버앤카일,e-영업3,1
올리버피플스,e-영업3,1
올리보타페티,e-영업4,1
올리브레이디,e-영업3,1
올리비아 버튼,e-영업3,1
올리비아데코,e-영업4,1
올리비아로렌,e-영업3,2
올리비아바비,e-영업3,1
올리비아버튼,e-영업3,1
올인컴플리트,e-영업3,1
옵스오브젝트,e-영업3,1
와이 프로젝트,e-영업3,1
와이페이모어,e-영업4,1
와이프로젝트,e-영업3,1
요시카와쿠니,e-영업4,1
요지 야마모토,e-영업3,1
요지야마모토,e-영업3,1
우드로하우스,e-영업4,1
우유에 빠지다,e-영업4,1
울지마마이펫,e-영업4,1
울프1834,e-영업3,1
원더월에디션,e-영업3,1
원키친101,e-영업4,1
월드바이오팜,e-영업4,1
웰빙파인더스,e-영업4,1
위시앤징크스,e-영업4,1
위켄드하우스,e-영업4,1
윈느 뉘 노마드,e-영업4,1
윈도우스토리,e-영업4,1
윌리 차바리아,e-영업3,1
유니버셜 웍스,e-영업3,1
유니스디자인,e-영업3,1
유니온스카웃,e-영업3,1
유니폼 브릿지,e-영업3,1
유즈툴컴퍼니,e-영업4,1
이누이 에디션,e-영업3,1
이세이 미야케,e-영업3,2
이세이미아케,e-영업3,1
이세이미야끼,e-영업3,1
이세이미야케,e-영업3,2
이스트빈야드,e-영업3,1
이스트스모크,e-영업4,1
이십삼점육오,e-영업3,1
이엔키 이엔키,e-영업3,1
이오스 트래블,e-영업4,1
이오스테스트,e-영업4,1
이지트래블러,e-영업4,1
이태리인테리,e-영업4,1
인스턴트펑크,e-영업3,1
일렉트로룩스,e-영업4,1
임페리얼모션,e-영업4,1
자로우포뮬러,e-영업4,1
자올 닥터 오더,e-영업4,1
자이언트펭수,e-영업3,1
자크 드 마누어,e-영업3,1
자크마리마지,e-영업3,1
자트인사이트,e-영업4,1
잔느 프로방스,e-영업4,1
장듀보 라귀올,e-영업4,1
장폴 클라리쎄,e-영업3,1
잭니클라우스,e-영업4,1
쟈딕 앤 볼테르,e-영업3,1
쟈딕앤볼테르,e-영업3,1
저스트 카발리,e-영업3,1
전북인삼농협,e-영업4,1
제니스튜디오,e-영업3,1
제니아 테일러,e-영업4,1
제니아테일러,e-영업4,1
제니퍼로페즈,e-영업4,1
제로쓰리투씨,e-영업3,1
제옥스 어패럴,e-영업3,2
제이 린드버그,e-영업3,1
제이린더버그,e-영업3,1
제이린드버그,e-영업3,2
제이마크뉴욕,e-영업3,2
제이미브론즈,e-영업3,2
제이미웨스트,e-영업4,1
제이에스티나,e-영업3,1
제이엠더블유,e-영업4,1
제이엠솔루션,e-영업4,1
제이엠웨스턴,e-영업3,1
제이제이나인,e-영업3,2
제트디스포츠,e-영업4,1
젝시오_유료,e-영업4,1
젝시오_클럽,e-영업4,1
젠틀맨스컨셉,e-영업3,1
조슈아 샌더스,e-영업3,1
조슈아샌더스,e-영업3,1
조지스피리츠,e-영업4,1
존슨즈베이비,e-영업4,1
주디스 레이버,e-영업3,2
주세페자노티,e-영업3,1
준야와타나베,e-영업3,1
준우아웃도어,e-영업4,1
쥬세페자노티,e-영업3,1
지비에이치 홈,e-영업3,2
지세븐스타스,e-영업3,1
지승민의 공기,e-영업4,1
지안비토로시,e-영업3,1
지안비토로씨,e-영업3,1
쯔비벨무스터,e-영업4,1
차마 스포츠 랩,e-영업3,1
챈세스노이 포,e-영업3,1
체스키포슬란,e-영업4,1
초포바 로위나,e-영업3,1
충북인삼농협,e-영업4,1
카를로타 레이,e-영업4,1
카카오프렌즈,e-영업3,5
칼라미티제인,e-영업4,1
캐릭터스타일,e-영업3,1
캐모마일블루,e-영업4,1
캘빈클라인진,e-영업3,1
커먼 프로젝트,e-영업3,1
커먼프로잭트,e-영업3,1
커먼프로젝트,e-영업3,1
커버낫키즈_,e-영업3,1
커스텀멜로우,e-영업3,1
커스텀에이드,e-영업3,1
컴인사이드미,e-영업4,1
케네스레이디,e-영업3,1
케네스콜 뉴욕,e-영업3,1
케네스콜뉴욕,e-영업3,1
케이트서머빌,e-영업4,1
코드 온 캔버스,e-영업3,1
코드글로컬러,e-영업4,1
코비스스포츠,e-영업4,1
코스타베르데,e-영업4,1
코오롱스포츠,e-영업3,2
코튼클라우드,e-영업4,1
코티 에어스펀,e-영업4,1
크래쉬배기지,e-영업3,1
크로켓 앤 존스,e-영업3,1
크리스찬 디올,e-영업3,2
크리스찬디올,e-영업3,2
크리스챤 디올,e-영업4,1
크리스챤모드,e-영업3,1
크리스탈렉스,e-영업4,1
크리스피바바,e-영업4,1
큰바다가구점,e-영업4,1
클라우드살몬,e-영업4,1
클라우드제로,e-영업4,1
클래스 크로운,e-영업4,1
클레어앤에프,e-영업4,1
클린앤클리어,e-영업4,1
키즈아웃도어,e-영업3,1
타이거다즐러,e-영업4,1
타이틀리스트,e-영업3,2
타크트로이메,e-영업3,1
타티 네 쇼콜라,e-영업3,1
타티네쇼콜라,e-영업3,1
테일러메이드,e-영업3,2
토마스 마이어,e-영업3,1
토마스베일리,e-영업3,1
토트넘 홋스퍼,e-영업3,2
트렌드글라스,e-영업4,1
트로픽 오브 씨,e-영업3,1
트리거포인트,e-영업4,1
트리밀데이즈,e-영업4,1
트웰브그랩스,e-영업4,1
티미드프리크,e-영업3,1
티볼리 오디오,e-영업4,1
티아이와이피,e-영업3,2
티에리 뮈글러,e-영업4,1
티에스스포츠,e-영업3,1
티에스에이치,e-영업3,1
파라다이스홈,e-영업4,1
파비아노 리치,e-영업3,1
파스토산티니,e-영업2,1
파올로페코라,e-영업3,1
파이브앤다임,e-영업4,1
파이어메이플,e-영업4,1
패밀리 퍼스트,e-영업3,1
패브릭포터리,e-영업4,1
퍼니처스마트,e-영업4,1
페데리카 토시,e-영업3,1
페라로 밀라노,e-영업3,2
페어리드롭스,e-영업4,1
페이스커넥션,e-영업3,1
페이퍼플레인,e-영업3,2
페프스튜디오,e-영업3,1
펠드메디스파,e-영업4,1
펠드아포테케,e-영업4,1
포레스트에덴,e-영업4,1
포르쉐 디자인,e-영업3,1
포르쉐디자인,e-영업3,1
포르테 쿠튀르,e-영업3,1
포르테 포르테,e-영업3,1
포르테포르테,e-영업1,2
포빠페드레띠,e-영업4,1
포쉬프로젝트,e-영업3,2
포스트제너럴,e-영업4,1
포켓몬코리아,e-영업3,1
폴로 랄프 로렌,e-영업3,1
폴로 랄프로렌,e-영업3,3
폴로랄프로랜,e-영업3,1
폴로랄프로렌,e-영업3,1
푸마 바디웨어,e-영업3,2
풋볼스탠다드,e-영업4,1
퓨어 얼티튜드,e-영업4,1
퓨어캐시미어,e-영업3,1
프라그라소피,e-영업4,1
프랑코페라로,e-영업3,1
프랭키 모렐로,e-영업3,1
프레쉬 라이트,e-영업4,1
프레쉬파인드,e-영업4,1
프렌치럭셔리,e-영업4,1
프로보케이션,e-영업3,1
프로엔자슐러,e-영업3,1
프로젝트 포체,e-영업3,1
프로젝트슬립,e-영업3,2
프로틴플렉스,e-영업4,1
프룻오브더룸,e-영업3,1
프리마클라쎄,e-영업3,1
플라워 마운틴,e-영업3,1
플라이런웨이,e-영업3,1
플란투어 39,e-영업4,1
플란투어21,e-영업4,1
플란투어39,e-영업4,1
플러스에스큐,e-영업3,1
플로레 플로레,e-영업3,1
플리츠 플리즈,e-영업3,1
피디오 클래식,e-영업4,1
피스오프클럽,e-영업3,1
피에르가르뎅,e-영업3,1
피에이치드롭,e-영업4,1
피엑스지클럽,e-영업4,1
피오리 디 세타,e-영업4,1
피오리디세타,e-영업4,1
피지에이투어,e-영업3,2
피큐알라이프,e-영업4,1
피터 젠슨 웨어,e-영업3,1
피티제로우노,e-영업3,1
피파1904,e-영업4,1
필립스 아벤트,e-영업3,1
핑_클럽단품,e-영업4,1
핑크파인애플,e-영업3,1
하뜨하뜨핫팩,e-영업4,1
하루하루 원더,e-영업4,1
하루하루원더,e-영업4,1
하바이아나스,e-영업3,2
하우스레시피,e-영업4,1
하이그라운즈,e-영업4,1
하이드 앤 울프,e-영업4,1
하이코스 퍼퓸,e-영업4,1
한국 디비케이,e-영업4,1
한국금거래소,e-영업3,1
한국인삼공사,e-영업4,1
한미생활건강,e-영업4,1
한미헬스케어,e-영업4,1
한스펩타이드,e-영업4,1
한일스텐레스,e-영업4,1
한지희클래식,e-영업4,1
해브오프듀티,e-영업3,1
향기의 미술관,e-영업4,1
향기의미술관,e-영업4,1
허니아일랜드,e-영업4,1
허니에이프릴,e-영업3,1
헤론 프레스톤,e-영업3,1
헤리티지 리갈,e-영업3,1
헤이마르티니,e-영업3,1
헨리 스튜어트,e-영업4,1
헬렌카민스키,e-영업3,1
호랑이건강원,e-영업4,1
호카 오네오네,e-영업3,1
호카오네오네,e-영업3,2
호텔세리토스,e-영업3,2
홀리넘버세븐,e-영업3,1
홀리카 홀리카,e-영업4,1
홀리카홀리카,e-영업4,1
홀릭앤플레이,e-영업4,1
화이트플레인,e-영업3,1
후이코스메틱,e-영업4,1
휘 드 베르누이,e-영업3,1
히스토로지카,e-영업4,1
134엠엠,e-영업3,1
187라벨,e-영업4,1
21센추리,e-영업4,1
247 서울,e-영업3,1
247서울,e-영업3,1
29데이즈,e-영업4,1
320쇼룸,e-영업3,1
47베이지,e-영업3,1
47브랜드,e-영업3,2
66도30,e-영업4,1
800도씨,e-영업4,1
ASICS,e-영업3,1
BASSO,e-영업3,1
CP컴퍼니,e-영업3,1
Coach,e-영업3,1
NEPA.,e-영업4,1
VENUS,e-영업3,1
가구의가치,e-영업4,1
가렛라이트,e-영업3,1
가스트로박,e-영업4,1
가이타이너,e-영업4,1
건지울른스,e-영업3,1
경동나비엔,e-영업4,1
경희대학교,e-영업4,1
골드 앤 우드,e-영업3,1
골드퍼센트,e-영업3,1
골든매치스,e-영업4,1
골프히어로,e-영업4,1
공간홈데코,e-영업4,1
구린 브로스,e-영업3,1
구아나바나,e-영업3,1
그란데래쉬,e-영업4,1
그래핀텍스,e-영업4,1
그랭드보떼,e-영업3,2
그레이멜린,e-영업4,1
그린루프트,e-영업4,1
글램글로우,e-영업4,1
글루타넥스,e-영업4,1
금동이한복,e-영업3,1
기마구아스,e-영업3,1
기타 브랜드,e-영업3,2
기타브랜드,e-영업3,2
김소형원장,e-영업4,1
까사베르데,e-영업3,2
까사부가티,e-영업4,1
까사소냐르,e-영업4,1
까스따네르,e-영업3,1
까스텔바작,e-영업4,1
깨끗한나라,e-영업4,1
꼬르떼피엘,e-영업3,2
꼴레트멍멍,e-영업4,1
꼼데가르송,e-영업3,2
꽃을 든 남자,e-영업4,1
꽃을든남자,e-영업4,1
꾸띄르헤어,e-영업4,1
나뚜레 도눔,e-영업4,1
나무팩토리,e-영업4,1
나뽀앤네찌,e-영업4,1
나오미 캠벨,e-영업4,1
나이스크랍,e-영업3,2
나이스클랍,e-영업3,1
나이스토이,e-영업3,1
나이젤 카본,e-영업3,1
나이젤카본,e-영업3,1
나이키 스윔,e-영업4,1
나인웨스트,e-영업3,1
나인위시스,e-영업4,1
나타샤 진코,e-영업3,1
나탈리 블랑,e-영업3,1
내추럴키스,e-영업4,1
내츄럴퓨어,e-영업4,1
내츄럴플랜,e-영업4,1
네스티단테,e-영업4,1
네스프레소,e-영업4,1
네이처드림,e-영업4,1
네이쳐리빙,e-영업4,1
네일스네일,e-영업4,1
네츄라 비세,e-영업4,1
네파 이젠벅,e-영업4,1
네파키즈_,e-영업3,1
넷소셜클럽,e-영업3,1
넷플레이즈,e-영업4,1
노르디스크,e-영업4,1
노르딕 캠프,e-영업4,1
노르딕캠프,e-영업4,1
노르딕키친,e-영업4,1
노멀노모어,e-영업4,1
노멘클레쳐,e-영업4,1
노미네이션,e-영업3,1
노스 페이스,e-영업3,1
노스게이트,e-영업3,1
노스페이스,e-영업3,5
노엘로힐스,e-영업4,1
노즈스위퍼,e-영업4,1
녹십자MS,e-영업4,1
녹십자웰빙,e-영업4,1
눈독들이다,e-영업4,1
뉴베리니팅,e-영업3,1
뉴욕꼬맹이,e-영업3,1
뉴트로지나,e-영업4,1
뉴트리커먼,e-영업4,1
니씨프레스,e-영업3,1
니코 지아니,e-영업3,1
다니엘우드,e-영업4,1
다다마특강,e-영업4,1
다이노킹즈,e-영업3,1
다이아윙스,e-영업4,1
다이아피아,e-영업4,1
다이클레즈,e-영업3,1
다인패브릭,e-영업4,1
닥스 손수건,e-영업3,1
닥스 스카프,e-영업3,1
닥스베이비,e-영업3,1
닥터 모리타,e-영업4,1
닥터505,e-영업4,1
닥터그루트,e-영업4,1
닥터라이프,e-영업4,1
닥터레미듀,e-영업4,1
닥터로하스,e-영업4,1
닥터메디션,e-영업4,1
닥터바이오,e-영업4,1
닥터브라운,e-영업4,1
닥터브란트,e-영업4,1
닥터슈라맥,e-영업4,1
닥터스칼프,e-영업4,1
닥터알프리,e-영업4,1
닥터에스리,e-영업4,1
닥터에이지,e-영업4,1
닥터오라클,e-영업4,1
닥터유앤미,e-영업4,1
닥터자르트,e-영업4,1
닥터제이준,e-영업4,1
닥터포헤어,e-영업4,1
닥터프리오,e-영업4,1
닥터플러스,e-영업4,1
닥터하우스,e-영업4,1
닥터하이얀,e-영업4,1
닥터헤디슨,e-영업4,1
달콤한하루,e-영업4,1
달팽이리빙,e-영업4,1
대웅모닝컴,e-영업4,1
대원헬스랩,e-영업4,1
댕댕이가게,e-영업4,1
더 조선호텔,e-영업4,1
더데이걸즈,e-영업3,1
더마센트릭,e-영업4,1
더마퀘스트,e-영업4,1
더마트로지,e-영업4,1
더마트로프,e-영업3,1
더마팩토리,e-영업4,1
더마하우스,e-영업4,1
더말로지카,e-영업4,1
더블앤더블,e-영업4,1
더블유나인,e-영업3,1
더블유티디,e-영업4,1
더블플래그,e-영업1,8
더셀바이오,e-영업4,1
더티 런드리,e-영업4,1
더티런드리,e-영업4,1
더페이스샵,e-영업4,1
데비하우스,e-영업4,1
데오필버톤,e-영업4,1
데이라이프,e-영업3,1
데이멜로우,e-영업4,1
데이빗 베컴,e-영업3,2
데일리스트,e-영업3,1
데일리콤마,e-영업4,1
데일리플랜,e-영업4,1
데코189,e-영업4,1
델라스텔라,e-영업3,1
도기프랜드,e-영업4,1
도나소피아,e-영업3,1
도요람서울,e-영업4,1
독트슈프림,e-영업4,1
돌핀웨이브,e-영업3,1
동아오츠카,e-영업4,1
듀얼브레서,e-영업4,1
듀퐁셔츠_,e-영업3,1
드홀드무슈,e-영업3,1
디디에두보,e-영업3,1
디스커버리,e-영업3,4
디스퀘어드,e-영업3,1
디시즈리얼,e-영업4,1
디쏘에이치,e-영업3,1
디아이블랑,e-영업3,1
디알해리스,e-영업4,1
디앤비모피,e-영업3,1
디어라이프,e-영업3,1
디어밸런스,e-영업3,1
디어베이비,e-영업3,1
디엠씨케이,e-영업4,1
디오디너리,e-영업4,1
디오스피스,e-영업3,1
디원 밀라노,e-영업3,1
디원밀라노,e-영업3,1
디유아모르,e-영업3,1
디자이너스,e-영업4,1
디자인룸즈,e-영업4,1
디자인스킨,e-영업3,2
디제이아이,e-영업4,1
디프로젝트,e-영업4,1
딕 비켐버그,e-영업3,1
딕셔니스트,e-영업4,1
딥인다이브,e-영업3,1
딸리아또레,e-영업3,1
딸리아토레,e-영업3,1
라라포푸리,e-영업4,1
라로슈포제,e-영업4,1
라모드치프,e-영업3,1
라미화장품,e-영업4,1
라밀라네사,e-영업3,1
라반데리나,e-영업4,1
라보에이치,e-영업4,1
라운딩셔츠,e-영업3,1
라움에스알,e-영업4,1
라이스데이,e-영업4,1
라이크리빙,e-영업4,1
라이트웨이,e-영업4,1
라이프로그,e-영업3,2
라이프벤쳐,e-영업4,1
라이프소스,e-영업4,1
라이프워크,e-영업3,2
라이프타임,e-영업4,1
라이프토템,e-영업4,1
라이플로우,e-영업4,1
라이피스트,e-영업4,1
라이헨바흐,e-영업4,1
라인프렌즈,e-영업3,2
라임라이크,e-영업3,1
라자르띠그,e-영업4,1
라프레미디,e-영업3,1
라프시몬스,e-영업3,1
락토바이브,e-영업4,1
락토클리어,e-영업4,1
람보르기니,e-영업4,1
랑베르시오,e-영업3,1
랑팔라투르,e-영업4,1
랑프 베르제,e-영업4,1
래오이경제,e-영업4,1
래피드 래쉬,e-영업4,1
래핑차일드,e-영업3,1
러닝리소스,e-영업3,1
러버메이드,e-영업4,1
럭키브랜드,e-영업3,1
레네레이드,e-영업3,1
레노마 셔츠,e-영업3,1
레노마 의류,e-영업3,1
레노마 정장,e-영업3,1
레노마 타이,e-영업3,1
레노버 레쿠,e-영업4,1
레드페이스,e-영업4,1
레르드사봉,e-영업4,1
레만글라스,e-영업4,1
레몬몬스터,e-영업4,1
레몬앤비커,e-영업4,1
레미제라블,e-영업4,1
레베떼커피,e-영업4,1
레쁘띠한복,e-영업3,1
레스트나인,e-영업4,1
레시피박스,e-영업4,1
레이나 올가,e-영업3,1
레이나퍼퓸,e-영업4,1
레이닌커피,e-영업4,1
레이디가구,e-영업4,1
레이디볼륨,e-영업3,1
레이라이트,e-영업4,1
레이밴테크,e-영업3,1
레이지놈놈,e-영업4,1
레이첼콕스,e-영업3,1
레인메이커,e-영업4,1
레인보우볼,e-영업3,1
레터프롬문,e-영업3,1
레트로핑거,e-영업3,1
레프트서울,e-영업3,1
로그네이처,e-영업4,1
로나머레이,e-영업3,2
로드로아르,e-영업4,1
로라 애슐리,e-영업3,1
로라애슐리,e-영업4,1
로레나카날,e-영업4,1
로레알 파리,e-영업4,1
로레알파리,e-영업4,1
로로 피아나,e-영업3,1
로로피아나,e-영업3,1
로메이키친,e-영업4,1
로보카 폴리,e-영업3,1
로보틱케어,e-영업4,1
로스트가든,e-영업3,1
로시라운지,e-영업4,1
로아드로아,e-영업3,1
로얄 알버트,e-영업4,1
로얄민스터,e-영업4,1
로얄알버트,e-영업4,1
로얄우스터,e-영업4,1
로얄티라인,e-영업4,1
로우 브랜드,e-영업3,1
로우알파인,e-영업4,1
로우퀘스트,e-영업4,1
로우클래식,e-영업3,1
로우타이드,e-영업3,2
로우투로우,e-영업3,1
로이토이즈,e-영업3,1
로저 비비에,e-영업3,1
로저비비에,e-영업3,1
로저앤갈레,e-영업4,1
로저앤갈렛,e-영업4,1
로져 앤 갈렛,e-영업4,1
로코모티브,e-영업3,1
로토토베베,e-영업3,1
로트레쇼즈,e-영업3,1
로트르드민,e-영업3,1
로희어패럴,e-영업3,1
론앤디마리,e-영업4,1
롤랑가로스,e-영업4,1
롤리트롤리,e-영업4,1
롬멜스바흐,e-영업4,1
롯데알미늄,e-영업4,1
롯데헬스원,e-영업4,1
루나스퀘어,e-영업4,1
루나스토리,e-영업3,2
루루기네스,e-영업3,1
루비마스크,e-영업4,1
루이까또즈,e-영업3,2
루이스미샤,e-영업3,2
루이스카딘,e-영업3,1
루이스카렌,e-영업4,1
루이스폴센,e-영업4,1
루츠레서피,e-영업4,1
르 몽드 베릴,e-영업3,1
르 아르베이,e-영업3,1
르네 휘테르,e-영업4,1
르네모리스,e-영업3,1
르네블랑쉬,e-영업4,1
르네하우윈,e-영업3,1
르네휘테르,e-영업4,1
르미에캔들,e-영업4,1
르브아시스,e-영업3,2
르파르멘티,e-영업3,1
르플랑에떼,e-영업4,1
리버클래시,e-영업3,1
리브앤리스,e-영업4,1
리빙 프루프,e-영업4,1
리빙앤트리,e-영업4,1
리빙하우스,e-영업4,1
리아네이처,e-영업4,1
리얼베리어,e-영업4,1
리치파머스,e-영업4,1
리템엘앤씨,e-영업4,1
리틀라이프,e-영업3,1
리틀스텔라,e-영업3,1
리틀클로젯,e-영업3,1
리프레젠트,e-영업3,1
리프리젠트,e-영업3,1
린넨화이트,e-영업4,1
린다페로우,e-영업3,1
마가렛 호웰,e-영업3,1
마뉴엘리츠,e-영업3,1
마뉴팍투라,e-영업4,1
마데카21,e-영업4,1
마레디마리,e-영업3,1
마르마르디,e-영업4,1
마른파이브,e-영업3,2
마리끌레르,e-영업3,2
마리앤모리,e-영업3,1
마마드꽁뜨,e-영업3,1
마스터바니,e-영업4,1
마스터베어,e-영업4,1
마스터셰프,e-영업4,1
마시모두띠,e-영업3,2
마시피렌체,e-영업4,1
마에스트로,e-영업1,5
마운트리버,e-영업4,1
마운틴로버,e-영업4,1
마이달리아,e-영업4,1
마이브렐라,e-영업3,2
마이프랜드,e-영업4,1
마지셔우드,e-영업3,1
마크 벅스톤,e-영업4,1
마크라이든,e-영업3,1
마크앤로나,e-영업3,2
마트라시움,e-영업4,1
마티스파리,e-영업4,1
만다리나 덕,e-영업3,2
만다리나덕,e-영업3,1
맘스네이처,e-영업3,1
매너앤대퍼,e-영업3,2
매드마르스,e-영업3,1
매드포코스,e-영업4,1
매버릭 레더,e-영업3,2
매직에디션,e-영업3,1
맥스스포츠,e-영업4,1
맨사이언스,e-영업4,1
맨온더분.,e-영업3,1
맬린앤게츠,e-영업4,1
머스트바인,e-영업3,1
멀린앤게츠,e-영업4,1
메드모아젤,e-영업3,1
메디쥬얼리,e-영업4,1
메디코사노,e-영업4,1
메디테라피,e-영업4,1
메디프레소,e-영업4,1
메디플라워,e-영업4,1
메르디센트,e-영업4,1
메리모티브,e-영업3,1
메리플래닛,e-영업4,1
메사제리에,e-영업3,1
메이메이즈,e-영업3,1
메이브라운,e-영업4,1
메이븐뮤즈,e-영업3,1
메이저월드,e-영업3,2
메이크프렘,e-영업4,1
메이플라워,e-영업3,1
메인앤테일,e-영업4,1
메조쿤스트,e-영업3,1
메종 키츠네,e-영업3,1
메종드컨셉,e-영업4,1
메종드코튼,e-영업4,1
메종드파리,e-영업4,1
메종베르제,e-영업4,1
메종엘바라,e-영업4,1
메종오브제,e-영업4,1
메종키츠네,e-영업3,2
메트로시티,e-영업3,1
메트르 사보,e-영업4,1
멜로우터치,e-영업4,1
모나스베드,e-영업4,1
모노 디자인,e-영업3,1
모노그래프,e-영업3,1
모니끄미앙,e-영업4,1
모다까리나,e-영업3,1
모던바로크,e-영업4,1
모던하우스,e-영업3,2
모라나이프,e-영업4,1
모로칸오일,e-영업4,1
모서글라스,e-영업4,1
모어댄에잇,e-영업4,1
모어댄엑스,e-영업3,1
모이스올가,e-영업4,1
모조에스핀,e-영업3,1
모피리처드,e-영업4,1
몬스터 파워,e-영업4,1
몰리 고다드,e-영업3,1
몰트보니크,e-영업3,1
몰튼 브라운,e-영업4,1
몰튼브라운,e-영업4,1
몽셰르모이,e-영업3,1
무궁화전자,e-영업4,1
무드그라피,e-영업3,1
문수권세컨,e-영업3,1
물먹는뽀송,e-영업4,1
뮌더에마일,e-영업4,1
미노론조니,e-영업3,1
미니 로디니,e-영업3,1
미니 멜리사,e-영업3,1
미니로디니,e-영업3,2
미니멀웍스,e-영업4,1
미니멜리사,e-영업3,1
미니특공대,e-영업3,1
미라클레어,e-영업4,1
미라클루틴,e-영업4,1
미라클톡스,e-영업4,1
미미로린스,e-영업4,1
미미앤룰라,e-영업3,1
미샤앤퍼프,e-영업3,1
미쉘에블랑,e-영업3,1
미쉘에블린,e-영업3,1
미슈쏘머치,e-영업3,1
미스터매직,e-영업4,1
미스터타임,e-영업3,1
미스티파이,e-영업4,1
미치코런던,e-영업3,1
미케피카부,e-영업4,1
미켈란젤로,e-영업4,1
밀드플레르,e-영업4,1
밀러 해리스,e-영업4,1
밀레클래식,e-영업4,1
밀레피오리,e-영업4,1
밀리언데이,e-영업3,2
밀리언코르,e-영업3,1
밀크바오밥,e-영업3,2
밀크베이비,e-영업3,1
밀크앤허니,e-영업4,1
바나나보트,e-영업4,1
바나나팜스,e-영업3,1
바니쉬먼트,e-영업3,1
바니스뉴욕,e-영업3,1
바디네이처,e-영업4,1
바디스토리,e-영업3,1
바디판타지,e-영업4,1
바비 브라운,e-영업4,1
바비브라운,e-영업4,1
바사삭먹태,e-영업4,1
바우하우스,e-영업4,1
바움앤보겔,e-영업4,1
바이 김희준,e-영업3,1
바이데이지,e-영업3,1
바이바이섭,e-영업3,2
바이브리짓,e-영업3,1
바이오더마,e-영업4,1
바이오메드,e-영업4,1
바이오실크,e-영업4,1
바이오오일,e-영업4,1
바이오클펫,e-영업4,1
바이이에르,e-영업3,1
바이타믹스,e-영업4,1
바이탈뷰티,e-영업4,1
바이탈해빗,e-영업4,1
바이플레이,e-영업4,1
바잘 어패럴,e-영업3,1
박덕근벌꿀,e-영업4,1
박준뷰티랩,e-영업4,1
반데르피게,e-영업4,1
발데사리니,e-영업4,1
발렉스트라,e-영업3,1
발렌시아가,e-영업3,4
발롱드파리,e-영업4,1
발리스틱스,e-영업4,1
밤코스메틱,e-영업4,1
배어트랩스,e-영업3,1
밸런스우드,e-영업3,1
뱅앤올룹슨,e-영업4,1
범블 앤 범블,e-영업4,1
범양글러브,e-영업4,1
베러댄88,e-영업3,2
베르그호프,e-영업4,1
베르데마르,e-영업3,1
베르사체진,e-영업3,1
베르에누아,e-영업3,1
베리데스크,e-영업4,1
베리케이트,e-영업3,1
베리클로젯,e-영업3,1
베베드피노,e-영업3,3
베베트리샤,e-영업3,1
베스띠벨리,e-영업3,1
베스트쇼핑,e-영업3,2
베스트식품,e-영업4,1
베어미네랄,e-영업4,1
베어트랩스,e-영업3,1
베이비맥스,e-영업3,1
베이비바나,e-영업3,1
베이비블리,e-영업3,2
베이비캠프,e-영업3,1
베이비코너,e-영업4,1
베이직가구,e-영업4,1
베이직엘르,e-영업3,1
베지톨로지,e-영업4,1
베티나르디,e-영업4,1
벤 데이비스,e-영업3,1
벤데이비스,e-영업3,2
벤톨레이션,e-영업3,2
벤티 콰트로,e-영업4,1
벨라디터치,e-영업3,1
벨라오로라,e-영업4,1
벨로디네라,e-영업3,2
벨리카가구,e-영업4,1
보그마스크,e-영업4,1
보기보이즈,e-영업4,1
보니스팍스,e-영업3,2
보르미올리,e-영업4,1
보르살리노,e-영업3,1
보야지메종,e-영업4,1
보이스캐디,e-영업4,1
보이즈비트,e-영업3,1
보일 블랑쉐,e-영업3,1
보타닉센스,e-영업4,1
보호노마드,e-영업1,2
볼빅_유료,e-영업4,1
볼빅어패럴,e-영업4,1
부라더미싱,e-영업4,1
부루앤쥬디,e-영업3,1
부보 초콜릿,e-영업4,1
부케가르니,e-영업4,1
부쿠로 혼마,e-영업4,1
뷰어 에끌렛,e-영업3,1
뷰티레시피,e-영업4,1
뷰티포뮬라,e-영업4,1
뷰티풀 스킨,e-영업4,1
뷰포트 런던,e-영업3,1
브라반티아,e-영업4,1
브라이틀링,e-영업3,1
브레넨스툴,e-영업4,1
브로앤팁스,e-영업4,1
브로우엔드,e-영업3,1
브롬톤런던,e-영업3,2
브루노말리,e-영업3,1
브루노바피,e-영업3,2
브리지스톤,e-영업4,1
브릴리언트,e-영업4,1
브릿지스톤,e-영업4,1
브이앤에이,e-영업4,1
브이트웰브,e-영업4,1
블라우풍트,e-영업4,1
블라이코드,e-영업4,1
블랑데보쥬,e-영업4,1
블랙 클로버,e-영업4,1
블랙모어스,e-영업4,1
블랙몬스터,e-영업4,1
블랙블론드,e-영업3,2
블랙앤데커,e-영업4,1
블랙에이드,e-영업3,1
블랙클로버,e-영업4,1
블랭크공삼,e-영업3,1
블랭크브릭,e-영업3,1
블런드스톤,e-영업3,1
블론드나인,e-영업3,1
블루 라운지,e-영업2,2
블루드쇼프,e-영업3,1
블루라운지,e-영업1,2
블루마운틴,e-영업3,2
블루마인드,e-영업4,1
블루밍가든,e-영업4,1
블루밍앤미,e-영업4,1
블루팩토리,e-영업4,1
블룸게이트,e-영업4,1
블리스텍스,e-영업4,1
비 플라스티,e-영업4,1
비건타이거,e-영업3,1
비모토리빙,e-영업4,1
비뮤즈맨션,e-영업3,1
비바클래시,e-영업3,2
비비씨어스,e-영업4,1
비비와이비,e-영업3,1
비비케이트,e-영업3,1
비아셉템버,e-영업3,3
비아인키노,e-영업4,1
비알워터풀,e-영업4,1
비앤비골드,e-영업3,1
비에스래빗,e-영업3,1
비오스칼린,e-영업4,1
비오템 옴므,e-영업4,1
비와이에스,e-영업4,1
비젼글래스,e-영업4,1
비젼나이키,e-영업4,1
비타민마을,e-영업4,1
비타민뱅크,e-영업4,1
비투비월드,e-영업3,2
비티이십일,e-영업4,1
비프로젝트,e-영업4,1
비플라스티,e-영업4,1
빅터 앤 롤프,e-영업3,2
빅터앤롤프,e-영업4,1
빅토리녹스,e-영업4,1
빈스카무토,e-영업4,1
빈스카뮤토,e-영업3,1
빈슨메시프,e-영업4,1
빔바이롤라,e-영업3,2
사이먼 밀러,e-영업3,1
사투르니아,e-영업4,1
산토로런던,e-영업4,1
살롱드루반,e-영업3,1
삶은것처럼,e-영업4,1
삼성플라센,e-영업4,1
새티스파이,e-영업3,1
생활공작소,e-영업4,1
샤를드로앙,e-영업3,1
샤워메이트,e-영업4,1
샬롯 틸버리,e-영업4,1
서울엑센트,e-영업3,1
선크래프트,e-영업4,1
성림아크릴,e-영업4,1
성분에디터,e-영업4,1
성이바이오,e-영업4,1
세라클리닉,e-영업4,1
세르주 루텐,e-영업4,1
세르주루텐,e-영업4,1
세르주르텐,e-영업4,1
세븐라이너,e-영업4,1
세븐에이트,e-영업4,1
세사온라인,e-영업4,1
세이브더덕,e-영업3,1
세이와 프로,e-영업4,1
세이코 알바,e-영업3,1
세이코알바,e-영업3,1
세인트구스,e-영업4,1
세인트나인,e-영업4,1
세인트밀러,e-영업4,1
세인트페인,e-영업3,1
세인트프랑,e-영업4,1
세일레이싱,e-영업4,1
세컨데일리,e-영업3,1
세컨드쉘프,e-영업4,1
센토스피어,e-영업3,1
센트럴리빙,e-영업4,1
셀루이후루,e-영업3,2
셀리테일즈,e-영업3,1
셀코스메트,e-영업4,1
셀프메이드,e-영업3,1
소냐레바이,e-영업4,1
소다스트림,e-영업4,1
소문난패드,e-영업4,1
소울 시즌스,e-영업4,1
소프다호르,e-영업3,1
소프라움앤,e-영업4,1
소프트텍스,e-영업4,1
솔러스에어,e-영업4,1
솔리드옴므,e-영업3,1
쇼트즈위젤,e-영업4,1
수면공학소,e-영업4,1
수앤진골드,e-영업3,1
수잔 카프만,e-영업4,1
숙면연구소,e-영업4,1
순수연구소,e-영업4,1
쉐누아파리,e-영업3,2
쉐우드가구,e-영업4,1
쉬몬브레드,e-영업4,1
쉬엘리사벳,e-영업4,1
슈틸루스터,e-영업4,1
슈퍼글래스,e-영업3,2
슈퍼드라이,e-영업3,1
슈퍼카미트,e-영업3,1
스노우라인,e-영업4,1
스노우버디,e-영업4,1
스노우피크,e-영업3,2
스마트카라,e-영업4,1
스마트케어,e-영업4,1
스매쉬 박스,e-영업4,1
스와니코코,e-영업4,1
스왈로테일,e-영업3,1
스칼프메드,e-영업4,1
스콧 해미쉬,e-영업4,1
스콧해미쉬,e-영업4,1
스퀘어가든,e-영업4,1
스타미디홈,e-영업4,1
스타일러스,e-영업3,1
스타일지음,e-영업4,1
스탠다이얼,e-영업1,2
스테들러폼,e-영업4,1
스테디콤마,e-영업3,1
스테이24,e-영업4,1
스테이시 온,e-영업3,1
스테판조셉,e-영업3,1
스튜디오지,e-영업3,1
스트라이크,e-영업3,1
스트라지아,e-영업3,1
스티브매든,e-영업3,1
스티븐알란,e-영업3,1
스틸라이트,e-영업4,1
스틸시리즈,e-영업4,1
스팀베이스,e-영업4,1
스파이더맨,e-영업4,1
스페이스샾,e-영업4,1
스포메틱스,e-영업4,1
스포츠레디,e-영업4,1
스프링데이,e-영업4,1
스프링코트,e-영업1,2
슬로우포크,e-영업3,1
슬로코스터,e-영업4,1
슬리피슬립,e-영업3,1
슬리피헤드,e-영업3,2
슬립앤슬립,e-영업4,1
시그마뷰티,e-영업4,1
시노글라스,e-영업4,1
시몬느 로샤,e-영업3,1
시크릿데이,e-영업4,1
시크릿쥬쥬,e-영업3,1
시티브리즈,e-영업3,1
시피 컴퍼니,e-영업3,1
시피컴퍼니,e-영업3,1
신세계푸드,e-영업4,1
신시아로리,e-영업3,1
실내화뱅크,e-영업3,2
실버크로스,e-영업3,1
실크테라피,e-영업4,1
심플리잰틀,e-영업4,1
쌍용씨앤비,e-영업4,1
쌤소나이트,e-영업3,1
쌩크로포드,e-영업3,1
써니라이프,e-영업3,2
써머레스트,e-영업4,1
썬글레이드,e-영업3,1
썬앤도터스,e-영업3,1
썸머스이브,e-영업4,1
쎄비앤커키,e-영업4,1
쏭스튜디오,e-영업3,1
씨앤유 투어,e-영업4,1
씨에이치6,e-영업4,1
씨에프씨엘,e-영업3,1
씨유클린업,e-영업4,1
씨지모바일,e-영업4,1
씨케이아이,e-영업4,1
씨피 컴퍼니,e-영업3,1
씨피컴퍼니,e-영업3,1
씨피티에스,e-영업3,2
씨흐 트루동,e-영업4,1
아가31도,e-영업4,1
아노블리어,e-영업3,1
아놀드파마,e-영업3,1
아더월들리,e-영업3,1
아델콰트로,e-영업3,1
아로마로즈,e-영업4,1
아로마센스,e-영업4,1
아로마티카,e-영업4,1
아르떼 레뇨,e-영업4,1
아르떼미데,e-영업4,1
아르떼펠레,e-영업4,1
아르마니 진,e-영업3,1
아르메오디,e-영업3,1
아르테미데,e-영업4,1
아림클로젯,e-영업3,1
아마조나스,e-영업4,1
아모베이비,e-영업4,1
아미 파리스,e-영업3,1
아미노트리,e-영업4,1
아미스포츠,e-영업4,1
아방가드로,e-영업4,1
아베크롬비,e-영업4,1
아브라함문,e-영업3,1
아브만다린,e-영업3,1
아비나펠르,e-영업3,1
아비투먼트,e-영업3,1
아사셀렉션,e-영업4,1
아스토니쉬,e-영업4,1
아시아골드,e-영업3,1
아워 레가시,e-영업3,1
아워글라스,e-영업4,1
아워덴티티,e-영업3,1
아워레가시,e-영업3,1
아워아더스,e-영업3,1
아이노비아,e-영업4,1
아이노헤아,e-영업4,1
아이디인유,e-영업4,1
아이라이크,e-영업4,1
아이비골드,e-영업3,1
아이스샌드,e-영업3,1
아이스워치,e-영업3,1
아이스크림,e-영업3,1
아이스토리,e-영업3,1
아이아쿠아,e-영업4,1
아이엠아이,e-영업3,1
아이잗바바,e-영업3,1
아이제나흐,e-영업4,1
아이젠버그,e-영업4,1
아이크라운,e-영업4,1
아이클레보,e-영업4,1
아임마스크,e-영업4,1
아쿠아주라,e-영업3,1
아쿠아티카,e-영업3,2
아크로패스,e-영업4,1
아크테릭스,e-영업3,2
아키클래식,e-영업3,2
아테스토니,e-영업3,2
아티스티나,e-영업4,1
아파트32,e-영업4,1
안성도자기,e-영업4,1
안티파스티,e-영업3,1
알라바스터,e-영업4,1
알레타샌들,e-영업3,1
알렉산더 왕,e-영업3,1
알렉산더왕,e-영업3,1
알로코리아,e-영업3,2
알리기에리,e-영업3,1
알마카비오,e-영업4,1
알엑스티엔,e-영업4,1
알엔더블유,e-영업4,1
알엔엠에스,e-영업3,1
알타이기어,e-영업4,1
알프레드 성,e-영업4,1
앙크1.5,e-영업3,1
애드마일스,e-영업4,1
애드아보아,e-영업3,1
애비뉴67,e-영업3,1
애스플래폼,e-영업4,1
애프터 라벨,e-영업3,1
애프터라벨,e-영업3,1
애프터식스,e-영업4,1
애플라인드,e-영업4,1
애플스토리,e-영업3,1
애플크럼비,e-영업3,1
액티비타민,e-영업4,1
앤서나인틴,e-영업4,1
앤트레디션,e-영업4,1
앨리스마샤,e-영업3,1
앰플브라운,e-영업4,1
앵글포이즈,e-영업4,1
야옹이맘마,e-영업4,1
양양의농부,e-영업4,1
어나더에이,e-영업3,1
어널로이드,e-영업3,1
어바웃베딩,e-영업4,1
어반 디케이,e-영업4,1
어반돌키스,e-영업4,1
어반드레스,e-영업3,1
어반디케이,e-영업4,1
어반어트리,e-영업4,1
어반에이지,e-영업3,2
언더베이스,e-영업3,1
언더컨트롤,e-영업3,1
얼라이브즈,e-영업4,1
엄마의리뷰,e-영업4,1
에고이스트,e-영업3,1
에꼴드파리,e-영업3,1
에디파이어,e-영업4,1
에르고포크,e-영업3,2
에르고휴먼,e-영업4,1
에릭자비츠,e-영업3,1
에버라스트,e-영업3,2
에버비키니,e-영업4,1
에버콜라겐,e-영업4,1
에비씨마트,e-영업3,2
에비에프지,e-영업3,2
에스라아서,e-영업3,1
에스알삼공,e-영업4,1
에스에프씨,e-영업4,1
에스엔스킨,e-영업4,1
에스엔에프,e-영업4,1
에스엠에이,e-영업3,1
에스엠케이,e-영업4,1
에스케이투,e-영업4,1
에스콰이아,e-영업3,1
에스콰이어,e-영업3,1
에스쿠다마,e-영업3,2
에스투엔디,e-영업4,1
에스티 듀퐁,e-영업3,1
에스티듀퐁,e-영업3,2
에스티로더,e-영업4,1
에스파이벗,e-영업3,1
에스피피씨,e-영업4,1
에어데이즈,e-영업4,1
에어메이드,e-영업4,1
에오스보떼,e-영업4,1
에이비비알,e-영업3,1
에이비씨덤,e-영업4,1
에이솔루션,e-영업4,1
에이전트픽,e-영업3,1
에이지도르,e-영업3,1
에이지케이,e-영업4,1
에이치비비,e-영업4,1
에이치앤엠,e-영업3,2
에이클라운,e-영업3,1
에이티피코,e-영업3,1
에이푼토비,e-영업3,1
에이프릴홈,e-영업4,1
에잇아워즈,e-영업3,1
에코_무료,e-영업4,1
에코_유료,e-영업4,1
에코트렌드,e-영업4,1
에코플로우,e-영업4,1
에코후레쉬,e-영업4,1
에페이오스,e-영업4,1
에프아이티,e-영업3,1
에프이26,e-영업4,1
에프플로우,e-영업4,1
엑셀시오르,e-영업3,2
엑스니힐로,e-영업4,1
엑스비앙스,e-영업4,1
엑스티아이,e-영업3,1
엑시스와이,e-영업4,1
엔비피시스,e-영업4,1
엔아이아이,e-영업3,2
엘더블유엘,e-영업3,1
엘라다이닝,e-영업4,1
엘라루이스,e-영업3,1
엘레나하임,e-영업4,1
엘렌쥬얼리,e-영업3,1
엘르 스포츠,e-영업4,1
엘리고랩스,e-영업3,1
엘바테게브,e-영업3,1
엘에스에이,e-영업4,1
엘에프푸드,e-영업4,1
엘지 프라엘,e-영업4,1
엘프슈타펠,e-영업4,1
엘피지에이,e-영업4,1
엠더블유씨,e-영업3,1
엠디638,e-영업4,1
엠머스타쉬,e-영업3,1
엠씨엔피싱,e-영업4,1
엠에스아이,e-영업4,1
엠에스월드,e-영업4,1
엠에스지엠,e-영업3,3
엠에프엔티,e-영업3,1
엠유스포츠,e-영업4,1
여주세라믹,e-영업4,1
예고은 삼베,e-영업4,1
예시카쿠너,e-영업3,1
예작셔츠_,e-영업3,1
옐로우스톤,e-영업3,1
오가니스트,e-영업4,1
오닐웻슈트,e-영업4,1
오로라월드,e-영업3,1
오로비앙코,e-영업3,1
오르치아니,e-영업3,1
오리지니크,e-영업4,1
오메가아트,e-영업3,1
오모로비짜,e-영업4,1
오부자 유기,e-영업4,1
오브베이스,e-영업4,1
오브젝트랩,e-영업4,1
오션글라스,e-영업4,1
오션스카이,e-영업3,1
오스본가구,e-영업4,1
오스트리야,e-영업3,1
오슬로리빙,e-영업4,1
오어슬로우,e-영업3,1
오터스마켓,e-영업4,1
오투에니원,e-영업4,1
오프와이트,e-영업3,1
오프화이트,e-영업3,1
온도아리아,e-영업4,1
온유바이오,e-영업4,1
올가플러스,e-영업4,1
올뉴프레임,e-영업3,2
올댓포스터,e-영업4,1
올드네이비,e-영업3,1
올라베이비,e-영업3,1
올라플렉스,e-영업4,1
올리고더미,e-영업4,1
올리비아비,e-영업3,1
올쏘퍼니처,e-영업4,1
올앤선드리,e-영업3,1
올즙 건강즙,e-영업4,1
옴므플리쎄,e-영업3,1
옵토디자인,e-영업4,1
와사비네코,e-영업4,1
와이드앵글,e-영업4,1
와일드 동키,e-영업3,1
와일드동키,e-영업3,1
요넥스_풀,e-영업4,1
요시다 포터,e-영업3,1
욕실의여왕,e-영업4,1
우드올렌스,e-영업4,1
울트라브이,e-영업4,1
울트라토닝,e-영업4,1
울티마도쿄,e-영업3,1
울프라운치,e-영업4,1
워크와디그,e-영업4,1
워터프론트,e-영업3,1
원더스토어,e-영업3,2
원미닛네일,e-영업4,1
원스프라임,e-영업4,1
원티그리스,e-영업4,1
원헌드레드,e-영업3,1
월드컵토이,e-영업3,1
월트디즈니,e-영업3,1
웨스트우드,e-영업4,1
웨스트프롬,e-영업4,1
웨이브위시,e-영업4,1
웨일스보너,e-영업3,1
웨일즈 보너,e-영업3,1
웨트러스트,e-영업4,1
위너스피릿,e-영업4,1
위드오가닉,e-영업3,1
윌(싱글),e-영업4,1
유니베르소,e-영업4,1
유니어패럴,e-영업3,1
유니온로우,e-영업3,1
유니크에픽,e-영업4,1
유니프레임,e-영업4,1
유라이크왓,e-영업4,1
유비세이프,e-영업4,1
유씨 버클리,e-영업3,1
유알에이치,e-영업3,1
유얼어데이,e-영업4,1
유이앤루이,e-영업3,1
이글메이트,e-영업4,1
이글아이드,e-영업4,1
이네스바이,e-영업3,1
이노크아든,e-영업4,1
이노페이스,e-영업4,1
이녹스프랑,e-영업4,1
이니스프리,e-영업4,1
이브 살로몬,e-영업3,1
이브살로몬,e-영업3,1
이비블렌더,e-영업4,1
이사벨라지,e-영업3,1
이스탠다드,e-영업4,1
이십일미터,e-영업4,1
이십칠와이,e-영업3,1
이에르 로르,e-영업3,1
이에이세븐,e-영업3,1
이자벨 마랑,e-영업3,1
이자벨마랑,e-영업1,9
이제이노리,e-영업3,1
이즈앤트리,e-영업4,1
이지스피릿,e-영업3,1
이첸도르프,e-영업4,1
이태리 로시,e-영업4,1
인디고뱅크,e-영업3,1
인비지보블,e-영업4,1
인터네스트,e-영업4,1
인테리어스,e-영업4,1
인티메이트,e-영업4,1
일렉트로지,e-영업4,1
잇츠 어 10,e-영업4,1
잇츠러블리,e-영업3,1
자빈드서울,e-영업4,1
자이언트펭,e-영업4,1
장 폴 고티에,e-영업4,1
장수돌침대,e-영업4,1
장폴고티에,e-영업3,2
잼 홈메이드,e-영업3,1
쟈니마르켈,e-영업4,1
저스틴23,e-영업3,1
제니하우스,e-영업4,1
제로라운지,e-영업3,1
제로스트릿,e-영업3,1
제로캐리어,e-영업3,1
제시포터리,e-영업4,1
제이드요가,e-영업4,1
제이디엑스,e-영업4,1
제이리시안,e-영업3,1
제이미원더,e-영업3,1
제이베럴즈,e-영업4,1
제이브이알,e-영업4,1
제이비제이,e-영업4,1
제이앤데코,e-영업4,1
제이앤제이,e-영업4,1
제이에스지,e-영업3,2
제이코스튬,e-영업3,1
제이투엠투,e-영업4,1
제임스펄스,e-영업3,1
제주삼다수,e-영업4,1
젠틀몬스터,e-영업3,1
조르쥬레쉬,e-영업3,1
조성아 22,e-영업4,1
조성아22,e-영업4,1
조성아뷰티,e-영업4,1
조성아티엠,e-영업4,1
조은팩토리,e-영업4,1
조이앤율리,e-영업4,1
조이키즈샵,e-영업3,1
조조팩토리,e-영업3,1
조지가스파,e-영업3,1
존 바바토스,e-영업4,1
존 스메들리,e-영업3,1
존리치몬드,e-영업3,1
존바바토스,e-영업4,1
존슨앤존슨,e-영업4,1
종근당건강,e-영업4,1
주니보이즈,e-영업3,1
주부디자인,e-영업4,1
쥐씨 녹십자,e-영업4,1
쥬시꾸뛰르,e-영업3,2
지마구아스,e-영업3,1
지베네딕트,e-영업4,1
지브이투어,e-영업4,1
지비에이치,e-영업3,2
지스튜디오,e-영업3,1
지씨디에스,e-영업3,2
지아니루포,e-영업3,2
지오송지오,e-영업3,1
지오스피릿,e-영업3,1
지온컴퍼니,e-영업4,1
지지피엑스,e-영업3,1
지피포우즈,e-영업4,1
질스튜어트,e-영업1,10
착한빵수니,e-영업4,1
찰스퍼니처,e-영업4,1
참조은머드,e-영업4,1
참존화장품,e-영업4,1
참좋은간식,e-영업4,1
챈세스노이,e-영업3,1
챠로 루이스,e-영업3,1
천삼백케이,e-영업3,2
천호엔케어,e-영업4,1
청담스타일,e-영업4,1
청소연구소,e-영업4,1
청호나이스,e-영업4,1
체이싱래빗,e-영업4,1
체이싱레빗,e-영업4,1
초딩하우스,e-영업3,1
촉촉이모래,e-영업3,1
춤추는고래,e-영업4,1
치에 미하라,e-영업3,1
치카이치코,e-영업4,1
카고브로스,e-영업3,1
카네브로스,e-영업3,1
카림라시드,e-영업3,1
카모메키친,e-영업4,1
카밀리안트,e-영업3,1
카사블랑카,e-영업3,1
카이아크만,e-영업4,1
카인드베리,e-영업3,2
카프리블루,e-영업4,1
칼 라거펠트,e-영업3,2
칼라거펠트,e-영업3,1
캄모멘트리,e-영업4,1
캐나다구스,e-영업3,1
캐롤프랑크,e-영업4,1
캐리스노트,e-영업3,1
캐스키드슨,e-영업3,1
캐치티니핑,e-영업3,2
캐피디자인,e-영업3,1
캘빈 클라인,e-영업4,1
캘빈클라인,e-영업3,7
캡틴 선샤인,e-영업3,1
캡틴선샤인,e-영업3,1
캣트럴파크,e-영업4,1
커넥토리얼,e-영업4,1
커넥트킨록,e-영업3,1
커먼브렐라,e-영업3,1
커먼하우스,e-영업4,1
커트가이거,e-영업3,1
컨텐트먼트,e-영업3,1
컬러네이처,e-영업4,1
컬트 가이아,e-영업3,1
케라스타즈,e-영업4,1
케리제이드,e-영업3,1
케빈 어코인,e-영업4,1
케어포인트,e-영업4,1
케이드코코,e-영업3,1
케이스로직,e-영업3,2
케이스위스,e-영업3,2
케이원큐어,e-영업4,1
케이일일오,e-영업3,1
케이제이씨,e-영업3,1
케이제이피,e-영업4,1
켄트브러쉬,e-영업4,1
켈러브러쉬,e-영업4,1
켈리도나휴,e-영업3,1
켈빈클라인,e-영업3,2
코닥 캐리어,e-영업3,1
코드그라피,e-영업3,1
코드오브벨,e-영업3,1
코디갤러리,e-영업3,1
코랄 헤이즈,e-영업4,1
코랄헤이즈,e-영업4,1
코스메딕스,e-영업4,1
코스메이트,e-영업4,1
코스타노바,e-영업4,1
코오롱제약,e-영업4,1
코지네스트,e-영업4,1
코코로박스,e-영업3,2
코튼플러스,e-영업4,1
콜라보토리,e-영업3,1
콜시 살로메,e-영업4,1
콤 스튜디오,e-영업3,1
콩제슬래드,e-영업3,1
콩제슬레드,e-영업3,1
쿠라코마에,e-영업4,1
쿠쿠수제뜨,e-영업3,1
쿠키하우스,e-영업3,2
큐나플러스,e-영업4,1
크라운구스,e-영업4,1
크라운포드,e-영업4,1
크라임런던,e-영업3,1
크레므앙팡,e-영업3,1
크레이지비,e-영업4,1
크로스엑스,e-영업4,1
크로우캐년,e-영업3,2
크로커다일,e-영업3,2
크루치아니,e-영업3,1
크리브나인,e-영업4,1
크리스조이,e-영업3,1
크리스탈샵,e-영업3,1
크리스테마,e-영업4,1
크림슨트리,e-영업4,1
클라르하임,e-영업4,1
클라쎄14,e-영업3,1
클라쎄오토,e-영업4,1
클라터뮤젠,e-영업3,2
클래식월드,e-영업3,1
클럽 모나코,e-영업3,1
클레버필드,e-영업4,1
클리브랜드,e-영업4,2
클립스어반,e-영업3,1
키스포 걸스,e-영업3,1
키아라보니,e-영업3,1
키움하우스,e-영업3,1
키위글로우,e-영업4,1
키즈발레몰,e-영업3,1
키처스18,e-영업4,1
키친에이드,e-영업4,1
키친플라워,e-영업4,1
키키스토리,e-영업3,1
키튼브릿지,e-영업3,1
킨더스 코너,e-영업3,1
킨더스코너,e-영업3,1
타리 마코이,e-영업3,1
타미 힐피거,e-영업3,1
타미힐피거,e-영업3,5
타이니코튼,e-영업3,1
타임앤러버,e-영업3,1
타치클로징,e-영업3,1
태그 호이어,e-영업3,1
태그호이어,e-영업3,1
테드베이커,e-영업3,1
테라브러시,e-영업4,1
테라브레스,e-영업4,1
테라비코스,e-영업4,1
테리스페셜,e-영업4,1
테이블도트,e-영업4,1
테이크이지,e-영업3,1
테일러센츠,e-영업4,1
텐꼬르소모,e-영업3,1
텐블레이드,e-영업3,1
텐카베스트,e-영업4,1
템퍼레이트,e-영업3,1
토니로렌스,e-영업3,1
토도리브로,e-영업3,1
토마스켄트,e-영업4,1
토이마스터,e-영업3,1
토이스타일,e-영업3,1
토토헤로스,e-영업3,1
투쿨포스쿨,e-영업4,1
투타임즈유,e-영업4,1
투플레이스,e-영업4,1
툴룬즈브릭,e-영업3,1
튜튜드몽드,e-영업3,1
트라마로사,e-영업3,1
트라몬티나,e-영업4,1
트라이앵글,e-영업4,1
트라이엄프,e-영업3,1
트래드후스,e-영업3,1
트래블폭스,e-영업3,1
트랙스미스,e-영업3,1
트레블러스,e-영업3,1
트로앤토프,e-영업3,1
트로엔토프,e-영업3,1
트루릴리전,e-영업3,1
트루릴리젼,e-영업3,1
트루바두르,e-영업3,1
트루사르디,e-영업3,2
트루핏 앤 힐,e-영업4,1
트리플에이,e-영업4,1
트위그뉴욕,e-영업4,1
티더블유지,e-영업4,1
티떠블유엔,e-영업3,1
티브이에스,e-영업4,1
티씨100,e-영업4,1
티아이포맨,e-영업3,1
티에스 샴푸,e-영업4,1
티에스샴푸,e-영업4,1
티켓투더문,e-영업3,1
티톤 브로스,e-영업1,2
티티에이티,e-영업4,1
티파니 앤코,e-영업3,2
티파니앤코,e-영업3,3
틸아이다이,e-영업3,2
팁 토이 조이,e-영업3,1
팁토이조이,e-영업3,1
파라점퍼스,e-영업3,1
파렌하이트,e-영업3,2
파르아비옹,e-영업3,1
파리게이츠,e-영업4,1
파리텍사스,e-영업3,1
파스코로젠,e-영업3,1
파이오니아,e-영업4,1
파이콜로지,e-영업4,1
파인드칠린,e-영업3,2
파타고니아,e-영업3,2
파파멜로우,e-영업4,1
파파스터프,e-영업3,1
파파야골드,e-영업4,1
팔켄포젤란,e-영업4,1
팜스프링스,e-영업4,1
패리스힐튼,e-영업4,1
퍼니메이드,e-영업4,1
퍼스트앤티,e-영업4,1
퍼스피렉스,e-영업4,1
퍼지브러쉬,e-영업4,1
퍼펙트스킨,e-영업4,1
퍼퓸 드 말리,e-영업4,1
퍼퓸갤러리,e-영업4,1
퍼피갤러리,e-영업4,1
퍼피프랜드,e-영업4,1
펄퓸 디 말리,e-영업4,1
펑키허스크,e-영업3,1
페니스칼란,e-영업3,1
페레드페리,e-영업4,1
페리엘리스,e-영업3,2
페어라이어,e-영업4,1
페이퍼보이,e-영업3,1
페이퍼앤티,e-영업4,1
페탈리캔들,e-영업4,1
페트로막스,e-영업4,1
페퍼시즈닝,e-영업3,1
펜슬하우스,e-영업4,1
펜할리곤스,e-영업4,1
펠체아주라,e-영업4,1
포그마스터,e-영업4,1
포더쓰리스,e-영업4,1
포러브낸시,e-영업3,1
포레스트뉴,e-영업4,1
포멜카멜레,e-영업3,1
포비앤케이,e-영업4,1
포스카리니,e-영업4,1
포시즌데코,e-영업4,1
포에버21,e-영업3,1
포인터 웍스,e-영업3,1
포인터웍스,e-영업3,1
포커스인샵,e-영업4,1
포켓몬스터,e-영업3,2
포트메리온,e-영업3,2
포티세컨드,e-영업3,1
폭스라이더,e-영업4,1
폰네크리스,e-영업4,1
폴라로이드,e-영업3,1
폴러스터프,e-영업4,1
푸드어홀릭,e-영업4,1
풀무원 생수,e-영업4,1
풀빅바이오,e-영업4,1
풋풋아동화,e-영업3,1
퓨리라이프,e-영업4,1
퓨어메이트,e-영업4,1
퓨처레트로,e-영업4,1
프라고나르,e-영업4,1
프라다 뷰티,e-영업4,1
프라우니스,e-영업4,1
프라이노크,e-영업3,1
프라임행거,e-영업4,1
프라젠트라,e-영업4,1
프랜치캣_,e-영업3,1
프레데릭 말,e-영업4,1
프레드 페리,e-영업3,2
프레드릭엠,e-영업4,1
프레드페리,e-영업3,2
프레셔스캣,e-영업4,1
프레임 데님,e-영업3,1
프렌치캣_,e-영업3,1
프로드셔츠,e-영업3,1
프로레나타,e-영업4,1
프로셔니스,e-영업4,1
프로스펙스,e-영업3,3
프로월드컵,e-영업3,3
프로포제트,e-영업4,1
프로푸워모,e-영업3,1
프론투라인,e-영업3,2
프롬더스킨,e-영업4,1
프롬에이치,e-영업4,1
프롬초이스,e-영업3,1
프리고네로,e-영업3,1
프리그데이,e-영업4,1
프리그리드,e-영업4,1
프리락토스,e-영업4,1
프리미아타,e-영업1,3
프리바토우,e-영업4,1
프리프리스,e-영업3,1
프린트스타,e-영업3,1
프뮤아무르,e-영업3,1
플라레세타,e-영업4,1
플래닛서프,e-영업4,1
플랜토이즈,e-영업3,1
플러스에어,e-영업4,1
플레오맥스,e-영업4,1
플레이맥스,e-영업3,1
플레이보이,e-영업4,1
플레이텍스,e-영업3,1
플리츠마마,e-영업3,1
플젠하우스,e-영업4,1
피네플리츠,e-영업3,1
피디파올라,e-영업3,1
피버365,e-영업4,1
피비 파일로,e-영업3,1
피스메이커,e-영업3,1
피스케이터,e-영업3,1
피스코리아,e-영업4,1
피아이지씨,e-영업4,1
피어오브갓,e-영업3,1
피에르 하디,e-영업3,1
피이네이션,e-영업3,1
피지오더미,e-영업4,1
피카소타일,e-영업3,1
피콜리노스,e-영업3,1
피터앤메이,e-영업3,1
피티 토리노,e-영업3,1
피플스워크,e-영업3,1
필로비스놑,e-영업3,1
필립 스포츠,e-영업3,1
필립 킹슬리,e-영업4,1
필립플레인,e-영업3,3
핏터레스트,e-영업4,1
핑크드래곤,e-영업3,1
하그로프스,e-영업3,1
하리쥬얼리,e-영업3,1
하림펫푸드,e-영업4,1
하우스플랜,e-영업4,1
하이드로겐,e-영업3,2
하이드로마,e-영업4,1
하이드아웃,e-영업3,2
하이드앤잭,e-영업3,1
하이베이비,e-영업3,1
하이시에라,e-영업3,1
하임플래닛,e-영업4,1
학산코믹스,e-영업4,1
한국도자기,e-영업4,1
한샘엠시스,e-영업4,1
한일의료기,e-영업4,1
해리메이슨,e-영업3,1
해밀턴비치,e-영업4,1
해브 헤지스,e-영업1,1
해피프린스,e-영업3,1
허그플러스,e-영업3,1
허티프렌즈,e-영업3,1
헤드스파7,e-영업4,1
헤드앤숄더,e-영업4,1
헤어버스트,e-영업4,1
헤이네이처,e-영업4,1
헤이브릴랑,e-영업4,1
헤일리가구,e-영업4,1
헨리베글린,e-영업3,1
헬로미니미,e-영업3,2
헬름스테트,e-영업3,1
혼마_유료,e-영업4,1
홀리데이즈,e-영업4,1
홀츠베일러,e-영업3,1
홈바이템퍼,e-영업4,1
홈앤하우스,e-영업4,1
홉티미스트,e-영업4,1
화이트 숄더,e-영업4,1
화이트블룸,e-영업4,1
화이트샌즈,e-영업3,1
화이트크린,e-영업4,1
후미토 간류,e-영업3,1
후첸로이터,e-영업4,1
휠라키즈_,e-영업3,1
휴고프로쉬,e-영업4,1
휴먼메이드,e-영업3,1
휴먼스케일,e-영업4,1
히스 헤지스,e-영업1,3
히얼아이엠,e-영업3,1
히토미 혼마,e-영업4,1
힐레베르그,e-영업4,1
2080,e-영업4,1
24그램,e-영업4,1
24보틀,e-영업4,1
3초습관,e-영업4,1
4711,e-영업4,1
4몬스터,e-영업3,2
6397,e-영업2,1
69슬램,e-영업3,2
9.81,e-영업3,1
BCBG,e-영업3,1
DKNY,e-영업3,1
FILA,e-영업3,1
LG전자,e-영업4,1
LINE,e-영업3,1
NIKE,e-영업3,1
OYOY,e-영업4,1
SOUP,e-영업3,1
TEN C,e-영업3,1
TS샴푸,e-영업4,1
UCLA,e-영업3,2
UGG®,e-영업3,1
Vans,e-영업3,1
ZARA,e-영업3,1
iggo,e-영업3,1
가넷옴므,e-영업3,1
가루미인,e-영업4,1
가르니에,e-영업4,1
가방클럽,e-영업3,1
가인비책,e-영업4,1
갈라토닉,e-영업4,1
개성공방,e-영업4,1
갤러리 댑,e-영업3,1
갤빈그린,e-영업4,1
게라디니,e-영업3,1
경남제약,e-영업4,1
경주생약,e-영업4,1
고려홍삼,e-영업4,1
고사리손,e-영업4,1
고사리숲,e-영업4,1
고세제화,e-영업3,1
고스피어,e-영업4,1
고운머리,e-영업4,1
고티바쉬,e-영업3,1
골드구스,e-영업3,1
골드로니,e-영업4,1
골드모아,e-영업3,1
골든구스,e-영업3,2
골든베어,e-영업3,2
골프버디,e-영업4,1
공간주방,e-영업4,1
공감위주,e-영업3,2
공공공일,e-영업4,1
과일나라,e-영업4,1
광동제약,e-영업4,1
광명유기,e-영업4,1
구딸 파리,e-영업4,1
구딸파리,e-영업4,1
구스앤홈,e-영업4,1
구포국수,e-영업4,1
굿즈트리,e-영업4,1
굿토드즈,e-영업3,1
굿프랜드,e-영업4,1
궁중비책,e-영업4,1
귀뚜라미,e-영업4,1
그라미치,e-영업3,2
그라비씬,e-영업3,1
그라운즈,e-영업3,1
그라함스,e-영업4,1
그란사소,e-영업3,1
그레고리,e-영업3,2
그렉노먼,e-영업4,1
그렉앤코,e-영업3,1
그로바나,e-영업3,1
그리너리,e-영업3,2
그린리프,e-영업4,1
그린비타,e-영업4,1
그린펌프,e-영업4,1
그린핑거,e-영업3,2
글라스락,e-영업4,1
글라이신,e-영업3,1
글램폭스,e-영업4,1
글렌뮤어,e-영업4,1
글렌캐런,e-영업4,1
글로버올,e-영업3,1
글루바인,e-영업4,1
글리스커,e-영업4,1
금강제화,e-영업3,2
기라로쉬,e-영업3,2
긴노스푼,e-영업4,1
김소형 풀,e-영업4,1
김소형풀,e-영업4,1
깅엄버스,e-영업3,1
까르띠에,e-영업3,2
까르투하,e-영업4,1
까말돌리,e-영업4,1
까사골드,e-영업3,1
까사마루,e-영업4,1
까사몬타,e-영업3,2
까사무띠,e-영업4,1
까사미아,e-영업4,1
까사밀라,e-영업4,1
깨끗하개,e-영업4,1
꼬떼씨엘,e-영업3,1
꼬마친구,e-영업3,1
꼬메모이,e-영업3,1
꼴레꼴레,e-영업3,1
꼴레지앙,e-영업3,1
끌레드벨,e-영업4,1
끌레드뽀,e-영업4,1
끌레제리,e-영업3,1
끌림글램,e-영업4,1
나나미카,e-영업3,1
나노리프,e-영업4,1
나누슈카,e-영업3,1
나드파리,e-영업3,1
나떼쌍스,e-영업4,1
나르시소,e-영업4,1
나리히라,e-영업4,1
나블러스,e-영업4,1
나소마토,e-영업4,1
나어릴때,e-영업4,1
나오테크,e-영업4,1
나우푸드,e-영업4,1
나이몰리,e-영업4,1
나인스텝,e-영업3,2
나인웨어,e-영업4,1
나툴리크,e-영업4,1
나트리스,e-영업4,1
나흐트만,e-영업4,1
낫뉴트럴,e-영업4,1
넘버21,e-영업3,1
네스티킥,e-영업3,1
네오플램,e-영업4,1
네이센트,e-영업4,1
네이쳐스,e-영업4,1
네일매드,e-영업4,1
네츄럴오,e-영업4,1
넥스브로,e-영업4,1
넥스트큐,e-영업4,1
노다호로,e-영업4,1
노르디쿡,e-영업4,1
노리다케,e-영업4,1
노바리빙,e-영업4,1
노스피크,e-영업4,1
노앤뮤트,e-영업3,1
노운베러,e-영업3,1
노이어 포,e-영업3,1
노이커먼,e-영업3,1
논서비스,e-영업3,1
누들 앤 부,e-영업4,1
누비지오,e-영업4,1
누스미크,e-영업3,1
누텍스처,e-영업4,1
뉴네이처,e-영업4,1
뉴메이슨,e-영업4,1
뉴발란스,e-영업3,7
뉴웨이브,e-영업4,1
뉴트리나,e-영업4,1
뉴트리오,e-영업4,1
뉴트리원,e-영업4,1
니나난나,e-영업3,1
니나리치,e-영업3,2
니나실크,e-영업4,1
니뜰리히,e-영업4,1
니커보커,e-영업3,2
닉앤니콜,e-영업3,2
닐리 로탄,e-영업3,1
다미아니,e-영업3,1
다비네스,e-영업4,1
다비도프,e-영업4,1
다온아토,e-영업3,2
다운뱅크,e-영업4,1
다이나핏,e-영업4,1
다이아린,e-영업4,1
다카히로,e-영업4,1
닥스 리틀,e-영업3,1
닥스 셔츠,e-영업3,1
닥스 수건,e-영업4,1
닥스 양말,e-영업3,1
닥스 장갑,e-영업3,1
닥스 침구,e-영업4,1
닥스런던,e-영업1,4
닥스리틀,e-영업3,1
닥스셔츠,e-영업3,1
닥스양말,e-영업3,1
닥터 세바,e-영업4,1
닥터 아토,e-영업3,2
닥터뉴엘,e-영업4,1
닥터도비,e-영업4,1
닥터락토,e-영업4,1
닥터마틴,e-영업3,2
닥터벨타,e-영업4,1
닥터볼프,e-영업4,1
닥터스킨,e-영업4,1
닥터시드,e-영업4,1
닥터씨유,e-영업4,1
닥터올가,e-영업4,1
닥터원더,e-영업4,1
닥터카본,e-영업4,1
닥터캠프,e-영업4,1
닥터케어,e-영업4,1
닥터클린,e-영업4,1
닥터키노,e-영업4,1
닥터틸즈,e-영업4,1
닥터팁스,e-영업4,1
닥터파베,e-영업4,1
닥터펩티,e-영업4,1
닥터포포,e-영업4,1
단순생활,e-영업3,2
달코미코,e-영업3,1
닷드랍스,e-영업2,1
대동모피,e-영업3,1
대성쎌틱,e-영업4,1
대원제약,e-영업4,1
대한민국,e-영업3,2
댄싱웨일,e-영업4,1
더 브릿지,e-영업3,1
더가먼츠,e-영업3,1
더그린랩,e-영업3,1
더데이걸,e-영업3,2
더레노마,e-영업3,1
더레이블,e-영업3,1
더마라인,e-영업4,1
더마셀라,e-영업4,1
더마쉐어,e-영업4,1
더마토리,e-영업4,1
더마토브,e-영업4,1
더마픽스,e-영업4,1
더마허브,e-영업4,1
더메이크,e-영업4,1
더모아레,e-영업3,1
더모티브,e-영업4,1
더미코스,e-영업4,1
더바디샵,e-영업4,1
더버한일,e-영업4,1
더베리에,e-영업3,1
더브라운,e-영업3,1
더블 데어,e-영업4,1
더블알엘,e-영업3,1
더블쿼츠,e-영업3,1
더블하트,e-영업3,2
더스킨랩,e-영업4,1
더시크릿,e-영업3,1
더애쉴린,e-영업3,1
더예 한복,e-영업3,1
더예한복,e-영업3,1
더코이즈,e-영업4,1
더티 웍스,e-영업4,1
더포션스,e-영업4,1
덕다이브,e-영업3,1
덕하우스,e-영업4,1
데메테르,e-영업4,1
데미플로,e-영업4,1
데비웨어,e-영업4,1
데스트리,e-영업3,1
데시구알,e-영업3,1
데시구엘,e-영업3,1
데쌍브르,e-영업4,1
데이니즈,e-영업4,1
데이비드,e-영업4,1
데이슬립,e-영업4,1
데이워크,e-영업3,1
데이위드,e-영업4,1
데이즈온,e-영업4,1
데이지크,e-영업4,1
데일리슈,e-영업3,1
데일리팜,e-영업4,1
데코라인,e-영업4,1
데코아르,e-영업4,1
덴탈케어,e-영업4,1
덴탈프로,e-영업4,1
덴티스테,e-영업4,1
델 카를로,e-영업3,1
델라라나,e-영업3,1
델라이프,e-영업4,1
델리아트,e-영업4,1
뎁플러스,e-영업3,1
도그아띠,e-영업4,1
도그포즈,e-영업4,1
도나윌슨,e-영업4,1
도나카란,e-영업3,1
도리도리,e-영업4,1
도미나스,e-영업4,1
도미넌트,e-영업3,1
도플갱어,e-영업4,1
도화뷰티,e-영업4,1
독일햄튼,e-영업4,1
독파이트,e-영업3,1
돌체비타,e-영업3,1
동국제약,e-영업4,1
동서가구,e-영업4,1
동성제약,e-영업4,1
동아완구,e-영업3,2
동원샘물,e-영업4,1
동일레저,e-영업4,1
동화약품,e-영업4,1
두센두센,e-영업4,1
듀 시그니,e-영업4,1
듀라텍스,e-영업4,1
듀라픽셀,e-영업4,1
듀베티카,e-영업3,1
듀얼소닉,e-영업4,1
듀이트리,e-영업4,1
듀크레이,e-영업4,1
듀플렉스,e-영업4,1
드끌레오,e-영업4,1
드네이지,e-영업3,1
드레익스,e-영업3,1
드루모어,e-영업3,1
드리아데,e-영업4,1
드림셰프,e-영업4,1
드링크웰,e-영업4,1
드멜리어,e-영업3,1
드봐마챠,e-영업2,1
드부이에,e-영업4,1
드비알레,e-영업4,1
드비저리,e-영업4,1
드시모네,e-영업4,1
드제메르,e-영업3,1
드파운드,e-영업3,1
디 아티코,e-영업3,1
디강블리,e-영업4,1
디디티티,e-영업3,1
디라이프,e-영업4,1
디발리쎄,e-영업3,2
디스이즈,e-영업4,1
디아도라,e-영업3,2
디아모모,e-영업3,1
디어니스,e-영업3,1
디어버즈,e-영업4,1
디어센트,e-영업4,1
디어커스,e-영업3,2
디에이드,e-영업4,1
디에이트,e-영업4,1
디오바코,e-영업4,1
디올 옴므,e-영업3,1
디지앤코,e-영업2,1
디코랜드,e-영업3,1
디티에스,e-영업4,1
디파르베,e-영업3,1
디프락스,e-영업3,1
디프리크,e-영업3,1
디피에스,e-영업4,1
딜라어스,e-영업3,1
딜리워터,e-영업4,1
딥트3일,e-영업4,1
딥퍼랑스,e-영업4,1
딸라스파,e-영업4,1
땡큐마더,e-영업4,1
라 멜랑주,e-영업3,1
라 조이아,e-영업3,1
라 프레리,e-영업4,1
라꾸라꾸,e-영업4,1
라끄베르,e-영업4,1
라네우스,e-영업3,1
라네이처,e-영업4,1
라다미노,e-영업4,1
라드레드,e-영업3,1
라디오사,e-영업3,1
라띠수애,e-영업4,1
라라애플,e-영업4,1
라르디니,e-영업3,1
라멜랑주,e-영업3,1
라뮤지끄,e-영업4,1
라미네즈,e-영업3,1
라볼레이,e-영업3,1
라부르켓,e-영업4,1
라뷰옵틱,e-영업4,1
라비베베,e-영업3,2
라비베카,e-영업3,1
라비오뜨,e-영업4,1
라비오캄,e-영업3,2
라빠레뜨,e-영업3,1
라씨에뜨,e-영업4,1
라씨엘르,e-영업3,2
라엘뷰티,e-영업4,1
라온아띠,e-영업3,1
라운드랩,e-영업4,1
라운지셀,e-영업4,1
라이녹스,e-영업4,1
라이마스,e-영업4,1
라이젠탈,e-영업4,1
라이크잇,e-영업4,1
라이트업,e-영업4,1
라이프리,e-영업3,1
라이프썸,e-영업4,1
라이프티,e-영업4,1
라이프필,e-영업4,1
라코스테,e-영업3,6
라프레리,e-영업4,1
락토클린,e-영업4,1
란치오티,e-영업3,1
랄프 로렌,e-영업3,1
랄프로렌,e-영업3,3
람브레타,e-영업4,1
랑카스터,e-영업4,1
랩 시리즈,e-영업4,1
랩시리즈,e-영업4,1
랩원오원,e-영업3,1
러닝저니,e-영업3,1
러닝톡톡,e-영업3,1
러디칙스,e-영업3,1
러비더비,e-영업4,1
런드레스,e-영업4,1
럼블롤러,e-영업3,1
레노마홈,e-영업4,1
레드랜서,e-영업4,1
레미쇼방,e-영업4,1
레베끌레,e-영업3,1
레벤쿠첸,e-영업4,1
레벤호프,e-영업4,1
레벨그린,e-영업4,1
레브레브,e-영업3,2
레비스풋,e-영업3,1
레비오사,e-영업4,1
레숑멍트,e-영업3,1
레스노베,e-영업4,1
레스토닉,e-영업4,1
레스팅거,e-영업4,1
레시앙뜨,e-영업4,1
레오나드,e-영업1,2
레오폴디,e-영업4,1
레이놀즈,e-영업4,1
레이로우,e-영업3,1
레이블 엠,e-영업4,1
레이지던,e-영업3,1
레이지비,e-영업4,1
레이플러,e-영업4,1
레인디어,e-영업4,1
레졸루트,e-영업3,1
레지나표,e-영업3,1
레츠큐어,e-영업4,1
레트로클,e-영업3,1
레파차지,e-영업4,1
레피소드,e-영업4,1
렛미스킨,e-영업4,1
렛잇뷰티,e-영업3,1
로 페이드,e-영업3,1
로라겔러,e-영업4,1
로라스타,e-영업4,1
로로볼리,e-영업3,1
로사케이,e-영업3,1
로씨로씨,e-영업3,1
로아블랑,e-영업4,1
로얄덜튼,e-영업4,1
로얄베일,e-영업4,1
로얄스타,e-영업3,2
로얄캐닌,e-영업4,1
로얄켄트,e-영업4,1
로얄튜더,e-영업4,1
로얄포드,e-영업4,1
로엠 걸즈,e-영업3,2
로엠걸즈,e-영업3,1
로우로우,e-영업3,2
로이로사,e-영업4,1
로이루미,e-영업4,1
로잘리아,e-영업4,1
로제도르,e-영업3,1
로즈마인,e-영업4,1
로커스트,e-영업3,1
로케이트,e-영업3,1
로켓런치,e-영업3,1
로테이트,e-영업3,1
로하시스,e-영업4,1
롤라로즈,e-영업3,1
롤리키드,e-영업3,1
롱테이크,e-영업4,1
루나리스,e-영업4,1
루루골드,e-영업3,1
루멘플론,e-영업4,1
루미녹스,e-영업3,1
루미소브,e-영업3,1
루미에반,e-영업3,1
루미트론,e-영업4,1
루벤케어,e-영업4,1
루스티크,e-영업3,2
루시드쿡,e-영업4,1
루시크루,e-영업3,1
루이비앙,e-영업3,1
루이비통,e-영업3,1
루즈블랑,e-영업3,1
루치펠로,e-영업4,1
루카디스,e-영업3,1
루트루트,e-영업3,1
룩캐스트,e-영업3,2
룬케이브,e-영업3,1
룰429,e-영업4,1
룰라러브,e-영업4,1
룰루레몬,e-영업3,2
룰루모어,e-영업3,1
룸인어스,e-영업3,1
르 바이브,e-영업4,1
르나르도,e-영업4,1
르네제이,e-영업3,1
르마스크,e-영업3,1
르몽도르,e-영업4,1
르비에르,e-영업3,1
르샤트라,e-영업4,1
르세지엠,e-영업3,2
르스펙스,e-영업3,1
르아보네,e-영업3,2
르퀼라야,e-영업4,1
르크루제,e-영업4,1
리 메튜스,e-영업3,1
리끌로우,e-영업3,1
리나시타,e-영업4,1
리바도시,e-영업4,1
리바이스,e-영업3,3
리본제이,e-영업4,1
리브이셀,e-영업4,1
리브코이,e-영업4,1
리브트리,e-영업4,1
리빙바웃,e-영업4,1
리빙아트,e-영업4,1
리스테린,e-영업4,1
리안뉴욕,e-영업3,1
리앤데코,e-영업4,1
리얼가득,e-영업4,1
리얼라엘,e-영업4,1
리얼라인,e-영업4,1
리얼차차,e-영업4,1
리에벨로,e-영업3,1
리젠호프,e-영업4,1
리치앤홈,e-영업4,1
리카르도,e-영업3,1
리클레어,e-영업4,1
리터니티,e-영업4,1
리틀 밥독,e-영업3,1
리틀블링,e-영업4,1
리틀비티,e-영업3,1
리틀잼스,e-영업3,2
리틀티니,e-영업3,1
리폴리클,e-영업4,1
리프레임,e-영업3,1
리플레이,e-영업3,1
리플레인,e-영업3,1
리피트인,e-영업4,1
릭소런던,e-영업3,1
릭오웬스,e-영업3,1
린에비뉴,e-영업3,1
릴라스틸,e-영업4,1
릴랙시아,e-영업4,1
릴리 빌리,e-영업3,1
릴리킴킴,e-영업4,1
릴리푸리,e-영업3,1
립스매커,e-영업4,1
립스틱 퀸,e-영업4,1
립플레저,e-영업4,1
링케이크,e-영업3,1
마녀공장,e-영업4,1
마니칼데,e-영업3,1
마더니아,e-영업4,1
마레몬떼,e-영업3,1
마레앤코,e-영업4,1
마루빌츠,e-영업4,1
마르셀린,e-영업4,1
마르씨에,e-영업3,1
마리메꼬,e-영업3,1
마리안느,e-영업3,1
마리케이,e-영업4,1
마린세르,e-영업3,1
마마스크,e-영업3,2
마메이타,e-영업4,1
마미버드,e-영업3,1
마미케어,e-영업4,1
마미포코,e-영업3,2
마베니르,e-영업4,1
마벨로제,e-영업4,1
마벨슈슈,e-영업3,1
마세라티,e-영업3,1
마시캣독,e-영업4,1
마우이짐,e-영업3,1
마운티아,e-영업4,1
마이노멀,e-영업4,1
마이녹셀,e-영업4,1
마이다스,e-영업3,1
마이로즈,e-영업4,1
마이앙스,e-영업3,1
마이에리,e-영업4,1
마이캐디,e-영업4,1
마이키타,e-영업3,1
마일드엠,e-영업4,1
마제스티,e-영업4,1
마제스틱,e-영업3,1
마체레토,e-영업4,1
마카리조,e-영업4,1
마크모크,e-영업3,1
마크블루,e-영업4,1
마틴로즈,e-영업3,1
마틴싯봉,e-영업3,1
마틸드엠,e-영업4,1
마하리시,e-영업3,1
막스마라,e-영업3,2
말괄량이,e-영업3,1
말랑하니,e-영업3,1
맘메이드,e-영업4,1
맘스보드,e-영업3,2
망고스틴,e-영업3,1
매그파이,e-영업3,1
매너그램,e-영업3,1
매뉴팩트,e-영업4,1
매드고트,e-영업3,1
매드피치,e-영업4,1
매드히피,e-영업4,1
매스노운,e-영업3,1
매스티나,e-영업4,1
매직쉐프,e-영업4,1
매트리콜,e-영업4,1
매트릭스,e-영업4,1
맥끌라니,e-영업3,1
맥로이드,e-영업4,1
맥우드건,e-영업3,1
맥케이슨,e-영업4,1
맥케이지,e-영업3,1
맥퀸뉴욕,e-영업4,1
맨소래담,e-영업4,1
맨앤우드,e-영업4,1
맨온더분,e-영업3,1
맨인정글,e-영업3,1
머치머니,e-영업3,1
먼싱웨어,e-영업4,1
메가맥스,e-영업4,1
메네페르,e-영업4,1
메디니스,e-영업4,1
메디마인,e-영업4,1
메디올리,e-영업4,1
메디큐브,e-영업4,1
메디하임,e-영업4,1
메르수아,e-영업4,1
메리메리,e-영업3,1
메사블루,e-영업4,1
메스타리,e-영업3,1
메이네티,e-영업4,1
메이노브,e-영업3,1
메이뉴욕,e-영업4,1
메이드로,e-영업4,1
메이시크,e-영업4,1
메이크힐,e-영업4,1
메종 미쉘,e-영업3,1
메종노아,e-영업4,1
메종드쉬,e-영업3,1
메즈클라,e-영업4,1
메티티솟,e-영업3,1
메피스토,e-영업3,1
멜라밀라,e-영업3,1
멜로멜리,e-영업4,1
멜리멜로,e-영업4,1
모그어스,e-영업3,1
모노더마,e-영업4,1
모노큐브,e-영업4,1
모노키친,e-영업4,1
모노폴드,e-영업3,1
모노플랫,e-영업4,1
모뉴먼트,e-영업3,1
모다모다,e-영업4,1
모더먼트,e-영업3,1
모던로그,e-영업4,1
모던하임,e-영업4,1
모리네코,e-영업4,1
모멘센트,e-영업4,1
모모슈슈,e-영업3,1
모스키노,e-영업3,4
모아엣알,e-영업3,1
모아캠핑,e-영업4,1
모어모르,e-영업3,1
모어조이,e-영업4,1
모이몰른,e-영업3,2
모즈모즈,e-영업3,1
모토로라,e-영업4,1
모토벨로,e-영업4,1
몬스터락,e-영업4,1
몬스터지,e-영업4,1
몰리나드,e-영업4,1
몰리나르,e-영업4,1
몰리멜리,e-영업3,1
몰리올리,e-영업3,1
몽끌레어,e-영업3,1
몽베스트,e-영업4,1
몽크로스,e-영업3,2
몽클레르,e-영업3,2
몽클레어,e-영업3,4
몽플리쎄,e-영업3,1
무드매쳐,e-영업4,1
무슈 블랑,e-영업3,1
무슈제이,e-영업4,1
무스너클,e-영업3,1
무스텔라,e-영업4,1
무아르보,e-영업3,1
무아미미,e-영업3,1
무어레르,e-영업3,1
무이헤드,e-영업3,1
문페어리,e-영업3,1
물랑로티,e-영업3,1
뮤트뮤트,e-영업3,1
뮬라웨어,e-영업4,1
미네통카,e-영업1,3
미니골드,e-영업3,1
미니도우,e-영업3,1
미니마리,e-영업3,1
미니마린,e-영업3,1
미니막스,e-영업4,1
미니멜츠,e-영업4,1
미니언즈,e-영업4,1
미니쿄모,e-영업3,1
미니쿠치,e-영업4,1
미미레브,e-영업3,1
미미몽드,e-영업3,1
미미월드,e-영업3,1
미쉘 끌랑,e-영업3,1
미쉘클랑,e-영업3,1
미스44,e-영업4,1
미스그린,e-영업3,1
미스디올,e-영업4,1
미스터 피,e-영업3,1
미스터펑,e-영업4,1
미식백과,e-영업4,1
미쓰보시,e-영업4,1
미아다마,e-영업3,1
미우미우,e-영업3,2
미친스킨,e-영업4,1
미트라샵,e-영업4,1
미팩토리,e-영업4,1
미호미두,e-영업4,1
민트스푼,e-영업4,1
밀라네제,e-영업4,1
밀리엔스,e-영업4,1
밀크마일,e-영업3,1
밀크터치,e-영업4,1
바가본드,e-영업1,2
바나바나,e-영업3,1
바닐라코,e-영업4,1
바디랩스,e-영업4,1
바디루틴,e-영업4,1
바디스핀,e-영업4,1
바디프롬,e-영업4,1
바디픽셀,e-영업4,1
바디홀릭,e-영업4,1
바라쿠타,e-영업3,1
바른생활,e-영업4,1
바리바디,e-영업4,1
바바리아,e-영업4,1
바바코코,e-영업4,1
바버뷰티,e-영업4,1
바보사랑,e-영업3,2
바비리스,e-영업4,1
바스코토,e-영업4,1
바스틀리,e-영업4,1
바스티안,e-영업4,1
바스티유,e-영업4,1
바쏘옴므,e-영업3,2
바오먼트,e-영업4,1
바오바오,e-영업3,1
바우와우,e-영업4,1
바운티풀,e-영업4,1
바이 테리,e-영업4,1
바이네르,e-영업3,1
바이레도,e-영업3,2
바이마르,e-영업4,1
바이빠세,e-영업4,1
바이소품,e-영업3,2
바이아미,e-영업4,1
바이언스,e-영업3,1
바이진저,e-영업3,1
바이크롬,e-영업4,1
바이크림,e-영업4,1
바질뱅스,e-영업4,1
바티스트,e-영업4,1
반에이크,e-영업3,1
발라리니,e-영업4,1
발란타인,e-영업3,1
발렌시아,e-영업3,2
발렌타인,e-영업3,1
발렌티노,e-영업3,2
발망헤어,e-영업4,1
밤부베베,e-영업3,1
배드스킨,e-영업4,1
백년약방,e-영업4,1
백컨트리,e-영업4,1
밸런스온,e-영업4,1
밸런스핏,e-영업4,1
버니리타,e-영업4,1
버드나무,e-영업4,1
버드시아,e-영업3,2
버미큘라,e-영업4,1
버블트리,e-영업3,1
버블피스,e-영업3,1
버빌리안,e-영업3,1
버켄스탁,e-영업1,4
버킷그램,e-영업4,1
베가본드,e-영업3,1
베나모르,e-영업4,1
베네자임,e-영업4,1
베네피트,e-영업4,1
베노베로,e-영업3,2
베드기어,e-영업4,1
베디베로,e-영업3,1
베러모어,e-영업4,1
베르가모,e-영업4,1
베르사체,e-영업3,2
베르위치,e-영업3,1
베르투치,e-영업3,1
베른데스,e-영업4,1
베리메이,e-영업3,1
베리스톤,e-영업3,2
베비언스,e-영업4,1
베스블린,e-영업4,1
베스뻬레,e-영업3,1
베어본즈,e-영업4,1
베어파우,e-영업3,2
베이-비,e-영업3,2
베이비앙,e-영업3,1
베이직스,e-영업4,1
베일런스,e-영업3,1
베카앤벨,e-영업3,1
베카치노,e-영업3,1
베터핑거,e-영업4,1
베티아노,e-영업3,1
벨네이처,e-영업4,1
벨네이쳐,e-영업4,1
벨라룩스,e-영업4,1
벨리에르,e-영업4,1
벨마네띠,e-영업3,1
벨마르티,e-영업4,1
벨베이비,e-영업3,1
벨스타프,e-영업3,1
벨앤로즈,e-영업3,1
벳플러스,e-영업4,1
보국전자,e-영업4,1
보니블라,e-영업3,1
보로탈코,e-영업4,1
보루네오,e-영업4,1
보르게세,e-영업4,1
보리엘로,e-영업3,1
보보쇼즈,e-영업3,3
보엔시아,e-영업3,2
보울보울,e-영업4,1
보이런던,e-영업3,1
보타니티,e-영업4,1
본 에나멜,e-영업4,1
본투샤인,e-영업4,1
볼로플랜,e-영업3,1
볼루스파,e-영업4,1
볼리올리,e-영업3,1
볼앤체인,e-영업3,1
봉테비앙,e-영업3,1
부광약품,e-영업4,1
부기 베어,e-영업3,1
부르조아,e-영업4,1
부이부이,e-영업3,2
부티쥬르,e-영업4,1
분더캄머,e-영업3,2
불량소녀,e-영업3,1
뷰리어스,e-영업4,1
뷰티끄랩,e-영업4,1
뷰티메드,e-영업4,1
뷰티피플,e-영업4,1
브라운햇,e-영업3,1
브라이튼,e-영업3,2
브랜드비,e-영업3,1
브렌우드,e-영업3,1
브로이어,e-영업3,1
브리니클,e-영업4,1
브리스틱,e-영업4,1
브리오니,e-영업3,2
브리오신,e-영업4,1
브리즈홈,e-영업4,1
브릭브릭,e-영업4,1
브릴러리,e-영업3,1
브릴로즈,e-영업4,1
브이73,e-영업3,1
브이디엘,e-영업4,1
브이해빗,e-영업4,1
블라이드,e-영업4,1
블랑디바,e-영업4,1
블랑카우,e-영업4,1
블랙라벨,e-영업4,1
블랙맘바,e-영업3,1
블랙샌즈,e-영업3,1
블랙스톤,e-영업4,1
블랙야크,e-영업3,3
블랙하비,e-영업4,1
블럭버너,e-영업4,1
블루래빗,e-영업3,1
블루마린,e-영업3,2
블루마토,e-영업3,2
블루밍빌,e-영업3,1
블루에어,e-영업4,1
블루테일,e-영업3,1
블루포레,e-영업3,1
비그레인,e-영업4,1
비긴에코,e-영업4,1
비꼼비오,e-영업4,1
비달사순,e-영업4,1
비디보브,e-영업4,1
비레스트,e-영업4,1
비르반테,e-영업3,2
비마이티,e-영업3,1
비뮈에트,e-영업3,1
비바셔스,e-영업3,1
비바이오,e-영업4,1
비브라스,e-영업4,1
비브이피,e-영업3,1
비비드온,e-영업4,1
비비앤디,e-영업3,1
비스비바,e-영업4,1
비스킷샵,e-영업3,1
비씨비지,e-영업3,1
비아모노,e-영업3,2
비아시아,e-영업3,1
비알레띠,e-영업4,1
비알케이,e-영업4,1
비알티씨,e-영업4,1
비어헤페,e-영업4,1
비얼라우,e-영업4,1
비에메종,e-영업4,1
비에스엔,e-영업4,1
비에프엘,e-영업3,1
비엔엑스,e-영업3,2
비오스코,e-영업4,1
비온데코,e-영업4,1
비올라스,e-영업4,1
비와이씨,e-영업3,1
비욘악센,e-영업4,1
비제바노,e-영업3,1
비츠조명,e-영업4,1
비캠버그,e-영업3,1
비케이스,e-영업4,1
비크릴라,e-영업4,1
비타그란,e-영업4,1
비타그램,e-영업4,1
비티에스,e-영업3,2
비프레임,e-영업3,1
비플레인,e-영업4,1
빅마스터,e-영업3,1
빅유니온,e-영업3,2
빅토리아,e-영업3,3
빈토리오,e-영업4,1
빌리걸스,e-영업4,1
빔보빔바,e-영업3,1
빠니깔레,e-영업3,2
빠띠라인,e-영업4,1
빨질레리,e-영업3,1
쁘띠바또,e-영업3,1
쁘띠쁘랑,e-영업3,1
사노피아,e-영업3,1
사라밀러,e-영업3,1
사무라이,e-영업4,1
사보리노,e-영업4,1
사샤후안,e-영업4,1
사운드룩,e-영업4,1
사이노스,e-영업4,1
사이오스,e-영업4,1
사토리산,e-영업3,1
사파 쿠체,e-영업4,1
살롱드욘,e-영업3,1
살롱핸즈,e-영업4,1
살림시대,e-영업4,1
삼공체어,e-영업4,1
삼립식품,e-영업4,1
삼미수저,e-영업4,1
삼성전자,e-영업3,2
삼성제약,e-영업4,1
상상그램,e-영업4,1
상아제약,e-영업4,1
샘에델만,e-영업3,1
생활백서,e-영업4,1
생활살림,e-영업3,2
생활쉼표,e-영업4,1
샤이닝홈,e-영업4,1
샤카웨어,e-영업3,2
샤크닌자,e-영업4,1
샴브리에,e-영업3,1
샹테카이,e-영업4,1
서서갈비,e-영업4,1
서울양말,e-영업3,1
서울우유,e-영업4,1
서플러스,e-영업3,1
서피니아,e-영업4,1
선덜랜드,e-영업4,1
선창테크,e-영업4,1
선플라워,e-영업3,1
세노비스,e-영업4,1
세라마인,e-영업4,1
세라맥스,e-영업4,1
세라밴드,e-영업4,1
세레스홈,e-영업4,1
세리박스,e-영업4,1
세미코드,e-영업3,1
세미콜론,e-영업3,1
세미쿠처,e-영업3,1
세바메드,e-영업4,1
세바스찬,e-영업4,1
세븐힐스,e-영업4,1
세이코5,e-영업3,1
세일뮤직,e-영업4,1
세임스텝,e-영업4,1
세자티니,e-영업4,1
세제혁명,e-영업4,1
세컨스킨,e-영업3,2
센트세이,e-영업4,1
센티스킨,e-영업4,1
셀럽제이,e-영업3,1
셀렉스 씨,e-영업4,1
셀렉스씨,e-영업4,1
셀로니아,e-영업4,1
셀리그램,e-영업4,1
셀리아르,e-영업4,1
셀파렉스,e-영업4,1
셀포메드,e-영업4,1
셉울브스,e-영업3,1
셰프라인,e-영업4,1
셰프토프,e-영업4,1
소곤소곤,e-영업3,2
소나이트,e-영업4,1
소노시즌,e-영업4,1
소닉슬립,e-영업4,1
소라도라,e-영업4,1
소소느루,e-영업4,1
소시에떼,e-영업4,1
소유하리,e-영업4,1
소이베베,e-영업4,1
소이토이,e-영업3,1
소프라움,e-영업4,1
소프리스,e-영업4,1
소프트밥,e-영업4,1
속옷도둑,e-영업3,1
솔트레인,e-영업4,1
솔트워터,e-영업3,2
솔티페블,e-영업3,2
송월우산,e-영업3,2
송월타올,e-영업3,2
쇼브오프,e-영업3,1
수면공감,e-영업4,1
수수루스,e-영업4,1
수아비스,e-영업4,1
수아이레,e-영업4,1
수이사이,e-영업4,1
수이코크,e-영업3,1
수잇수잇,e-영업3,1
수퍼타이,e-영업4,1
수페르가,e-영업3,2
순수백과,e-영업3,2
순수한삼,e-영업4,1
쉔부르노,e-영업3,1
쉬즈미스,e-영업3,1
슈가워시,e-영업4,1
슈라모드,e-영업3,1
슈랙엣홈,e-영업4,1
슈스토리,e-영업3,1
슈에무라,e-영업4,1
슈페리어,e-영업4,1
스너그문,e-영업4,1
스너그유,e-영업3,1
스마일리,e-영업3,1
스마트빔,e-영업4,1
스마트와,e-영업4,1
스마트울,e-영업3,1
스와니브,e-영업4,1
스와들업,e-영업3,1
스위스윈,e-영업4,1
스위트홈,e-영업4,1
스윌든스,e-영업3,1
스윗롤즈,e-영업4,1
스윙도츠,e-영업4,1
스카르파,e-영업3,1
스칸스킨,e-영업4,1
스케이터,e-영업3,2
스케쳐스,e-영업3,3
스킨79,e-영업4,1
스킨부탁,e-영업4,1
스킨아이,e-영업4,1
스킨앤랩,e-영업4,1
스킨코드,e-영업4,1
스킨푸드,e-영업4,1
스타리온,e-영업4,1
스타마크,e-영업4,1
스타벅스,e-영업4,1
스타우드,e-영업3,1
스타우브,e-영업4,1
스테이씨,e-영업3,1
스텝케어,e-영업3,1
스토에버,e-영업4,1
스토피아,e-영업4,1
스톤헨지,e-영업3,1
스톰런던,e-영업3,1
스톰서퍼,e-영업3,1
스트라틱,e-영업3,1
스티그마,e-영업3,1
스틸로건,e-영업3,1
스틸히어,e-영업4,1
스팀보이,e-영업4,1
스파워트,e-영업3,1
스파이더,e-영업4,1
스패로우,e-영업4,1
스포틀러,e-영업4,1
스폰텍스,e-영업4,1
스프라임,e-영업4,1
스피아노,e-영업4,1
슬라운드,e-영업4,1
슬레진저,e-영업3,1
슬로소피,e-영업4,1
시그니씨,e-영업4,1
시그니처,e-영업3,1
시나몬샵,e-영업4,1
시니케어,e-영업4,1
시라쿠스,e-영업4,1
시루콧토,e-영업4,1
시리우스,e-영업4,1
시모무라,e-영업4,1
시몬 로샤,e-영업3,1
시몬로샤,e-영업3,1
시세이도,e-영업3,2
시스맥스,e-영업4,1
시스테마,e-영업4,1
시스티나,e-영업3,2
시우아트,e-영업4,1
시월다래,e-영업4,1
식물나라,e-영업4,1
식물행성,e-영업4,1
식스스타,e-영업4,1
신라명과,e-영업4,1
실바니안,e-영업3,1
실버데일,e-영업4,1
실버스타,e-영업4,1
심플로그,e-영업4,1
심플리독,e-영업4,1
심플리오,e-영업4,1
심플리홈,e-영업4,1
심플먼트,e-영업4,1
심플키친,e-영업4,1
심플휴먼,e-영업4,1
싱크리더,e-영업4,1
써니메이,e-영업3,1
써드위브,e-영업3,1
써모머그,e-영업4,1
써틴먼스,e-영업3,1
썬컴퍼니,e-영업4,1
썬퍼니처,e-영업4,1
쏘로사떼,e-영업3,1
쏘베이스,e-영업4,1
쓰리젝트,e-영업3,1
씨드느와,e-영업4,1
씨드앤팜,e-영업4,1
씨몬스터,e-영업4,1
씨밀렉스,e-영업3,2
씨씨클럽,e-영업3,1
씨엘레이,e-영업3,1
씨엘블루,e-영업4,1
씨엘코코,e-영업4,1
씨케이디,e-영업4,1
씨투써밋,e-영업4,1
씨투엠뉴,e-영업3,1
씨투와이,e-영업4,1
씨플로라,e-영업4,1
씬넘버포,e-영업3,1
아가명주,e-영업3,1
아나시스,e-영업4,1
아나프노,e-영업4,1
아네스베,e-영업3,1
아노에틱,e-영업3,1
아닉구딸,e-영업4,1
아다바트,e-영업4,1
아더로브,e-영업3,1
아더마스,e-영업4,1
아더에러,e-영업3,1
아데리아,e-영업4,1
아델리오,e-영업4,1
아드시온,e-영업4,1
아디다스,e-영업3,12
아떼뷰티,e-영업4,1
아라미스,e-영업4,1
아렌시아,e-영업4,1
아로마코,e-영업4,1
아로마틱,e-영업4,1
아르다캠,e-영업4,1
아르드포,e-영업4,1
아르마니,e-영업3,2
아르카익,e-영업3,1
아르코스,e-영업4,1
아름드리,e-영업4,1
아릿지아,e-영업3,1
아마란토,e-영업3,1
아머럭스,e-영업3,1
아멜리에,e-영업3,2
아무아쥬,e-영업4,1
아미 파리,e-영업3,1
아미앙스,e-영업3,2
아바리스,e-영업4,1
아베나키,e-영업4,1
아보리덤,e-영업4,1
아스브리,e-영업4,1
아스페시,e-영업3,2
아우로이,e-영업4,1
아웃엑소,e-영업3,1
아워호프,e-영업3,2
아이그너,e-영업3,1
아이나비,e-영업4,1
아이나코,e-영업4,1
아이넥스,e-영업4,1
아이노트,e-영업4,1
아이닉스,e-영업4,1
아이다모,e-영업4,1
아이데코,e-영업4,1
아이디비,e-영업4,1
아이라인,e-영업3,1
아이로드,e-영업4,1
아이리버,e-영업4,1
아이리스,e-영업4,1
아이멜리,e-영업4,1
아이뮤즈,e-영업4,1
아이미스,e-영업4,1
아이발라,e-영업4,1
아이소이,e-영업4,1
아이스백,e-영업4,1
아이시스,e-영업4,1
아이앤피,e-영업4,1
아이언맨,e-영업3,1
아이엘드,e-영업3,2
아이오마,e-영업4,1
아이오이,e-영업3,1
아이오페,e-영업4,1
아이온미,e-영업3,1
아이워너,e-영업4,1
아이윙크,e-영업3,1
아이차밍,e-영업4,1
아이카사,e-영업4,1
아이캔들,e-영업3,1
아이캔디,e-영업4,1
아이케어,e-영업4,1
아이코닉,e-영업3,1
아이테르,e-영업4,1
아이테크,e-영업4,1
아이트인,e-영업4,1
아이홀릭,e-영업3,2
아임리얼,e-영업4,1
아임유니,e-영업4,1
아임제이,e-영업3,1
아임클린,e-영업4,1
아카시아,e-영업4,1
아카카파,e-영업4,1
아케보노,e-영업4,1
아쿠아퍼,e-영업4,1
아쿠아픽,e-영업4,1
아크네스,e-영업3,2
아크리스,e-영업3,1
아크메르,e-영업4,1
아토99,e-영업4,1
아토몽드,e-영업4,1
아토치드,e-영업4,1
아토카렌,e-영업4,1
아트델리,e-영업4,1
아트허브,e-영업4,1
아틀라스,e-영업4,1
아티누스,e-영업4,1
아티바바,e-영업3,1
아티아트,e-영업3,2
아파르트,e-영업4,1
아페로스,e-영업4,1
아페리레,e-영업4,1
아프로포,e-영업3,1
아프리모,e-영업4,1
아피비타,e-영업4,1
안나 수이,e-영업3,2
안나수이,e-영업3,3
안나퀸스,e-영업3,1
안달로우,e-영업4,1
안방그릴,e-영업4,1
안스엉클,e-영업3,1
안심케어,e-영업4,1
알뜨알레,e-영업3,1
알라누이,e-영업3,1
알라이아,e-영업3,1
알러클린,e-영업4,1
알레그리,e-영업1,7
알레르망,e-영업4,1
알로앤루,e-영업3,1
알로요가,e-영업4,1
알로하스,e-영업3,1
알비지아,e-영업4,1
알엠케이,e-영업4,1
알짜패드,e-영업4,1
알쯔버그,e-영업4,1
알케미아,e-영업4,1
알키알카,e-영업3,1
알터에고,e-영업4,1
알텐바흐,e-영업4,1
알티스트,e-영업4,1
알티피아,e-영업4,1
알파인터,e-영업4,1
알파파프,e-영업4,1
암피스트,e-영업3,1
애끌리아,e-영업4,1
애쉬로렌,e-영업4,1
애즈이프,e-영업3,1
애플앤딥,e-영업3,1
애플핑크,e-영업3,1
앤더슨벨,e-영업3,1
앤더슨스,e-영업3,1
앤드원더,e-영업3,1
앤디아더,e-영업3,1
앤디애플,e-영업3,1
앤무오유,e-영업3,1
앤스티치,e-영업4,1
앤클라인,e-영업3,2
앨빈클로,e-영업3,2
앳하스홈,e-영업4,1
야곱코헨,e-영업3,1
야나기야,e-영업4,1
야마모토,e-영업4,1
야콥코헨,e-영업3,1
양말폭탄,e-영업3,1
양키캔들,e-영업4,1
어긋난몰,e-영업4,1
어나더봄,e-영업3,1
어나더쥰,e-영업3,1
어니우니,e-영업3,2
어도러블,e-영업4,1
어바웃미,e-영업4,1
어반캠퍼,e-영업4,1
어반코드,e-영업3,1
어베이브,e-영업4,1
어스로하,e-영업4,1
어스앤뎀,e-영업3,2
어썸월드,e-영업3,1
어콜드월,e-영업3,1
어테이션,e-영업4,1
어프레쉬,e-영업4,1
어프어프,e-영업3,2
언더아머,e-영업3,5
언더커버,e-영업3,1
언레이블,e-영업3,2
언리미트,e-영업3,2
언리시아,e-영업4,1
언에디트,e-영업3,1
언패러렐,e-영업4,1
에고에딧,e-영업3,1
에꼴리에,e-영업3,1
에끌라두,e-영업4,1
에데낭스,e-영업4,1
에델코첸,e-영업4,1
에드하디,e-영업3,1
에디터샵,e-영업4,1
에디포스,e-영업3,1
에딧먼트,e-영업4,1
에뜨랑제,e-영업3,1
에르네스,e-영업4,1
에르메스,e-영업3,2
에르제이,e-영업4,1
에르쯔틴,e-영업4,1
에몬스홈,e-영업4,1
에밀앙리,e-영업4,1
에바솔로,e-영업4,1
에버그린,e-영업4,1
에브리봇,e-영업4,1
에브리빙,e-영업4,1
에브리윅,e-영업4,1
에비에어,e-영업4,1
에센허브,e-영업4,1
에셀리아,e-영업3,1
에스까다,e-영업3,3
에스모도,e-영업4,1
에스블랑,e-영업3,1
에스비몰,e-영업3,1
에스알비,e-영업4,1
에스엔피,e-영업4,1
에스텐즈,e-영업3,1
에스트라,e-영업4,1
에스티코,e-영업3,1
에스틸로,e-영업4,1
에스파이,e-영업3,1
에스프로,e-영업4,1
에어 조던,e-영업3,1
에어드림,e-영업4,1
에어렉스,e-영업4,1
에어리브,e-영업4,1
에어모션,e-영업4,1
에어박스,e-영업4,1
에어비타,e-영업4,1
에어워셔,e-영업4,1
에어워크,e-영업3,3
에이골디,e-영업3,1
에이디디,e-영업3,1
에이비팜,e-영업4,1
에이센트,e-영업4,1
에이엠티,e-영업4,1
에이유엘,e-영업4,1
에이지랩,e-영업4,1
에이지엘,e-영업3,1
에이치오,e-영업3,1
에이치피,e-영업4,1
에이케이,e-영업4,1
에이티티,e-영업3,1
에이플랑,e-영업3,1
에이플럼,e-영업4,1
에잇볼륨,e-영업3,2
에즈카톤,e-영업3,1
에코라믹,e-영업4,1
에코백스,e-영업4,1
에코스타,e-영업4,1
에코제트,e-영업4,1
에코지니,e-영업4,1
에코터치,e-영업4,1
에콴디노,e-영업3,1
에테르노,e-영업3,1
에프킬라,e-영업4,1
에피그램,e-영업3,2
에피큐렌,e-영업4,1
엑스넬스,e-영업4,1
엑스텐드,e-영업4,1
엑스톤즈,e-영업3,1
엑스트라,e-영업4,1
엑스페론,e-영업4,1
엑스피어,e-영업3,1
엔디에이,e-영업3,1
엔뚜마노,e-영업4,1
엔비에이,e-영업3,4
엔에스알,e-영업4,1
엔에프락,e-영업4,1
엔에프엘,e-영업4,1
엔엔07,e-영업3,1
엔젤삭스,e-영업3,1
엔케이오,e-영업4,1
엔프라니,e-영업4,1
엔프피샵,e-영업4,1
엘라 바쉬,e-영업4,1
엘라스틴,e-영업4,1
엘런아크,e-영업3,2
엘레강스,e-영업4,1
엘레미스,e-영업4,1
엘렌실라,e-영업4,1
엘루자이,e-영업4,1
엘르 리빙,e-영업4,1
엘르옴므,e-영업3,1
엘르헤어,e-영업3,1
엘리 사브,e-영업4,1
엘리막쉬,e-영업4,1
엘리먼트,e-영업4,1
엘리무아,e-영업4,1
엘리사브,e-영업4,1
엘리오나,e-영업3,1
엘리자벨,e-영업3,1
엘리자벳,e-영업3,1
엘유케이,e-영업4,1
엘지전자,e-영업4,1
엘케블룸,e-영업3,1
엘타엠디,e-영업4,1
엠공팔이,e-영업3,1
엠디스픽,e-영업4,1
엠디지티,e-영업3,1
엠부띠끄,e-영업4,1
엠씨엔핏,e-영업4,1
엠에스알,e-영업4,1
엠엠씩스,e-영업3,1
엠지엠씨,e-영업4,1
엠클라운,e-영업4,1
엠트웰브,e-영업3,1
엣플레이,e-영업3,1
연세우유,e-영업4,1
영괄굴비,e-영업4,1
영블러드,e-영업4,1
예가 한복,e-영업3,1
예가한복,e-영업3,1
예담윤빛,e-영업4,1
예루살렘,e-영업3,1
옌키 옌키,e-영업3,1
옌키옌키,e-영업3,1
옐로우문,e-영업4,1
오가니쉬,e-영업4,1
오가니아,e-영업4,1
오가닉맘,e-영업3,2
오그도아,e-영업4,1
오끌레르,e-영업3,1
오너클랜,e-영업4,1
오디세이,e-영업4,1
오딧세이,e-영업4,1
오뜨베베,e-영업3,1
오라덴스,e-영업4,1
오라이프,e-영업4,1
오르띠에,e-영업4,1
오르시떼,e-영업3,2
오르페아,e-영업4,1
오리가미,e-영업4,1
오리엔트,e-영업3,2
오리진스,e-영업4,1
오버다인,e-영업3,1
오브조이,e-영업3,1
오블리크,e-영업4,1
오스프리,e-영업3,2
오아이씨,e-영업4,1
오아지앙,e-영업4,1
오에스티,e-영업3,1
오이보스,e-영업4,1
오이오이,e-영업3,2
오일릴리,e-영업3,1
오즈네일,e-영업4,1
오즈웨어,e-영업3,2
오지엑스,e-영업4,1
오토링거,e-영업3,1
오투케어,e-영업4,1
오프로드,e-영업3,2
오프위크,e-영업4,1
오피아이,e-영업4,1
옥소토트,e-영업3,1
옥스보우,e-영업4,1
옥스포드,e-영업3,2
온더바디,e-영업4,1
온클레어,e-영업3,1
올가니카,e-영업4,1
올도큐브,e-영업4,1
올림피아,e-영업3,2
올바이오,e-영업4,1
올세인츠,e-영업3,1
올클래식,e-영업3,1
옴므걸스,e-영업3,1
옵티컬W,e-영업3,1
옹기종기,e-영업4,2
와드로브,e-영업3,1
와릿이즌,e-영업3,2
와이쓰리,e-영업3,1
와이엠씨,e-영업3,1
와이제이,e-영업3,1
와이케이,e-영업3,2
와인앤쿡,e-영업3,2
와키윌리,e-영업3,2
왕자행거,e-영업4,1
요가피기,e-영업3,1
요트클럽,e-영업4,1
요하넥스,e-영업3,1
우노아레,e-영업3,1
우드레이,e-영업4,1
우드버리,e-영업4,1
우르오스,e-영업4,1
우리리우,e-영업4,1
우스토프,e-영업4,1
우주아이,e-영업3,1
우테크람,e-영업4,1
우프웨어,e-영업3,1
웅진북센,e-영업3,2
워너뮤직,e-영업4,1
워브먼트,e-영업3,1
원더바스,e-영업4,1
원더브라,e-영업3,1
원더키드,e-영업3,1
원어데이,e-영업4,1
웨이백홈,e-영업3,1
웨일테일,e-영업4,1
웨지우드,e-영업4,1
웰스데이,e-영업4,1
웻브러쉬,e-영업4,1
위그로우,e-영업4,1
위글 위글,e-영업2,1
위글위글,e-영업3,1
위더로드,e-영업3,1
위드보스,e-영업4,1
위미에르,e-영업4,1
위캔더스,e-영업3,1
위크엔드,e-영업4,1
위티코코,e-영업4,1
윙키럭스,e-영업4,1
윙하우스,e-영업3,1
유니맥스,e-영업4,1
유니버셜,e-영업4,1
유니베라,e-영업4,1
유니클로,e-영업3,1
유니픽쳐,e-영업4,1
유돈초이,e-영업3,1
유디엑스,e-영업4,1
유로리터,e-영업4,1
유로텍스,e-영업4,1
유로파크,e-영업4,1
유루루카,e-영업4,1
유리아쥬,e-영업4,1
유리피부,e-영업4,1
유메유메,e-영업3,1
유스크루,e-영업3,1
유어유스,e-영업3,1
유어피스,e-영업4,1
유유제약,e-영업4,1
유진가운,e-영업4,1
유틸리티,e-영업4,1
유한양행,e-영업4,1
육수장인,e-영업4,1
을지깐깐,e-영업4,1
이거머꼬,e-영업4,1
이너라움,e-영업3,1
이너플랏,e-영업4,1
이노레스,e-영업4,1
이노르노,e-영업4,1
이노마타,e-영업4,1
이노벨라,e-영업4,1
이노타임,e-영업4,1
이놈어닛,e-영업3,1
이누이키,e-영업1,2
이누이트,e-영업3,2
이디엑스,e-영업3,1
이띠에라,e-영업4,1
이리지스,e-영업4,1
이마지네,e-영업3,1
이베스가,e-영업3,1
이벨리브,e-영업3,1
이벳필드,e-영업3,1
이볼루덤,e-영업4,1
이브라인,e-영업4,1
이브로쉐,e-영업4,1
이블루스,e-영업3,1
이사베이,e-영업3,2
이사이아,e-영업3,1
이스트팩,e-영업3,2
이아이레,e-영업4,1
이아이오,e-영업4,1
이안가구,e-영업4,1
이안퍼니,e-영업4,1
이엑스알,e-영업3,2
이엘에프,e-영업4,1
이엠케이,e-영업4,1
이자녹스,e-영업4,1
이지드롭,e-영업4,1
이지리빙,e-영업4,1
이지비타,e-영업4,1
이지피지,e-영업3,2
이치하라,e-영업4,1
이콤마이,e-영업3,1
이퀄리브,e-영업4,1
이퀍먼트,e-영업3,1
이큅먼트,e-영업3,1
이클아트,e-영업4,1
이탈레쎄,e-영업4,1
이파네마,e-영업4,1
이팬트리,e-영업4,1
이프리트,e-영업4,1
인디우드,e-영업4,1
인로우스,e-영업3,1
인스타일,e-영업3,1
인스턴트,e-영업4,1
인스테드,e-영업4,1
인케이스,e-영업3,1
인코텍스,e-영업3,1
인콘트로,e-영업3,2
인터데코,e-영업4,1
인터미션,e-영업4,1
인피니티,e-영업4,1
인피오르,e-영업3,1
인하우스,e-영업4,1
일 꼬르소,e-영업1,2
일꼬르소,e-영업1,2
일동제약,e-영업4,1
일레븐티,e-영업3,1
일렉트릭,e-영업3,1
일로딜로,e-영업3,1
일비종떼,e-영업3,1
일상곳곳,e-영업4,1
일양약품,e-영업4,1
일일오구,e-영업4,1
임페리얼,e-영업3,2
입생로랑,e-영업3,2
잇츠스킨,e-영업4,1
잉글랜더,e-영업4,1
자나빌리,e-영업4,1
자넬라토,e-영업3,1
자노탁트,e-영업4,1
자스페로,e-영업3,1
자연으로,e-영업4,1
자연의벗,e-영업4,1
자연이랑,e-영업4,1
자이모겐,e-영업4,1
자크라디,e-영업4,1
자크뮈스,e-영업3,1
자페라노,e-영업4,1
자포니즘,e-영업3,1
잔 마리니,e-영업4,1
잔스포츠,e-영업3,2
잡스타킹,e-영업4,1
장미맨숀,e-영업4,1
장인정신,e-영업4,1
쟈끄 파뜨,e-영업4,1
쟈크뮈스,e-영업3,1
정리마당,e-영업4,1
제노리스,e-영업4,1
제노트리,e-영업4,1
제뉴인스,e-영업3,1
제니코코,e-영업4,1
제니쿠키,e-영업4,1
제니퍼룸,e-영업3,2
제드블랙,e-영업4,1
제로그램,e-영업4,1
제로너스,e-영업4,1
제로보암,e-영업4,1
제로스킨,e-영업4,1
제메이스,e-영업3,1
제스타임,e-영업4,1
제시나인,e-영업4,1
제이로렌,e-영업3,1
제이리움,e-영업3,2
제이멜라,e-영업4,1
제이모드,e-영업3,1
제이비엘,e-영업4,1
제이비오,e-영업3,1
제이슨우,e-영업3,1
제이씨비,e-영업3,1
제이앤씨,e-영업4,1
제이케이,e-영업3,2
제이코튼,e-영업3,2
제이키드,e-영업3,1
제인패커,e-영업4,1
제임스딘,e-영업3,1
제주인디,e-영업4,1
제프리 빈,e-영업4,1
젠하이저,e-영업4,1
젤로젤로,e-영업4,1
젤리벨리,e-영업4,1
젤리스푼,e-영업3,1
조 러브스,e-영업4,1
조선땔감,e-영업4,1
조선미녀,e-영업4,1
조셉조셉,e-영업4,1
조이먼트,e-영업3,1
조이멀티,e-영업3,1
조이비스,e-영업3,1
조이코스,e-영업4,1
조이풀리,e-영업3,1
조지루시,e-영업4,1
존덴마크,e-영업4,1
존바이런,e-영업4,1
존프리다,e-영업4,1
좋은느낌,e-영업4,1
주니걸즈,e-영업3,1
주당비책,e-영업4,1
주드맥콜,e-영업3,1
주방미학,e-영업4,1
주토피아,e-영업4,1
줄라이미,e-영업4,1
중외제약,e-영업4,1
쥬디니스,e-영업4,1
쥬디메르,e-영업4,1
쥬스 뷰티,e-영업4,1
쥬시쥬디,e-영업3,1
쥴리어스,e-영업3,1
지나식스,e-영업3,1
지니스타,e-영업3,2
지디에스,e-영업4,1
지베르니,e-영업4,1
지센옴므,e-영업3,2
지스페로,e-영업4,1
지아레티,e-영업4,1
지안니코,e-영업3,1
지앤지비,e-영업3,2
지에마르,e-영업3,1
지엑스오,e-영업4,1
지오다노,e-영업3,3
지오바니,e-영업4,1
지오지아,e-영업3,2
지오프리,e-영업4,1
진도모피,e-영업3,1
짐샌더슨,e-영업4,1
찌니야B,e-영업3,1
차바트리,e-영업4,1
착한푸드,e-영업4,1
찰스보툼,e-영업3,1
창신리빙,e-영업4,1
채니봉봉,e-영업3,1
챔브로스,e-영업3,1
처음교육,e-영업3,1
청담30,e-영업4,1
청아한복,e-영업3,1
청정미인,e-영업4,1
청화미담,e-영업4,1
체리블랑,e-영업3,1
초록향기,e-영업4,1
초세컨즈,e-영업4,1
충성 핫팩,e-영업4,1
츄바스코,e-영업3,2
치터채터,e-영업3,1
칠리위치,e-영업4,1
카네수즈,e-영업4,1
카라코사,e-영업4,1
카렌 워커,e-영업3,1
카르모나,e-영업3,1
카밀리아,e-영업4,1
카베엘라,e-영업4,1
카비네트,e-영업3,2
카사피나,e-영업4,1
카스마라,e-영업4,1
카오라스,e-영업4,1
카오리온,e-영업4,1
카우프만,e-영업4,1
카지동야,e-영업4,1
카파맥스,e-영업4,1
카프리나,e-영업4,1
칸의 아침,e-영업4,1
칼슈미트,e-영업4,1
칼앤한스,e-영업4,1
칼하트 윕,e-영업3,1
캐터필라,e-영업3,1
캐트리스,e-영업4,1
캘러웨이,e-영업3,2
캠브리지,e-영업1,2
캠프긱스,e-영업4,1
캠프라인,e-영업4,1
캡슐쏙쏙,e-영업4,1
커밋체어,e-영업4,1
커버나인,e-영업4,1
커스커즈,e-영업4,1
커스티지,e-영업3,1
커클랜드,e-영업4,1
커터앤벅,e-영업4,1
커플레인,e-영업3,1
컨텐트리,e-영업4,1
컨티먼트,e-영업4,1
컬럼비아,e-영업3,6
컴패니언,e-영업4,1
컴포트랩,e-영업3,1
컴포트존,e-영업4,1
케네스콜,e-영업3,2
케노샤 홈,e-영업4,1
케라미카,e-영업4,1
케라시스,e-영업4,1
케리에르,e-영업3,1
케빈 머피,e-영업4,1
케어베어,e-영업3,1
케어프린,e-영업4,1
케이18,e-영업4,1
케이브홈,e-영업4,1
케이알시,e-영업3,1
케이에이,e-영업4,1
켄트로얄,e-영업4,1
켈러웨이,e-영업3,1
코나모르,e-영업3,1
코닝웨어,e-영업4,1
코덱시알,e-영업4,1
코드26,e-영업4,1
코드그린,e-영업3,1
코드리빙,e-영업4,1
코디라인,e-영업3,1
코디아이,e-영업3,1
코랄리에,e-영업4,1
코랄리크,e-영업3,2
코르미오,e-영업3,1
코리아나,e-영업4,1
코벳블랑,e-영업3,1
코비전자,e-영업4,1
코빵밴드,e-영업4,1
코스노리,e-영업4,1
코스무드,e-영업4,1
코스코디,e-영업4,1
코우코우,e-영업3,1
코이무이,e-영업3,1
코이바나,e-영업4,1
코인코즈,e-영업3,2
코지코튼,e-영업4,1
코치넬레,e-영업3,1
코카콜라,e-영업3,1
코코 일렉,e-영업4,1
코코노코,e-영업3,1
코코리따,e-영업3,1
코코스타,e-영업4,1
코코젤리,e-영업4,1
코쿠리쿠,e-영업4,1
코페낙스,e-영업3,1
코페르니,e-영업3,1
콘스페로,e-영업3,1
콜게이트,e-영업4,1
콜링우드,e-영업4,1
콤마나인,e-영업4,1
쿠나장롱,e-영업4,1
쿠바이투,e-영업3,1
쿠비녹스,e-영업4,1
쿠스티에,e-영업4,1
쿠아비노,e-영업4,1
쿠진아트,e-영업4,1
쿠쿠전자,e-영업4,1
쿠쿠키드,e-영업3,1
쿤달더마,e-영업4,1
쿨그리스,e-영업4,1
쿨메이트,e-영업4,1
쿼르코어,e-영업3,1
퀴타히야,e-영업4,1
퀸메이드,e-영업4,1
퀸스타일,e-영업3,1
큐라에스,e-영업4,1
크나이프,e-영업4,1
크라시에,e-영업4,1
크레모아,e-영업4,1
크레이지,e-영업4,1
크로노스,e-영업3,2
크로리치,e-영업4,1
크로마틱,e-영업4,1
크로스노,e-영업4,1
크로슬리,e-영업4,1
크롬 하츠,e-영업3,1
크롬하츠,e-영업3,1
크리넥스,e-영업3,2
크리니크,e-영업4,1
크리비아,e-영업3,2
크리스마,e-영업4,1
크리스틴,e-영업3,1
크리지아,e-영업4,1
클라란스,e-영업4,1
클라레오,e-영업3,1
클라비스,e-영업3,1
클라우망,e-영업4,1
클라우스,e-영업4,1
클라우썸,e-영업4,1
클레르망,e-영업4,1
클레아닉,e-영업4,1
클레이탄,e-영업4,1
클레클레,e-영업3,1
클로즈드,e-영업3,1
클로즈업,e-영업4,1
클린샤워,e-영업4,1
클린엔픽,e-영업4,1
클린켄틴,e-영업4,1
키니키니,e-영업4,1
키스뉴욕,e-영업4,1
키아루지,e-영업3,1
키오스킨,e-영업4,1
키즈꼬모,e-영업3,1
키즈라인,e-영업3,1
키즈베리,e-영업3,1
키즈비전,e-영업3,1
키즈토즈,e-영업3,2
키친고메,e-영업4,1
키친아트,e-영업4,1
키프리스,e-영업3,1
키핀터치,e-영업4,1
킷캣클락,e-영업4,1
타라자몽,e-영업3,1
타린로즈,e-영업3,1
타미 지지,e-영업3,1
타미진스,e-영업3,1
타비아노,e-영업4,1
타운젠트,e-영업3,1
타이거밤,e-영업4,1
타이맥스,e-영업3,1
타케하라,e-영업4,1
타트라스,e-영업3,1
탬버린즈,e-영업4,1
탱글 티저,e-영업4,1
탱글티저,e-영업4,1
터치워머,e-영업4,1
터치인솔,e-영업4,1
텁트럭스,e-영업4,1
테디베어,e-영업4,1
테라노바,e-영업4,1
테라누고,e-영업3,1
테라로직,e-영업4,1
테리파머,e-영업4,1
테스코마,e-영업4,1
테스토리,e-영업4,1
테스트1,e-영업3,2
테스트2,e-영업3,1
테스트3,e-영업4,1
테일스쿱,e-영업3,1
테크니카,e-영업4,1
테크스킨,e-영업4,1
텍스월드,e-영업4,1
텐드스킨,e-영업4,1
텐바이텐,e-영업3,2
템테이션,e-영업4,1
토가풀라,e-영업3,1
토니모리,e-영업4,1
토니스콧,e-영업3,1
토리버치,e-영업3,1
토마스풀,e-영업4,1
토마톰스,e-영업4,1
토모토끼,e-영업4,1
토브실크,e-영업3,2
토스카나,e-영업3,1
토요토미,e-영업4,1
토이세븐,e-영업3,1
토이톡톡,e-영업3,1
토이트론,e-영업3,1
토토비즈,e-영업4,1
토폴로지,e-영업4,1
톤스피어,e-영업4,1
톨비스트,e-영업4,1
톰브라운,e-영업3,2
투스노트,e-영업4,1
투스투스,e-영업4,1
투에이엔,e-영업4,1
투엑스유,e-영업3,1
투투오투,e-영업4,1
튜맨티탄,e-영업4,1
트라이스,e-영업3,2
트란지아,e-영업4,1
트레몰로,e-영업3,2
트렉스타,e-영업4,1
트렌데코,e-영업4,1
트로마츠,e-영업4,1
트루러브,e-영업4,1
트루슬립,e-영업4,1
트룹런던,e-영업3,1
트리노바,e-영업4,1
트리메르,e-영업4,1
트리아나,e-영업3,1
트리아즈,e-영업4,1
트리앤씨,e-영업4,1
트리젠코,e-영업3,1
트리커즈,e-영업3,1
트리코민,e-영업4,1
트리피언,e-영업3,1
트릴로지,e-영업4,1
트위스트,e-영업4,1
트위저맨,e-영업4,1
트윙클팝,e-영업4,1
티니블랑,e-영업4,1
티르리르,e-영업3,1
티르티르,e-영업4,1
티블레스,e-영업4,1
티앤지티,e-영업3,1
티에파렐,e-영업3,1
티엔지티,e-영업1,4
티엘티씨,e-영업4,1
티져랜드,e-영업4,1
티트리트,e-영업4,1
티피코시,e-영업1,2
틴프레디,e-영업4,1
팀버랜드,e-영업3,3
파나소닉,e-영업4,1
파나컬트,e-영업3,1
파네라이,e-영업3,1
파라부트,e-영업3,1
파라앤코,e-영업4,1
파르베샵,e-영업4,1
파르카이,e-영업3,1
파르펠레,e-영업3,1
파리파리,e-영업3,1
파맥스랩,e-영업4,1
파사바체,e-영업4,1
파스텔라,e-영업3,2
파시에라,e-영업3,2
파쏘나블,e-영업4,1
파워가드,e-영업4,1
파이렉스,e-영업4,1
파인베이,e-영업4,1
파인우드,e-영업4,1
파인캐디,e-영업4,1
파인트리,e-영업4,1
파코라반,e-영업3,2
파텍필립,e-영업3,1
판도라핏,e-영업3,1
팔라디움,e-영업3,2
팔로마울,e-영업3,1
팔포이즈,e-영업3,2
팜스테이,e-영업4,1
팜엔젤스,e-영업3,1
패니제로,e-영업3,1
패치로지,e-영업4,1
팩세이프,e-영업3,2
팬톤 삭스,e-영업3,1
팬톤리빙,e-영업3,2
팬톤삭스,e-영업3,1
퍼니브릭,e-영업4,1
퍼니퍼니,e-영업3,2
퍼스트랩,e-영업4,1
퍼퓸홀릭,e-영업4,1
펀앤드림,e-영업3,1
펀치라인,e-영업3,1
페드리니,e-영업4,1
페라가모,e-영업3,2
페라슈발,e-영업4,1
페레가모,e-영업3,1
페르난다,e-영업4,1
페리미츠,e-영업3,1
페리페라,e-영업4,1
페브리즈,e-영업4,1
페블러스,e-영업4,1
페세리코,e-영업3,1
페이유에,e-영업3,1
페트레이,e-영업3,1
펜마스터,e-영업4,1
펜티뷰티,e-영업4,1
펨프레쉬,e-영업4,1
펫메이트,e-영업4,1
펫스토리,e-영업4,1
펫아미고,e-영업4,1
펫에스테,e-영업4,1
펫파운드,e-영업4,1
편식공장,e-영업4,1
평소생활,e-영업3,2
포더스킨,e-영업4,1
포드바쉐,e-영업4,1
포레스크,e-영업4,1
포레포레,e-영업3,1
포렌코즈,e-영업4,1
포르텔라,e-영업3,1
포망데레,e-영업2,1
포멜라토,e-영업3,1
포블랑시,e-영업4,1
포비치스,e-영업3,1
포에지담,e-영업3,1
포인트앤,e-영업4,1
포젤란 홈,e-영업4,1
포지에리,e-영업3,1
포커시스,e-영업4,1
포켓배드,e-영업4,1
포켓베드,e-영업4,1
포텐시아,e-영업4,1
포트메인,e-영업4,1
폭스베딩,e-영업4,1
폭스타일,e-영업3,2
폰드그룹,e-영업3,1
폴 메이저,e-영업3,1
폴 스미스,e-영업3,2
폴 스크릭,e-영업3,1
폴로클럽,e-영업3,1
폴리넬리,e-영업3,1
폴뮤지엄,e-영업3,1
폴브리알,e-영업3,1
폴스미스,e-영업3,2
폴스크릭,e-영업4,1
폴스포텐,e-영업4,1
폴앤샤크,e-영업3,1
풀앤베어,e-영업3,2
풀카운트,e-영업3,1
풋타콤마,e-영업4,1
퓨어리랩,e-영업4,1
퓨어케이,e-영업4,1
퓨어코치,e-영업4,1
퓨어트리,e-영업4,1
퓨어포레,e-영업4,1
퓨어포포,e-영업4,1
퓨어핸드,e-영업4,1
퓨어힐스,e-영업4,1
프라데라,e-영업4,1
프라도어,e-영업4,1
프라브아,e-영업4,1
프라우나,e-영업4,1
프라우반,e-영업4,1
프라이탁,e-영업3,1
프란델리,e-영업4,1
프랭클리,e-영업3,2
프랭키샵,e-영업3,1
프레센스,e-영업4,1
프레시팝,e-영업4,1
프레이즈,e-영업4,1
프렌치불,e-영업4,1
프렌치캣,e-영업3,1
프렐류드,e-영업4,1
프로기어,e-영업4,1
프로라소,e-영업4,1
프로이스,e-영업4,1
프로틴업,e-영업4,1
프로피쿡,e-영업4,1
프리누아,e-영업4,1
프리머스,e-영업4,1
프리메라,e-영업4,1
프리베일,e-영업3,1
프리파라,e-영업4,1
프리플라,e-영업3,1
프린세스,e-영업4,1
프린시아,e-영업4,1
플라이코,e-영업4,1
플라이토,e-영업3,2
플랙커스,e-영업4,1
플랜40,e-영업4,1
플랜토닉,e-영업4,1
플랩에프,e-영업3,1
플러그티,e-영업3,1
플러키티,e-영업3,1
플레이뎁,e-영업4,1
플레이몰,e-영업3,2
플레이부,e-영업4,1
플레이블,e-영업4,1
플레이언,e-영업3,1
플로라퓸,e-영업4,1
플로리스,e-영업4,1
플로쉐임,e-영업3,1
플로카티,e-영업4,1
플르부아,e-영업4,1
플리츠미,e-영업3,1
플릭플락,e-영업3,1
피그앤헨,e-영업3,1
피레넥스,e-영업3,1
피레스트,e-영업4,1
피스카스,e-영업4,1
피아네르,e-영업3,2
피알지알,e-영업4,1
피앤케이,e-영업4,1
피엑스지,e-영업3,2
피엔풍년,e-영업4,1
피엘디크,e-영업4,1
피엘라벤,e-영업3,2
피지에이,e-영업3,2
피지오겔,e-영업4,1
피치포포,e-영업4,1
피콰드로,e-영업3,1
피터 젠슨,e-영업3,4
피터젠슨,e-영업3,2
피토메르,e-영업4,1
픽세이션,e-영업4,1
핀 에스커,e-영업3,1
핀티녹스,e-영업4,1
필떼28,e-영업4,1
필로르가,e-영업4,1
필로소피,e-영업3,2
필립모델,e-영업2,2
필터포유,e-영업4,1
핑_유료,e-영업4,1
핑_클럽,e-영업4,1
핑카홀릭,e-영업4,1
하그노스,e-영업3,1
하다라보,e-영업4,1
하또무기,e-영업4,1
하랑한복,e-영업3,1
하루브이,e-영업4,1
하만카돈,e-영업4,1
하우지안,e-영업4,1
하울스홈,e-영업4,1
하이듀론,e-영업4,1
하이비션,e-영업3,1
하이칙스,e-영업3,1
하이쿠레,e-영업3,1
하이트만,e-영업4,1
하임셰프,e-영업4,1
하트포드,e-영업3,1
한글안경,e-영업3,1
한미양행,e-영업4,1
한샘조명,e-영업4,1
한스데코,e-영업4,1
한일전기,e-영업4,1
한입세제,e-영업4,1
할로미늄,e-영업3,1
할마네라,e-영업3,1
해츠토리,e-영업3,1
해피랜드,e-영업3,1
해피바스,e-영업4,1
해피버스,e-영업3,1
해피얼쓰,e-영업4,1
해피파우,e-영업4,1
행남자기,e-영업4,1
행텐 틴즈,e-영업3,1
허로우!,e-영업4,1
허먼밀러,e-영업4,1
허스텔러,e-영업4,1
헤르비스,e-영업4,1
헤르조그,e-영업4,1
헤비추얼,e-영업3,1
헤스테라,e-영업3,1
헤어리치,e-영업4,1
헤이두드,e-영업3,1
헤이메르,e-영업4,1
헤이미니,e-영업3,1
헤이버터,e-영업4,1
헤이센티,e-영업4,1
헤지스 홈,e-영업4,1
헨더 스킴,e-영업3,1
헨더스킴,e-영업3,1
헨리런던,e-영업3,1
헨리코튼,e-영업3,2
헬도라도,e-영업3,1
헬로도기,e-영업4,1
헬로버디,e-영업4,1
헬로키티,e-영업3,1
헬리녹스,e-영업4,1
헬리덴티,e-영업4,1
헬무트 랭,e-영업3,1
헬베스코,e-영업4,1
헬스브로,e-영업4,1
호비건트,e-영업4,1
호텔도슨,e-영업4,1
혼가먼트,e-영업4,1
홀리앤보,e-영업3,1
홈바내쓰,e-영업4,1
홈바이홈,e-영업4,1
홈앤시스,e-영업4,1
홈앤키친,e-영업4,1
홈인캠핑,e-영업4,1
화이트볼,e-영업4,1
화플라나,e-영업4,1
황후지화,e-영업4,1
횡성한우,e-영업4,1
후다 뷰티,e-영업4,1
후시다인,e-영업4,1
휘마스크,e-영업4,1
휴고보스,e-영업3,2
휴라이즈,e-영업4,1
휴라이프,e-영업4,1
휴빛조명,e-영업4,1
히마라야,e-영업4,1
히말라야,e-영업4,1
히트가구,e-영업4,1
힐리먼트,e-영업3,2
424,e-영업3,1
752,e-영업4,1
AHC,e-영업4,1
BYC,e-영업3,1
CK진,e-영업3,1
NBA,e-영업3,1
UGG,e-영업3,1
가그린,e-영업4,1
가까이,e-영업3,1
가네보,e-영업4,1
가누다,e-영업4,1
가마요,e-영업4,1
가버치,e-영업4,1
가온애,e-영업4,1
가와이,e-영업4,1
가우드,e-영업3,1
가의원,e-영업4,1
가이거,e-영업3,2
가이코,e-영업4,1
갓투비,e-영업4,1
강민성,e-영업4,1
갸스비,e-영업4,1
검트리,e-영업4,1
게이즈,e-영업3,2
게츠비,e-영업3,1
겐지아,e-영업4,1
고공캣,e-영업4,1
고디바,e-영업4,1
고아라,e-영업3,1
고야드,e-영업3,1
고트만,e-영업4,1
골드빛,e-영업3,1
골드웰,e-영업4,1
골드윈,e-영업3,1
골드팡,e-영업3,1
골든듀,e-영업3,1
골든벨,e-영업4,1
광주요,e-영업4,1
교복몰,e-영업3,1
구르메,e-영업4,1
구스온,e-영업4,1
구이디,e-영업3,1
구일9,e-영업4,1
구찌니,e-영업4,1
굳이어,e-영업3,1
굿앤홈,e-영업4,1
그라펜,e-영업4,1
그란츠,e-영업4,1
그래뉴,e-영업4,1
그레비,e-영업3,2
그렌슨,e-영업3,1
그로쉬,e-영업4,1
그루브,e-영업3,1
그리디,e-영업4,1
그리쉬,e-영업3,1
그린 벨,e-영업4,1
글래드,e-영업4,1
글로리,e-영업3,1
글루어,e-영업4,1
글리머,e-영업3,2
기어팩,e-영업4,1
김수자,e-영업4,1
김오곤,e-영업4,1
까날리,e-영업3,1
까레라,e-영업3,1
까르뱅,e-영업3,2
까사니,e-영업4,1
까사렐,e-영업3,2
까사맘,e-영업4,1
깔라오,e-영업4,1
꼬달리,e-영업4,1
꼬또네,e-영업4,1
꼬망스,e-영업3,1
꼬지비,e-영업3,1
꼼파뇨,e-영업3,1
꾸레쥬,e-영업3,1
꾸미까,e-영업3,2
꾸민가,e-영업4,1
꾸버스,e-영업4,1
꿈과별,e-영업3,1
끄란느,e-영업3,1
끌로에,e-영업3,3
나귀사,e-영업3,1
나드리,e-영업4,1
나라라,e-영업3,1
나르시,e-영업4,1
나비잠,e-영업3,1
나이키,e-영업3,8
나카야,e-영업4,1
난이거,e-영업4,1
남조쉬,e-영업3,1
내소탈,e-영업4,1
네모탭,e-영업4,1
네스트,e-영업4,1
네시픽,e-영업4,1
네오랩,e-영업4,1
네오젠,e-영업4,1
네페라,e-영업4,1
네퓨어,e-영업4,1
노너스,e-영업4,1
노르다,e-영업3,1
노른자,e-영업4,1
노마드,e-영업4,1
노비스,e-영업3,2
노비타,e-영업4,1
노우드,e-영업3,1
노울스,e-영업3,1
노워터,e-영업4,1
노이어,e-영업3,1
노이즈,e-영업3,2
노타백,e-영업3,1
노티그,e-영업3,1
노티카,e-영업3,2
노하우,e-영업4,1
논로컬,e-영업3,2
누누누,e-영업3,1
누누썸,e-영업4,1
누디진,e-영업3,1
누마르,e-영업4,1
누벨르,e-영업4,1
누아믹,e-영업3,1
누토프,e-영업3,1
누하주,e-영업3,1
뉴니스,e-영업4,1
뉴라덤,e-영업4,1
뉴에라,e-영업3,3
뉴트리,e-영업4,1
뉴해빗,e-영업3,1
니들스,e-영업3,1
니바다,e-영업3,1
니베아,e-영업4,1
니샤네,e-영업4,1
니씨드,e-영업4,1
니어랩,e-영업4,1
니어핀,e-영업4,1
니얼지,e-영업4,1
니옥신,e-영업4,1
니주르,e-영업3,1
니치어,e-영업4,1
니치크,e-영업4,1
니켄트,e-영업4,1
니코트,e-영업4,1
니틀리,e-영업3,1
니티나,e-영업4,1
닌텐도,e-영업4,1
닐 바렛,e-영업3,1
닐바렛,e-영업3,2
다나한,e-영업4,1
다본다,e-영업4,1
다사끼,e-영업3,1
다소다,e-영업4,1
다앤다,e-영업4,1
다우니,e-영업4,1
다우닝,e-영업4,1
다이슨,e-영업4,1
다이와,e-영업4,1
다인홈,e-영업4,1
다자연,e-영업4,1
다잰다,e-영업4,1
다카인,e-영업3,2
다팅턴,e-영업4,1
닥터 조,e-영업4,1
닥터스,e-영업4,1
닥터올,e-영업4,1
닥터웰,e-영업4,1
닥터지,e-영업4,1
닥터키,e-영업4,1
닥터탑,e-영업4,1
닥터홍,e-영업4,1
닥토브,e-영업4,1
단옥고,e-영업4,1
단터프,e-영업4,1
달가운,e-영업4,1
달곰이,e-영업4,1
달리즈,e-영업4,1
달리프,e-영업4,1
댄트롤,e-영업4,1
더 그란,e-영업4,1
더 레쉬,e-영업4,1
더 로우,e-영업3,1
더 로켓,e-영업3,2
더 리얼,e-영업4,1
더다믐,e-영업4,1
더따슴,e-영업4,1
더로우,e-영업3,1
더롬브,e-영업4,1
더리얼,e-영업4,1
더마겔,e-영업4,1
더마비,e-영업4,1
더마슨,e-영업4,1
더마이,e-영업4,1
더마콜,e-영업4,1
더마퀸,e-영업4,1
더마펌,e-영업4,1
더마힐,e-영업4,1
더메종,e-영업4,1
더무지,e-영업3,1
더베르,e-영업4,1
더보엠,e-영업3,1
더셀랩,e-영업4,1
더엣지,e-영업3,1
더유핏,e-영업4,1
더이룸,e-영업4,1
더자연,e-영업4,1
더쿠션,e-영업4,1
더키코,e-영업4,1
더펠라,e-영업4,1
더하라,e-영업4,1
더하랑,e-영업3,1
더할리,e-영업4,1
던스트,e-영업3,2
데렉 램,e-영업4,1
데렉램,e-영업3,2
데미안,e-영업3,1
데상트,e-영업4,2
데스틴,e-영업3,1
데시오,e-영업4,1
데오아,e-영업4,1
데우스,e-영업3,1
데이셀,e-영업4,1
데이트,e-영업3,1
데자뷰,e-영업4,1
데카브,e-영업3,1
데케트,e-영업3,2
데코뷰,e-영업4,1
덴탈픽,e-영업4,1
델가토,e-영업3,1
델라고,e-영업4,1
델라롬,e-영업4,1
델루체,e-영업4,1
델코퍼,e-영업3,1
뎃츠잇,e-영업3,1
도깨비,e-영업4,1
도로시,e-영업3,1
도루코,e-영업4,1
도메틱,e-영업4,1
도무스,e-영업4,1
도미솔,e-영업4,1
도시샤,e-영업4,1
도이터,e-영업3,2
도터스,e-영업4,1
도토로,e-영업3,2
돗투돗,e-영업3,1
동구밭,e-영업4,1
동의삼,e-영업4,1
동인비,e-영업4,1
두들백,e-영업3,1
두리펀,e-영업4,1
두마딴,e-영업3,1
두아니,e-영업3,1
듀라핏,e-영업4,1
듀랑고,e-영업4,1
듀벨라,e-영업4,1
듀얼릿,e-영업4,1
듀오락,e-영업4,1
듀오랩,e-영업4,1
듀오백,e-영업4,1
드라마,e-영업4,1
드라반,e-영업3,1
드래곤,e-영업3,1
드롱기,e-영업4,1
드리븐,e-영업3,1
드림톨,e-영업3,1
드림팜,e-영업4,1
드보르,e-영업4,1
드웰러,e-영업4,1
드제코,e-영업3,2
디그레,e-영업3,1
디네치,e-영업3,1
디디오,e-영업3,1
디마레,e-영업4,1
디망디,e-영업3,1
디망쉬,e-영업3,1
디바제,e-영업4,1
디보션,e-영업4,1
디아즈,e-영업4,1
디앤디,e-영업4,1
디얼스,e-영업4,1
디에고,e-영업4,1
디에메,e-영업3,1
디에프,e-영업4,1
디엠스,e-영업3,1
디오네,e-영업4,1
디오닉,e-영업4,1
디오디,e-영업4,1
디오브,e-영업4,1
디오비,e-영업4,1
디온 리,e-영업3,1
디올라,e-영업3,1
디즈니,e-영업3,3
디카렌,e-영업3,1
디컬러,e-영업3,1
디컬트,e-영업3,1
디코라,e-영업4,1
디페어,e-영업4,1
디펜드,e-영업4,1
디포쉬,e-영업3,1
디폴트,e-영업3,1
디플랜,e-영업3,1
디플랫,e-영업3,1
디피씨,e-영업4,1
딥디크,e-영업4,1
딥티크,e-영업4,1
따스한,e-영업4,1
딸리까,e-영업4,1
떼르디,e-영업4,1
똘무룩,e-영업3,1
띠아프,e-영업4,1
띠어리,e-영업3,1
라 메르,e-영업4,1
라귀올,e-영업4,1
라그랑,e-영업4,1
라기올,e-영업4,1
라네즈,e-영업4,1
라누베,e-영업4,1
라라츄,e-영업4,1
라라펠,e-영업3,1
라로쉐,e-영업4,1
라루즈,e-영업4,1
라르고,e-영업3,1
라르츠,e-영업4,1
라리끄,e-영업4,1
라리브,e-영업4,1
라리사,e-영업4,1
라메르,e-영업4,1
라모랭,e-영업3,1
라무드,e-영업4,1
라뮤즈,e-영업4,1
라버리,e-영업4,1
라베라,e-영업4,1
라벨로,e-영업4,1
라벨영,e-영업4,1
라비센,e-영업4,1
라비엘,e-영업4,1
라뽐므,e-영업4,1
라사라,e-영업4,1
라스벳,e-영업3,1
라스코,e-영업4,1
라쌍떼,e-영업4,1
라우쉬,e-영업4,1
라이스,e-영업4,1
라이온,e-영업4,1
라이즐,e-영업4,1
라이프,e-영업4,1
라이필,e-영업4,1
라카빈,e-영업4,1
라코벳,e-영업4,1
라쿠르,e-영업4,1
라쿠진,e-영업4,1
라펠라,e-영업3,1
라퐁프,e-영업4,1
라푸마,e-영업1,5
라플리,e-영업3,1
라피네,e-영업4,1
라피타,e-영업4,1
라헨느,e-영업3,2
락앤락,e-영업4,1
락토덤,e-영업4,1
락포트,e-영업3,2
란체티,e-영업3,1
랑데부,e-영업3,1
랙앤본,e-영업3,1
랜드미,e-영업4,1
랩72,e-영업3,1
랩온랩,e-영업4,1
랩코스,e-영업4,1
랭앤루,e-영업3,2
러그즈,e-영업3,1
러브넛,e-영업3,1
러브캣,e-영업3,1
러브쿡,e-영업4,1
러브포,e-영업4,1
러비네,e-영업3,1
러빙홈,e-영업4,1
럭센스,e-영업3,1
레꼴뜨,e-영업4,1
레노마,e-영업3,8
레녹스,e-영업4,1
레데커,e-영업4,1
레드윙,e-영업3,1
레드캣,e-영업3,2
레드켄,e-영업4,1
레미유,e-영업4,1
레벤픽,e-영업4,1
레브론,e-영업4,1
레브루,e-영업4,1
레씨토,e-영업3,1
레이닌,e-영업4,1
레이델,e-영업4,1
레이밴,e-영업3,1
레이벤,e-영업3,2
레이스,e-영업3,1
레이캅,e-영업4,1
레이코,e-영업4,1
레이트,e-영업4,1
레인스,e-영업3,1
레코브,e-영업3,2
레쿠에,e-영업4,1
레페토,e-영업3,1
레펙스,e-영업4,1
렉스퀸,e-영업4,1
렉스한,e-영업4,1
렘노스,e-영업4,1
로고나,e-영업4,1
로고스,e-영업4,1
로라네,e-영업3,1
로레알,e-영업4,1
로레이,e-영업4,1
로레타,e-영업4,1
로마로,e-영업4,1
로만손,e-영업3,1
로벤조,e-영업4,1
로보락,e-영업4,1
로브제,e-영업4,1
로비츠,e-영업4,1
로사센,e-영업4,1
로샤스,e-영업3,2
로스돔,e-영업4,1
로스코,e-영업3,1
로쎄앙,e-영업4,1
로아띠,e-영업4,1
로아주,e-영업3,1
로아즈,e-영업3,1
로에베,e-영업3,2
로에일,e-영업3,1
로에카,e-영업3,1
로이드,e-영업3,1
로이텀,e-영업3,1
로제트,e-영업4,1
로젠탈,e-영업4,1
로즈몽,e-영업3,2
로지텍,e-영업4,1
로코코,e-영업4,1
로트리,e-영업4,1
로플린,e-영업4,1
로하셀,e-영업4,1
로하티,e-영업3,2
록시땅,e-영업4,1
론체어,e-영업4,1
론카토,e-영업3,1
롤렉스,e-영업3,1
롤리클,e-영업4,1
롤리탑,e-영업3,1
루나솔,e-영업4,1
루니덕,e-영업3,1
루디스,e-영업4,1
루메나,e-영업4,1
루미따,e-영업4,1
루미르,e-영업4,1
루미오,e-영업4,1
루베로,e-영업4,1
루베크,e-영업4,1
루비락,e-영업3,1
루비스,e-영업4,1
루시앙,e-영업3,1
루아르,e-영업4,1
루아코,e-영업4,1
루오끼,e-영업4,1
루오딘,e-영업4,1
루이공,e-영업4,1
루체티,e-영업4,1
루첸리,e-영업3,1
룩픽스,e-영업4,1
룬닥스,e-영업3,1
룰라비,e-영업3,1
르 라보,e-영업4,1
르까프,e-영업3,3
르꼬끄,e-영업3,2
르누쿠,e-영업4,1
르니나,e-영업3,1
르다즐,e-영업4,1
르라보,e-영업3,2
르마드,e-영업3,1
르메르,e-영업3,1
르무어,e-영업4,1
르무통,e-영업3,1
르미아,e-영업3,1
르버브,e-영업4,1
르쁠레,e-영업3,1
르셀르,e-영업4,1
르쏘쏘,e-영업4,1
르씨엘,e-영업4,1
르아르,e-영업3,1
르제로,e-영업3,1
르파코,e-영업3,2
리노킨,e-영업4,1
리메인,e-영업3,1
리멤버,e-영업3,2
리모와,e-영업3,1
리바트,e-영업4,1
리버델,e-영업4,1
리버스,e-영업4,1
리베로,e-영업4,1
리벨롭,e-영업4,1
리볼드,e-영업3,1
리브온,e-영업4,1
리빙몬,e-영업4,1
리빙앤,e-영업4,1
리스트,e-영업3,1
리시리,e-영업4,1
리앤룸,e-영업4,1
리앤쿡,e-영업4,1
리에떼,e-영업3,1
리에락,e-영업4,1
리올그,e-영업3,1
리우드,e-영업3,1
리우젤,e-영업4,1
리우조,e-영업3,1
리젠트,e-영업4,1
리졸리,e-영업4,1
리쥬란,e-영업4,1
리체나,e-영업4,1
리카타,e-영업4,1
리케이,e-영업4,1
리틀뎁,e-영업3,1
리틀쿤,e-영업3,1
리틀펍,e-영업4,1
리피엘,e-영업4,1
리피트,e-영업4,1
리하스,e-영업4,1
리한나,e-영업4,1
린나이,e-영업4,1
릴리슈,e-영업3,1
릴리오,e-영업3,1
링서울,e-영업3,1
마네비,e-영업3,1
마라홈,e-영업4,1
마렉스,e-영업4,1
마렐라,e-영업3,1
마로네,e-영업3,1
마로셀,e-영업4,1
마로이,e-영업3,1
마루망,e-영업4,1
마루이,e-영업4,1
마르니,e-영업3,2
마르셀,e-영업3,1
마르셋,e-영업4,1
마리떼,e-영업3,1
마메종,e-영업4,1
마모스,e-영업4,1
마모트,e-영업4,1
마몽드,e-영업4,1
마무트,e-영업3,1
마발라,e-영업4,1
마비스,e-영업4,1
마쉐리,e-영업4,1
마요하,e-영업4,1
마이꼬,e-영업3,1
마이니,e-영업4,1
마이센,e-영업4,1
마이어,e-영업4,1
마이템,e-영업4,1
마이핏,e-영업3,1
마인들,e-영업3,1
마지스,e-영업4,1
마지우,e-영업4,1
마치홈,e-영업4,1
마카토,e-영업4,1
마칼루,e-영업4,1
마커스,e-영업4,1
마켓비,e-영업4,1
마크비,e-영업3,1
마크엠,e-영업3,2
마텐더,e-영업4,1
마티덤,e-영업4,1
마틴발,e-영업3,1
마틸라,e-영업3,2
만세스,e-영업4,1
말라키,e-영업3,1
말랑이,e-영업4,1
말리에,e-영업4,1
말리오,e-영업4,1
매너스,e-영업3,1
매리앤,e-영업3,1
맥널티,e-영업4,1
맥도도,e-영업4,1
맥카지,e-영업3,1
맥포스,e-영업3,1
머랭고,e-영업3,1
멀버리,e-영업3,1
메노킨,e-영업4,1
메니큐,e-영업4,1
메듀즈,e-영업1,4
메디안,e-영업4,1
메디팜,e-영업4,1
메디필,e-영업4,1
메디힐,e-영업4,1
메레신,e-영업4,1
메리노,e-영업4,1
메리쿱,e-영업3,2
메버릭,e-영업3,1
메세나,e-영업4,1
메소드,e-영업4,1
메시앙,e-영업4,1
메이블,e-영업4,1
메이썸,e-영업3,1
메이퀸,e-영업3,1
메이홈,e-영업4,1
메이홉,e-영업4,1
메종듀,e-영업4,1
메프라,e-영업4,1
멘토스,e-영업4,1
멜리니,e-영업3,1
멜리사,e-영업3,1
멜리타,e-영업4,1
멜비타,e-영업4,1
멜포니,e-영업4,1
멧앤멜,e-영업3,2
명작수,e-영업4,1
모그원,e-영업4,1
모네프,e-영업4,1
모노뜨,e-영업3,2
모노템,e-영업4,1
모데나,e-영업4,1
모데쯔,e-영업3,1
모드곤,e-영업3,1
모든고,e-영업3,1
모레모,e-영업4,1
모로칸,e-영업4,1
모리츠,e-영업4,1
모리화,e-영업4,1
모멘티,e-영업4,1
모발아,e-영업4,1
모브쌩,e-영업4,1
모블러,e-영업3,1
모비엘,e-영업4,1
모스콧,e-영업3,1
모아르,e-영업3,1
모아이,e-영업4,1
모이나,e-영업3,1
모하니,e-영업4,1
목우촌,e-영업4,1
몬데인,e-영업3,2
몬디악,e-영업4,1
몬벤토,e-영업4,1
몬츄라,e-영업3,2
몬타나,e-영업3,2
몬테라,e-영업4,1
몰리즈,e-영업3,1
몰리큘,e-영업4,1
몰바니,e-영업4,1
몰스킨,e-영업3,1
몽버디,e-영업4,1
몽블랑,e-영업3,2
몽쉐어,e-영업4,1
몽슈슈,e-영업4,1
몽쥬르,e-영업3,1
몽크슈,e-영업4,1
무궁화,e-영업4,1
무니오,e-영업4,1
무디디,e-영업3,1
무라이,e-영업3,1
무레르,e-영업3,1
무아스,e-영업4,1
무아유,e-영업4,1
무코타,e-영업4,1
문부츠,e-영업3,1
문스타,e-영업3,1
물들임,e-영업4,1
뮤라드,e-영업4,1
뮤란드,e-영업4,1
뮤리엠,e-영업4,1
뮤지크,e-영업3,1
미가비,e-영업4,1
미니스,e-영업4,1
미니어,e-영업3,1
미니쿡,e-영업4,1
미닉스,e-영업4,1
미디공,e-영업4,1
미디아,e-영업4,1
미디어,e-영업4,1
미라스,e-영업4,1
미라콥,e-영업4,1
미밍코,e-영업4,1
미사일,e-영업4,1
미사코,e-영업3,1
미사키,e-영업3,1
미센스,e-영업3,1
미소니,e-영업3,1
미소페,e-영업3,1
미쏘니,e-영업3,2
미아뜨,e-영업4,1
미쟝센,e-영업4,1
미즈노,e-영업3,3
미즈모,e-영업3,1
미켈란,e-영업4,1
미크릿,e-영업4,1
미포넷,e-영업3,1
민트리,e-영업4,1
밀라숀,e-영업4,1
밀레나,e-영업4,1
밀리밤,e-영업3,1
밀리홈,e-영업4,1
밍크뮤,e-영업3,1
바가리,e-영업3,1
바게지,e-영업4,1
바나날,e-영업4,1
바나코,e-영업4,1
바낙스,e-영업4,1
바난겐,e-영업4,1
바네따,e-영업4,1
바두기,e-영업4,1
바디비,e-영업4,1
바디킹,e-영업3,1
바디휴,e-영업4,1
바레나,e-영업3,1
바로업,e-영업4,1
바로우,e-영업3,1
바로톡,e-영업4,1
바르바,e-영업3,1
바바라,e-영업3,2
바바코,e-영업4,1
바비숑,e-영업4,1
바비펫,e-영업4,1
바세린,e-영업4,1
바세티,e-영업4,1
바슈롬,e-영업4,1
바스칼,e-영업4,1
바스통,e-영업3,1
바스틱,e-영업3,1
바오밥,e-영업4,1
바이 파,e-영업3,1
바이거,e-영업4,1
바이라,e-영업4,1
바이빔,e-영업4,1
바이엘,e-영업3,1
바이움,e-영업4,1
바이윰,e-영업3,1
바이칼,e-영업4,1
바이파,e-영업3,1
바이퍼,e-영업3,1
바이홈,e-영업4,1
바인드,e-영업3,2
바카라,e-영업3,2
바티리,e-영업4,1
박술녀,e-영업4,1
박연경,e-영업4,1
반들러,e-영업3,1
반하트,e-영업3,1
발레라,e-영업4,1
발레리,e-영업3,1
발레아,e-영업4,1
발로타,e-영업3,1
발몽드,e-영업4,1
발뮤다,e-영업4,1
발코니,e-영업3,1
발키리,e-영업3,1
밤나무,e-영업3,1
밧드야,e-영업4,1
배로우,e-영업3,2
배큐빈,e-영업4,1
백산수,e-영업4,1
백옥생,e-영업4,1
밴브루,e-영업3,1
뱅글업,e-영업3,1
버가나,e-영업4,1
버니덴,e-영업3,2
버도어,e-영업4,1
버뮤다,e-영업4,1
버밀란,e-영업3,1
버버리,e-영업3,4
버블리,e-영업4,1
버서스,e-영업3,1
버쉬카,e-영업3,2
버얼리,e-영업4,1
버진백,e-영업4,1
버츠비,e-영업3,2
버커루,e-영업3,1
버팔로,e-영업3,2
벌스원,e-영업3,1
베네디,e-영업3,1
베네통,e-영업3,7
베니앙,e-영업4,1
베다트,e-영업3,1
베드락,e-영업4,1
베라왕,e-영업3,3
베럴즈,e-영업4,1
베루툼,e-영업3,3
베르두,e-영업4,1
베르티,e-영업4,1
베르판,e-영업4,1
베리썸,e-영업4,1
베베샤,e-영업3,1
베베숲,e-영업3,2
베베쥬,e-영업3,1
베비몽,e-영업3,1
베아바,e-영업3,1
베이프,e-영업3,1
베지밀,e-영업4,1
베크만,e-영업3,1
베테제,e-영업3,1
베트멍,e-영업3,1
베틀러,e-영업4,1
벤셔먼,e-영업3,2
벤소닉,e-영업4,1
벤시몽,e-영업3,3
벤테라,e-영업3,1
벤틀리,e-영업4,1
벤하임,e-영업4,1
벨도라,e-영업4,1
벨라수,e-영업4,1
벨라펫,e-영업4,1
벨레다,e-영업4,1
벨레스,e-영업3,2
벨로이,e-영업3,2
벨로핏,e-영업4,1
벨루티,e-영업3,1
벨류엣,e-영업3,1
벨리벤,e-영업4,1
벨리즈,e-영업4,1
벨링거,e-영업3,1
벨버드,e-영업4,1
보그너,e-영업3,2
보그슈,e-영업3,1
보그스,e-영업3,1
보나토,e-영업4,1
보네코,e-영업4,1
보니데,e-영업4,1
보다나,e-영업4,1
보드레,e-영업4,1
보떼덤,e-영업4,1
보르도,e-영업4,1
보리맘,e-영업3,1
보보룸,e-영업4,1
보비노,e-영업3,2
보비니,e-영업4,1
보사인,e-영업4,1
보슈아,e-영업3,1
보스카,e-영업4,1
보아르,e-영업4,1
보아스,e-영업4,1
보아요,e-영업4,1
보에나,e-영업4,1
보에즈,e-영업3,1
보울러,e-영업3,1
보이러,e-영업4,1
보이린,e-영업4,1
보타랩,e-영업4,1
본 메종,e-영업3,1
볼테라,e-영업3,2
봄소와,e-영업4,1
봉보노,e-영업3,1
봉쁘앙,e-영업3,2
부라더,e-영업4,1
부르르,e-영업3,2
부쉐론,e-영업3,2
부쉬넬,e-영업4,2
부테로,e-영업3,1
분더샵,e-영업4,1
불가리,e-영업3,2
불라디,e-영업3,1
불레부,e-영업3,2
뷰링크,e-영업4,1
뷰망뜨,e-영업4,1
뷰앤디,e-영업4,1
브라더,e-영업4,1
브라운,e-영업3,2
브람스,e-영업4,1
브랜즈,e-영업3,1
브레게,e-영업3,1
브레라,e-영업3,1
브레일,e-영업3,1
브레카,e-영업4,1
브렌스,e-영업4,1
브론리,e-영업4,1
브루네,e-영업4,1
브룩스,e-영업4,1
브리더,e-영업4,1
브리츠,e-영업4,1
브리카,e-영업3,1
브릭스,e-영업4,1
브린제,e-영업3,2
브링백,e-영업4,1
브브브,e-영업3,1
브에노,e-영업4,1
브이텍,e-영업3,1
브이투,e-영업3,2
브이펫,e-영업4,1
블라썸,e-영업4,1
블라워,e-영업3,1
블란다,e-영업4,1
블랑두,e-영업4,1
블랑샤,e-영업3,1
블랙쉽,e-영업3,1
블랙킹,e-영업4,1
블러브,e-영업4,1
블러프,e-영업3,1
블레스,e-영업4,1
블레쥬,e-영업4,1
블렌드,e-영업3,1
블렌텍,e-영업4,1
블루걸,e-영업3,1
블루닷,e-영업4,1
블루독,e-영업3,1
블루반,e-영업4,1
블루폴,e-영업4,1
블루필,e-영업4,1
블리스,e-영업4,1
블링크,e-영업4,1
비갠디,e-영업3,1
비고스,e-영업3,1
비긴스,e-영업3,1
비너스,e-영업3,2
비노아,e-영업4,1
비디알,e-영업3,1
비라인,e-영업4,1
비러브,e-영업4,1
비레디,e-영업4,1
비레토,e-영업4,1
비로더,e-영업3,1
비범스,e-영업3,1
비베타,e-영업3,1
비브르,e-영업4,1
비비안,e-영업3,2
비스카,e-영업4,1
비스크,e-영업3,1
비씨엘,e-영업4,1
비아크,e-영업4,1
비앤비,e-영업3,2
비앤힐,e-영업4,1
비어랩,e-영업4,1
비어멕,e-영업4,1
비엘오,e-영업4,1
비오레,e-영업4,1
비오비,e-영업3,2
비오엠,e-영업4,1
비오템,e-영업4,1
비욘드,e-영업3,2
비즈랩,e-영업4,1
비즈빔,e-영업3,1
비지스,e-영업3,1
비카인,e-영업4,1
비트리,e-영업4,1
비트젯,e-영업4,1
비티알,e-영업4,1
비판톨,e-영업4,1
비히디,e-영업4,1
빅그린,e-영업4,1
빅마티,e-영업3,1
빅앤트,e-영업4,1
빅야드,e-영업4,1
빅키드,e-영업3,1
빈트릴,e-영업3,1
빈폴멘,e-영업3,1
빌라봉,e-영업4,1
빌리프,e-영업3,2
빠이요,e-영업4,1
뽀로로,e-영업4,1
뿌야뿌,e-영업3,1
쁘띠페,e-영업4,1
삐까부,e-영업3,1
삐삐롱,e-영업3,1
삠뽀요,e-영업3,1
사나다,e-영업4,1
사노핏,e-영업4,1
사라팜,e-영업4,1
사베트,e-영업3,1
사브르,e-영업4,1
사카이,e-영업3,1
사테치,e-영업4,1
사필로,e-영업3,1
삭루츠,e-영업3,2
산드로,e-영업3,1
산리오,e-영업3,2
산수시,e-영업4,1
산수유,e-영업4,1
산테코,e-영업4,1
산토니,e-영업3,1
산토우,e-영업4,1
살레와,e-영업4,1
살로니,e-영업3,1
살로몬,e-영업3,2
삼다수,e-영업4,1
삼보넷,e-영업4,1
샌더스,e-영업4,1
샐큐라,e-영업4,1
샘골드,e-영업3,1
생 로랑,e-영업3,1
생럭슈,e-영업3,2
생로랑,e-영업3,1
샤리올,e-영업3,1
샤바스,e-영업4,1
샤오미,e-영업3,2
샤우마,e-영업4,1
샤이선,e-영업3,1
샤트렌,e-영업3,1
샤프란,e-영업4,1
샷네비,e-영업4,1
서울펫,e-영업4,1
선스키,e-영업4,1
선스펠,e-영업3,1
선실크,e-영업4,1
설화수,e-영업4,1
섬세이,e-영업4,1
세니트,e-영업3,1
세라몰,e-영업4,1
세라비,e-영업4,1
세락스,e-영업4,1
세모레,e-영업4,1
세바고,e-영업3,1
세븐티,e-영업3,1
세비즈,e-영업4,1
세비톨,e-영업4,1
세스띠,e-영업3,1
세스코,e-영업4,1
세이블,e-영업3,1
세이코,e-영업3,1
세이트,e-영업3,1
세이프,e-영업4,1
세인스,e-영업3,1
세타필,e-영업4,1
센부도,e-영업4,1
센사이,e-영업4,1
센스큐,e-영업4,1
센트룸,e-영업4,1
셀더마,e-영업4,1
셀레뷰,e-영업4,1
셀레티,e-영업4,1
셀리턴,e-영업4,1
셀린느,e-영업3,1
셀린온,e-영업4,1
셀마크,e-영업3,1
셀몽드,e-영업4,1
셀뮬러,e-영업4,1
셀미인,e-영업4,1
셀블룸,e-영업4,1
셀비엔,e-영업4,1
셀큐어,e-영업4,1
셀크백,e-영업4,1
셀피쉬,e-영업3,1
셔우드,e-영업4,1
소다산,e-영업4,1
소소코,e-영업4,1
소이담,e-영업4,1
소이지,e-영업4,1
소티스,e-영업4,1
소피나,e-영업4,1
손봉훈,e-영업4,1
손앤박,e-영업4,1
손오공,e-영업3,1
쇼우몰,e-영업4,1
쇼콜라,e-영업3,1
쇼파드,e-영업3,2
쇼핑백,e-영업3,1
수디오,e-영업4,1
수려한,e-영업4,1
수아도,e-영업3,1
수아레,e-영업3,1
수하다,e-영업4,1
순상고,e-영업4,1
숨37,e-영업4,1
쉐르단,e-영업4,1
쉐모아,e-영업4,1
쉐프본,e-영업4,1
쉐프윈,e-영업4,1
쉬림프,e-영업3,1
쉬므스,e-영업3,1
슈맥스,e-영업4,1
슈미트,e-영업4,1
슈베린,e-영업4,1
슈베스,e-영업4,1
슈스파,e-영업3,1
슈커스,e-영업3,1
슈톨츠,e-영업4,1
슈퍼굽,e-영업4,1
슈퍼핏,e-영업4,1
슈프림,e-영업3,1
슈하이,e-영업3,1
스너글,e-영업4,1
스누피,e-영업4,2
스니키,e-영업4,1
스르르,e-영업4,1
스릭슨,e-영업4,1
스몰리,e-영업3,1
스미다,e-영업4,1
스미스,e-영업3,1
스벤슨,e-영업3,2
스빈또,e-영업4,1
스와치,e-영업3,1
스위브,e-영업3,2
스카겐,e-영업3,1
스카이,e-영업3,2
스카트,e-영업3,2
스칸팬,e-영업4,1
스칼렛,e-영업4,1
스칼큐,e-영업4,1
스캐넌,e-영업4,1
스컴버,e-영업3,1
스케다,e-영업4,1
스케덤,e-영업4,1
스코겐,e-영업4,1
스코노,e-영업3,2
스키니,e-영업3,1
스킨유,e-영업4,1
스킬즈,e-영업4,1
스킵합,e-영업3,1
스타셔,e-영업4,1
스타터,e-영업3,1
스탠리,e-영업4,1
스탠스,e-영업3,1
스턴트,e-영업3,1
스테디,e-영업4,1
스테어,e-영업3,1
스텐팟,e-영업4,1
스텔톤,e-영업4,1
스토조,e-영업4,1
스토즐,e-영업4,1
스토캣,e-영업4,1
스투시,e-영업3,1
스틸라,e-영업4,1
스틸러,e-영업3,1
스파알,e-영업4,1
스파오,e-영업3,3
스파온,e-영업4,1
스파클,e-영업4,1
스팔라,e-영업4,1
스팽스,e-영업3,1
스페라,e-영업3,1
스페리,e-영업3,2
스펠라,e-영업4,1
스피도,e-영업3,2
스피만,e-영업3,1
스피카,e-영업4,1
슬럼비,e-영업4,1
슬로기,e-영업3,1
슬로워,e-영업4,1
시다스,e-영업3,2
시디즈,e-영업4,1
시로카,e-영업4,1
시마노,e-영업4,1
시메오,e-영업4,1
시몬스,e-영업4,1
시슬리,e-영업3,2
시야쥬,e-영업3,2
시에나,e-영업3,2
시에로,e-영업3,2
시오네,e-영업4,1
시이안,e-영업3,1
시티즌,e-영업3,1
시호일,e-영업4,1
신우재,e-영업4,1
신주오,e-영업4,1
실루엣,e-영업3,1
실리닷,e-영업4,1
실리만,e-영업4,1
실리쿡,e-영업4,1
실리트,e-영업4,1
실바트,e-영업4,1
실키아,e-영업3,2
십장생,e-영업4,1
싸이닉,e-영업4,1
쌍띠엘,e-영업4,1
써네이,e-영업3,1
써메딕,e-영업4,1
써모스,e-영업4,1
써미트,e-영업4,1
써코니,e-영업4,1
써큐란,e-영업4,1
썬 68,e-영업3,1
썬러브,e-영업4,1
썬스펠,e-영업3,1
썬실크,e-영업4,1
썬월드,e-영업4,1
썬젤리,e-영업4,1
썸띵굿,e-영업3,1
쎄라덤,e-영업4,1
쎄라모,e-영업4,1
쏘두위,e-영업4,1
쏘미미,e-영업4,1
쏘티스,e-영업4,1
쏘헤어,e-영업4,1
쏭레브,e-영업4,1
쓰로우,e-영업3,1
씨뉴욕,e-영업3,1
씨라클,e-영업4,1
씨밀레,e-영업4,1
씨엘로,e-영업3,1
씨엘르,e-영업3,1
씨엠티,e-영업3,1
씨오큐,e-영업3,1
씨이피,e-영업3,1
씨큐알,e-영업3,2
씨티지,e-영업3,1
씨폴리,e-영업3,2
씨피원,e-영업4,1
아가타,e-영업3,3
아골디,e-영업3,1
아그넬,e-영업3,2
아나크,e-영업3,1
아넷사,e-영업4,1
아노바,e-영업4,1
아뇨나,e-영업3,1
아누아,e-영업4,1
아델라,e-영업4,1
아드노,e-영업3,1
아뚜아,e-영업3,1
아레나,e-영업3,2
아로셀,e-영업4,1
아르고,e-영업4,1
아르델,e-영업3,1
아르마,e-영업3,1
아르밍,e-영업4,1
아르반,e-영업3,1
아르케,e-영업4,1
아르켓,e-영업3,1
아르텍,e-영업4,1
아리아,e-영업4,1
아리얼,e-영업4,1
아리킴,e-영업3,1
아리프,e-영업4,1
아마디,e-영업3,1
아망떼,e-영업3,2
아모스,e-영업4,1
아미니,e-영업4,1
아미리,e-영업3,1
아바드,e-영업3,1
아베다,e-영업4,1
아베뜨,e-영업4,1
아베오,e-영업3,1
아벤느,e-영업4,1
아보덤,e-영업4,1
아볼트,e-영업4,1
아브카,e-영업4,1
아비노,e-영업4,1
아비브,e-영업4,1
아비스,e-영업4,1
아비쏘,e-영업3,1
아빈나,e-영업3,1
아세노,e-영업3,1
아소방,e-영업3,1
아소부,e-영업4,1
아소윤,e-영업4,1
아수라,e-영업3,1
아식스,e-영업3,2
아에르,e-영업3,2
아오미,e-영업4,1
아오와,e-영업4,1
아우라,e-영업4,1
아웃런,e-영업4,1
아웃팅,e-영업4,1
아윤채,e-영업4,1
아이뉴,e-영업4,1
아이닉,e-영업4,1
아이다,e-영업4,1
아이더,e-영업3,4
아이덴,e-영업4,1
아이룸,e-영업4,1
아이르,e-영업4,1
아이밀,e-영업4,1
아이붐,e-영업4,1
아이빈,e-영업3,1
아이빔,e-영업4,1
아이숲,e-영업3,1
아이앤,e-영업4,1
아이와,e-영업4,1
아이존,e-영업3,1
아이키,e-영업4,1
아이팜,e-영업3,2
아이픽,e-영업4,1
아이홈,e-영업4,1
아일렌,e-영업3,1
아일로,e-영업4,1
아자르,e-영업4,1
아자브,e-영업3,1
아크네,e-영업3,1
아크로,e-영업4,1
아크웰,e-영업4,1
아타라,e-영업4,1
아템포,e-영업3,2
아토소,e-영업4,1
아토팜,e-영업4,1
아트밀,e-영업4,1
아티드,e-영업3,1
아티스,e-영업4,1
아티카,e-영업3,2
아티코,e-영업3,1
아페세,e-영업3,2
아페쎄,e-영업3,1
아펠라,e-영업3,1
아피스,e-영업4,1
아하바,e-영업4,1
안지크,e-영업3,2
알13,e-영업3,1
알고덤,e-영업4,1
알뜨랑,e-영업4,1
알라라,e-영업3,1
알러셀,e-영업4,1
알레메,e-영업3,1
알레시,e-영업3,2
알렉스,e-영업3,2
알렌스,e-영업3,1
알렌토,e-영업4,1
알로봇,e-영업3,2
알로아,e-영업4,1
알리사,e-영업4,1
알리지,e-영업2,2
알리타,e-영업3,1
알릭스,e-영업3,1
알마프,e-영업4,1
알보우,e-영업4,1
알씨알,e-영업4,1
알알디,e-영업3,1
알지투,e-영업4,1
알테스,e-영업3,1
알테아,e-영업3,1
알텐유,e-영업3,1
알투지,e-영업4,1
알트라,e-영업3,2
알파슈,e-영업3,1
알파카,e-영업4,1
알페신,e-영업4,1
알퐁소,e-영업3,1
알프츠,e-영업4,1
알피나,e-영업3,1
압소바,e-영업3,2
앙떼떼,e-영업3,1
애니 루,e-영업3,1
애니빙,e-영업3,1
애니존,e-영업4,1
애명작,e-영업4,1
앤니즈,e-영업3,1
앤더슨,e-영업3,1
앤드지,e-영업3,1
앤루시,e-영업4,1
앤슬리,e-영업4,1
앤오즈,e-영업3,1
앤왁스,e-영업3,1
앤커버,e-영업3,2
앤하프,e-영업3,1
앰부시,e-영업3,1
앰플엔,e-영업4,1
앳센셜,e-영업4,1
앳코너,e-영업1,3
앵글런,e-영업3,1
야나칸,e-영업4,1
야들리,e-영업4,1
야마하,e-영업4,1
야미다,e-영업4,1
얀13,e-영업3,2
어게인,e-영업4,1
어노드,e-영업3,1
어니시,e-영업4,1
어다울,e-영업3,1
어더스,e-영업3,1
어도어,e-영업3,1
어딕션,e-영업4,1
어린숨,e-영업3,2
어시크,e-영업4,1
어썸듀,e-영업3,1
어썸비,e-영업3,1
어파티,e-영업4,1
어헤즈,e-영업4,1
언더유,e-영업4,1
언뮤트,e-영업4,1
엄브로,e-영업4,1
에가든,e-영업3,2
에넥스,e-영업4,1
에넬카,e-영업4,1
에니르,e-영업3,1
에드마,e-영업4,1
에디션,e-영업3,1
에디슨,e-영업3,2
에뗄린,e-영업3,1
에뛰드,e-영업3,1
에뜨와,e-영업3,1
에띠앙,e-영업4,1
에라토,e-영업4,1
에룸포,e-영업4,1
에르네,e-영업4,1
에르노,e-영업3,1
에르디,e-영업3,1
에르헴,e-영업3,1
에리또,e-영업3,1
에리즈,e-영업3,1
에메필,e-영업3,1
에멜시,e-영업4,1
에바나,e-영업3,1
에바스,e-영업4,1
에버뉴,e-영업4,1
에버봄,e-영업4,1
에버셀,e-영업4,1
에블린,e-영업3,2
에비앙,e-영업4,1
에스떼,e-영업3,1
에스빗,e-영업4,1
에스크,e-영업3,1
에스테,e-영업4,1
에스핏,e-영업3,1
에어룸,e-영업4,1
에어린,e-영업4,1
에어울,e-영업4,1
에어펫,e-영업4,1
에이구,e-영업4,1
에이글,e-영업3,1
에이드,e-영업3,1
에이든,e-영업4,1
에이디,e-영업3,1
에이본,e-영업3,2
에이스,e-영업3,1
에이엠,e-영업3,2
에이올,e-영업4,1
에이옵,e-영업4,1
에이지,e-영업4,1
에이컨,e-영업3,1
에이투,e-영업4,1
에이프,e-영업3,1
에일로,e-영업3,1
에지리,e-영업4,1
에코너,e-영업4,1
에코두,e-영업4,1
에코버,e-영업4,1
에코센,e-영업3,1
에코체,e-영업4,1
에크릿,e-영업3,1
에타페,e-영업4,1
에트로,e-영업3,3
에팅거,e-영업3,2
에포나,e-영업4,1
에포크,e-영업4,1
에피카,e-영업4,1
엑스씨,e-영업3,1
엑스온,e-영업4,1
엑스젤,e-영업4,1
엑타코,e-영업4,1
엔21,e-영업3,2
엔디알,e-영업4,1
엔보우,e-영업4,1
엔소드,e-영업4,1
엔소울,e-영업4,1
엔수스,e-영업4,1
엘노어,e-영업3,1
엘러브,e-영업4,1
엘레나,e-영업4,1
엘레쎄,e-영업4,1
엘로드,e-영업4,1
엘로엘,e-영업4,1
엘리뷰,e-영업4,1
엘리오,e-영업4,1
엘미오,e-영업4,1
엘비엘,e-영업3,1
엘엘빈,e-영업3,1
엘유비,e-영업3,1
엘칸토,e-영업3,1
엘페코,e-영업4,1
엘펜트,e-영업4,1
엘프레,e-영업4,1
엠도씨,e-영업4,1
엠락틴,e-영업4,1
엠리밋,e-영업3,2
엠부쉬,e-영업3,1
엠블러,e-영업3,2
엠솔릭,e-영업4,1
엠씨엠,e-영업3,2
엠씨큐,e-영업3,1
엠아잠,e-영업4,1
엠에스,e-영업3,2
엠엘비,e-영업3,4
엠엠6,e-영업3,2
여미온,e-영업4,1
영실업,e-영업3,1
예꼬맘,e-영업3,1
예나야,e-영업4,1
예니즈,e-영업4,1
예지후,e-영업4,1
오가닉,e-영업4,1
오그램,e-영업3,1
오그레,e-영업4,1
오끼뜨,e-영업3,2
오덴세,e-영업4,1
오델로,e-영업4,1
오들로,e-영업4,1
오딕트,e-영업4,1
오뚜기,e-영업4,1
오띵크,e-영업3,2
오라라,e-영업4,1
오라리,e-영업3,1
오랄리,e-영업3,1
오랄비,e-영업4,1
오레노,e-영업4,1
오로라,e-영업3,1
오르다,e-영업4,1
오르미,e-영업4,1
오르빗,e-영업4,1
오르테,e-영업4,1
오르프,e-영업4,1
오를리,e-영업4,1
오리고,e-영업3,2
오리베,e-영업4,1
오리스,e-영업3,1
오릭스,e-영업4,1
오메가,e-영업3,1
오메비,e-영업4,1
오바지,e-영업4,1
오바쿠,e-영업3,1
오버랩,e-영업3,1
오버톤,e-영업3,1
오베이,e-영업3,1
오보즈,e-영업3,2
오브레,e-영업4,1
오브영,e-영업3,1
오블라,e-영업3,1
오비노,e-영업3,1
오설록,e-영업4,1
오스너,e-영업4,1
오스터,e-영업4,1
오슬로,e-영업4,1
오쎄르,e-영업4,1
오쏘몰,e-영업4,1
오쏘핏,e-영업3,1
오쏠리,e-영업4,1
오아이,e-영업4,1
오아트,e-영업3,1
오야니,e-영업3,1
오엘라,e-영업4,1
오와이,e-영업3,2
오우썸,e-영업4,1
오우투,e-영업4,1
오이쇼,e-영업3,2
오이엘,e-영업3,1
오일리,e-영업3,1
오제끄,e-영업4,1
오지오,e-영업4,1
오클리,e-영업3,2
오토모,e-영업4,1
오토캔,e-영업4,1
오토토,e-영업4,1
오트리,e-영업3,2
오퍼스,e-영업4,1
오페로,e-영업4,1
오피넬,e-영업4,1
오하브,e-영업4,1
옥시도,e-영업3,1
온 러닝,e-영업3,1
온다숲,e-영업4,1
온더온,e-영업4,1
온러닝,e-영업3,2
온센느,e-영업3,1
온앤온,e-영업3,1
온주얼,e-영업3,1
온포트,e-영업3,1
온호프,e-영업4,1
올가나,e-영업3,1
올가휴,e-영업4,1
올곧은,e-영업3,1
올랜드,e-영업3,1
올레이,e-영업4,1
올루체,e-영업4,1
올리반,e-영업3,2
올리버,e-영업3,1
올리빙,e-영업4,1
올리세,e-영업4,1
올리셀,e-영업4,1
올리오,e-영업3,2
올버즈,e-영업3,1
올비아,e-영업4,1
올시즌,e-영업4,1
올앤드,e-영업3,1
올챙이,e-영업3,1
올포유,e-영업3,2
옻가네,e-영업4,1
와이유,e-영업4,1
와이잭,e-영업3,1
와이즈,e-영업3,1
와코도,e-영업4,1
와코루,e-영업3,2
왕혜문,e-영업4,1
요기펫,e-영업4,1
요넥스,e-영업3,2
요아이,e-영업4,1
요이츠,e-영업3,1
요이치,e-영업3,2
우드윅,e-영업4,1
우마 왕,e-영업3,1
우마뭉,e-영업3,2
우메이,e-영업4,1
우비강,e-영업4,1
우알롱,e-영업3,1
우에다,e-영업4,1
우연못,e-영업4,1
우영미,e-영업3,1
우포스,e-영업1,3
운현궁,e-영업4,1
울랄라,e-영업3,1
울루루,e-영업4,1
울리치,e-영업3,1
웅가로,e-영업3,1
워크낫,e-영업3,1
원플러,e-영업4,1
월드컵,e-영업3,2
웨더랩,e-영업3,1
웰더마,e-영업4,1
웰리카,e-영업4,1
웰릭스,e-영업4,1
웰모아,e-영업4,1
웰크론,e-영업4,1
웽커스,e-영업3,1
위가드,e-영업4,1
위너웰,e-영업4,1
위너프,e-영업4,1
위니아,e-영업4,1
위닉스,e-영업4,1
위드미,e-영업4,1
위드샨,e-영업4,1
위드잇,e-영업3,1
위들린,e-영업3,1
위메농,e-영업3,1
위슬로,e-영업4,1
위시드,e-영업3,2
위즈웰,e-영업4,1
위케어,e-영업4,1
위트맨,e-영업3,1
윙스풋,e-영업3,1
유니브,e-영업3,1
유니스,e-영업3,1
유니엘,e-영업3,1
유니지,e-영업3,1
유니참,e-영업4,1
유닉스,e-영업4,1
유리드,e-영업4,1
유리프,e-영업4,1
유마키,e-영업4,1
유비맘,e-영업3,1
유세린,e-영업4,1
유시몰,e-영업4,1
유원트,e-영업4,1
유이크,e-영업4,1
유제피,e-영업3,1
유캠프,e-영업4,1
유키두,e-영업3,1
유키위,e-영업4,1
유피스,e-영업3,1
이경제,e-영업4,1
이고르,e-영업3,1
이고야,e-영업4,1
이나바,e-영업4,1
이너랩,e-영업4,1
이네스,e-영업3,1
이네즈,e-영업4,1
이노스,e-영업4,1
이노젠,e-영업4,1
이누치,e-영업4,1
이뉴어,e-영업4,1
이디야,e-영업4,1
이딸라,e-영업4,1
이르가,e-영업4,1
이메텍,e-영업4,1
이뮤셀,e-영업4,1
이부키,e-영업4,1
이브 롬,e-영업4,1
이브롬,e-영업4,1
이브셀,e-영업3,1
이비에,e-영업4,1
이솔홈,e-영업3,2
이스딘,e-영업4,1
이스타,e-영업4,1
이안 조,e-영업3,1
이알엘,e-영업3,1
이앤씨,e-영업3,1
이엔오,e-영업4,1
이엘오,e-영업4,1
이엠이,e-영업4,1
이오맘,e-영업4,1
이올로,e-영업3,1
이외들,e-영업3,1
이잼쿡,e-영업4,1
이즈미,e-영업4,1
이즐리,e-영업4,1
이지갭,e-영업3,1
이지독,e-영업4,1
이지듀,e-영업4,1
이지앤,e-영업4,1
이지엔,e-영업4,1
이지오,e-영업3,2
이지쿡,e-영업4,1
이츠웰,e-영업4,1
이카룩,e-영업3,2
이케아,e-영업3,2
이타카,e-영업4,1
이티스,e-영업3,1
이퓨럽,e-영업4,1
이프네,e-영업3,1
이피티,e-영업3,1
인더홈,e-영업4,1
인도솔,e-영업4,1
인디고,e-영업3,2
인디안,e-영업3,2
인바디,e-영업4,1
인블룸,e-영업4,1
인빅타,e-영업3,1
인셀덤,e-영업4,1
일구포,e-영업3,1
일라일,e-영업3,1
일루셀,e-영업3,1
일리아,e-영업4,1
일리윤,e-영업4,1
일비아,e-영업4,1
임금님,e-영업4,1
잇츠백,e-영업3,2
잇츠션,e-영업3,1
잉거솔,e-영업3,1
자노네,e-영업3,1
자노따,e-영업4,1
자리아,e-영업4,1
자민경,e-영업4,1
자브라,e-영업4,1
자연퐁,e-영업4,1
자운결,e-영업4,1
자이글,e-영업4,1
자일렉,e-영업4,1
자코모,e-영업4,1
자쿠스,e-영업3,1
자황수,e-영업4,1
잠발란,e-영업4,1
잠뱅이,e-영업3,1
잠스트,e-영업4,1
장듀보,e-영업4,1
장아떼,e-영업4,1
재규어,e-영업4,1
잭 블랙,e-영업4,1
잭블랙,e-영업4,1
잭윌스,e-영업3,1
잭커리,e-영업4,1
잭키드,e-영업3,1
쟝블랑,e-영업4,1
저스트,e-영업2,1
정가진,e-영업4,1
정관장,e-영업4,1
정샘물,e-영업4,1
정한삼,e-영업4,1
제나벨,e-영업4,1
제나셀,e-영업4,1
제네바,e-영업4,1
제니스,e-영업3,1
제니아,e-영업3,1
제니유,e-영업4,1
제닉스,e-영업4,1
제스젭,e-영업4,1
제스파,e-영업4,1
제오닉,e-영업4,1
제옥스,e-영업3,1
제이니,e-영업4,1
제이도,e-영업3,1
제이숲,e-영업4,1
제이씨,e-영업3,1
제이준,e-영업4,1
제이청,e-영업3,2
제인송,e-영업3,2
제주닮,e-영업4,1
제테스,e-영업3,1
제프몽,e-영업3,1
젝시오,e-영업4,1
젠사이,e-영업3,2
젠트웰,e-영업3,1
젠티스,e-영업4,1
젤리캣,e-영업3,1
젤프로,e-영업4,1
젬마니,e-영업4,1
조 말론,e-영업4,1
조르단,e-영업4,1
조말론,e-영업3,2
조보이,e-영업4,1
조성아,e-영업4,1
조셉트,e-영업3,1
조아스,e-영업4,1
조이엘,e-영업3,1
조이코,e-영업4,1
존슨즈,e-영업4,1
존탐스,e-영업4,1
졸링겐,e-영업4,1
종근당,e-영업4,1
주대복,e-영업3,1
주에로,e-영업3,1
준우드,e-영업4,1
쥐앤씨,e-영업4,1
쥬리아,e-영업4,1
쥬베나,e-영업4,1
쥬베라,e-영업4,1
쥬헤브,e-영업4,1
쥴라이,e-영업4,1
쥴리크,e-영업4,1
즈윌링,e-영업4,1
즙쟁이,e-영업4,1
지고트,e-영업3,1
지누스,e-영업4,1
지니킴,e-영업3,2
지라프,e-영업4,1
지맥스,e-영업4,1
지미추,e-영업3,2
지방시,e-영업3,3
지아자,e-영업4,1
지알엔,e-영업4,1
지앤씨,e-영업4,1
지엘리,e-영업4,1
지오마,e-영업4,1
지이크,e-영업3,1
지지엘,e-영업4,1
지퍼락,e-영업4,1
지포어,e-영업3,2
지플랫,e-영업3,1
진맛과,e-영업4,1
질경이,e-영업4,1
질레트,e-영업4,1
질샌더,e-영업3,2
짐머만,e-영업3,1
짐보리,e-영업3,1
찌니야,e-영업3,1
차세르,e-영업4,1
차앤박,e-영업4,1
찰리쿡,e-영업4,1
채뉴욕,e-영업3,1
책플린,e-영업3,1
챌린저,e-영업4,1
챔피온,e-영업1,6
처치스,e-영업3,1
천의삼,e-영업4,1
청소신,e-영업4,1
청수아,e-영업4,1
초마루,e-영업4,1
초이락,e-영업3,1
초코 엘,e-영업3,1
초코몽,e-영업3,1
츠바키,e-영업4,1
치고야,e-영업4,1
치키타,e-영업3,1
치타쇼,e-영업4,1
카라신,e-영업4,1
카라영,e-영업4,1
카라즈,e-영업3,1
카레라,e-영업3,1
카로니,e-영업4,1
카루셀,e-영업4,1
카르텔,e-영업3,1
카르후,e-영업3,1
카멕스,e-영업4,1
카미노,e-영업3,1
카스코,e-영업4,1
카시야,e-영업4,1
카시오,e-영업3,1
카웨코,e-영업3,1
카이야,e-영업3,1
카이젤,e-영업4,1
카이코,e-영업4,1
카이트,e-영업3,1
카즈미,e-영업4,1
카카두,e-영업4,1
카키고,e-영업4,1
카타나,e-영업4,1
칸디노,e-영업3,1
칼리코,e-영업3,1
칼리타,e-영업4,1
칼미아,e-영업4,1
칼빅터,e-영업4,1
칼하트,e-영업3,2
캉그라,e-영업3,1
캐디톡,e-영업4,1
캐로스,e-영업4,1
캐리어,e-영업4,1
캐릭터,e-영업4,1
캐스티,e-영업4,1
캐스피,e-영업4,1
캐치웰,e-영업4,1
캐피탈,e-영업3,1
캔스톤,e-영업4,1
캠브로,e-영업4,1
캠퍼랩,e-영업3,1
캠피스,e-영업4,1
캠핑덕,e-영업4,1
커리쉴,e-영업4,1
커버걸,e-영업4,1
커버낫,e-영업3,5
컨버스,e-영업3,4
컨템포,e-영업4,1
컬러딥,e-영업4,1
컬러랩,e-영업4,1
컬리수,e-영업3,2
컴퍼델,e-영업4,1
컴포트,e-영업4,1
케드마,e-영업4,1
케라셀,e-영업4,1
케릭터,e-영업4,1
케어존,e-영업4,1
케어팟,e-영업4,1
케어허,e-영업4,1
케이엠,e-영업3,1
케이투,e-영업3,3
케이트,e-영업3,2
케이튼,e-영업3,1
케이티,e-영업4,1
켄리프,e-영업4,1
켄블락,e-영업4,1
켄우드,e-영업4,1
켄이치,e-영업4,1
코너스,e-영업3,1
코니스,e-영업3,1
코로츠,e-영업3,1
코리타,e-영업3,1
코멕스,e-영업4,1
코모노,e-영업3,1
코베아,e-영업4,1
코브라,e-영업4,1
코스텔,e-영업4,1
코슬리,e-영업4,1
코아스,e-영업4,1
코엘프,e-영업4,1
코오롱,e-영업4,1
코이프,e-영업3,1
코일리,e-영업3,1
코지마,e-영업4,1
코지올,e-영업4,1
코첼라,e-영업4,1
코카코,e-영업4,1
코코릭,e-영업4,1
코코비,e-영업3,1
코코얀,e-영업3,1
코쿠보,e-영업4,1
코튼원,e-영업3,1
코티지,e-영업4,1
콕스타,e-영업4,1
콘에어,e-영업4,1
콜롬보,e-영업3,1
콜스킨,e-영업3,2
콤마씨,e-영업4,1
콤비타,e-영업4,1
콰이로,e-영업3,1
쿠레주,e-영업3,1
쿠레쥬,e-영업3,1
쿠에로,e-영업4,1
쿠오카,e-영업4,1
쿤리콘,e-영업4,1
쿨그린,e-영업4,1
퀵실버,e-영업3,2
퀸센스,e-영업4,1
퀼트앤,e-영업4,1
큐가든,e-영업4,1
큐브미,e-영업4,1
큐브이,e-영업4,1
큐티스,e-영업3,1
큐티폴,e-영업4,1
크닙스,e-영업3,1
크라움,e-영업4,1
크라제,e-영업4,1
크랭크,e-영업3,1
크럼프,e-영업3,1
크레도,e-영업4,1
크로벨,e-영업4,1
크록스,e-영업3,4
크리드,e-영업4,1
크리션,e-영업4,1
크리슨,e-영업4,1
크리타,e-영업4,1
크림펫,e-영업4,1
클라렌,e-영업4,1
클라뷰,e-영업4,1
클라온,e-영업3,1
클락스,e-영업3,3
클란츠,e-영업4,1
클래딘,e-영업4,1
클래파,e-영업4,1
클레린,e-영업4,1
클레망,e-영업3,1
클레어,e-영업4,1
클레용,e-영업3,1
클레이,e-영업3,1
클로란,e-영업4,1
클로이,e-영업3,1
클로트,e-영업3,1
클리벤,e-영업4,1
클리어,e-영업4,1
클리오,e-영업4,1
클리판,e-영업4,1
클린디,e-영업4,1
키네프,e-영업4,1
키녹스,e-영업4,1
키르시,e-영업4,1
키리아,e-영업4,1
키모니,e-영업4,1
키블리,e-영업3,1
키스미,e-영업4,1
키스포,e-영업3,2
키엔미,e-영업3,1
키이스,e-영업3,2
키텐실,e-영업4,1
키퍼미,e-영업4,1
키플링,e-영업3,2
킬리안,e-영업4,1
킴스쿡,e-영업4,1
킴지수,e-영업3,1
킹캠프,e-영업4,1
킹토이,e-영업3,1
킹피셔,e-영업4,1
타나베,e-영업4,1
타르트,e-영업4,1
타무르,e-영업4,1
타사키,e-영업3,1
타이거,e-영업4,1
타이소,e-영업4,1
탁가온,e-영업3,2
탑기어,e-영업4,1
탑레져,e-영업4,1
탑스힐,e-영업4,1
탑앤탑,e-영업4,1
탱그램,e-영업4,1
탱커스,e-영업3,2
터치미,e-영업4,1
테누타,e-영업4,1
테라픽,e-영업4,1
테르사,e-영업3,1
테스트,e-영업3,2
테슬라,e-영업3,3
테이즈,e-영업3,1
테지움,e-영업4,1
테코야,e-영업4,1
테크노,e-영업4,1
테클라,e-영업3,1
테포레,e-영업3,1
테피아,e-영업4,1
토넬로,e-영업3,1
토드비,e-영업3,1
토로스,e-영업4,1
토르소,e-영업3,1
토리든,e-영업4,1
토마스,e-영업4,1
토메이,e-영업4,1
토바간,e-영업3,2
토박스,e-영업3,2
토삭스,e-영업3,2
토앤토,e-영업4,1
토잉크,e-영업3,1
톤28,e-영업4,1
톰 포드,e-영업4,1
톰맥캔,e-영업3,1
톰맥켄,e-영업3,1
톰보이,e-영업3,1
톰우드,e-영업3,1
톰포드,e-영업3,3
투다리,e-영업4,1
투믹서,e-영업4,1
투스티,e-영업4,1
툴리프,e-영업4,1
툴앤툴,e-영업4,1
튠나인,e-영업4,1
트라이,e-영업3,1
트라택,e-영업4,1
트래셔,e-영업4,1
트랜짓,e-영업3,1
트렁키,e-영업3,1
트레셔,e-영업3,2
트레텐,e-영업3,1
트렌비,e-영업3,1
트루디,e-영업4,1
트루버,e-영업4,1
트립션,e-영업3,1
트웸코,e-영업4,1
트윈셋,e-영업3,1
트윙고,e-영업4,1
티모드,e-영업4,1
티볼리,e-영업4,1
티센토,e-영업3,1
티아즈,e-영업3,1
티에라,e-영업4,1
티에스,e-영업4,1
티엘스,e-영업4,1
티오오,e-영업3,2
티오유,e-영업3,1
티커브,e-영업4,1
티케비,e-영업3,1
티틀리,e-영업3,1
티티티,e-영업4,1
티티펫,e-영업4,1
티파니,e-영업3,2
파놀라,e-영업4,1
파라곤,e-영업4,1
파라팩,e-영업4,1
파로마,e-영업4,1
파르사,e-영업4,1
파르페,e-영업4,1
파머스,e-영업4,1
파버지,e-영업4,1
파벡스,e-영업4,1
파뷔에,e-영업4,1
파세코,e-영업4,1
파우트,e-영업4,1
파인솔,e-영업4,1
파커슨,e-영업3,1
파크론,e-영업3,2
파테크,e-영업4,1
파트론,e-영업4,1
판도라,e-영업3,1
팜앤코,e-영업4,1
팜프링,e-영업4,1
팝소켓,e-영업3,1
패로슈,e-영업3,1
패션캣,e-영업4,1
패트치,e-영업4,1
퍼니즘,e-영업4,1
퍼스텝,e-영업3,1
퍼시스,e-영업4,1
퍼지락,e-영업4,1
퍼팅원,e-영업4,1
퍼피아,e-영업4,1
퍼피짱,e-영업4,1
펄루신,e-영업4,1
펄리에,e-영업4,1
펄세스,e-영업4,1
펄케어,e-영업4,1
펌리빙,e-영업3,2
페니체,e-영업3,2
페디슨,e-영업4,1
페라리,e-영업3,2
페르니,e-영업4,1
페르몹,e-영업4,1
페르솔,e-영업3,1
페리오,e-영업3,2
페블리,e-영업4,1
페블펫,e-영업4,1
페슈라,e-영업4,1
페슬로,e-영업4,1
페이지,e-영업3,1
페자니,e-영업4,1
페티풀,e-영업4,1
페퍼즐,e-영업3,1
펜들턴,e-영업4,1
펜소닉,e-영업4,1
펠로우,e-영업4,1
펠리칸,e-영업4,1
펠릭스,e-영업3,2
펠틱스,e-영업3,1
펫더맨,e-영업4,1
펫모닝,e-영업4,1
펫생각,e-영업4,1
펫소드,e-영업4,1
펫츠락,e-영업4,1
펫퍼스,e-영업4,1
편강율,e-영업4,1
포그닝,e-영업4,1
포더홈,e-영업4,1
포레몽,e-영업4,1
포레오,e-영업4,1
포레울,e-영업4,1
포맥스,e-영업4,1
포버디,e-영업4,1
포뷰트,e-영업4,1
포셀리,e-영업3,1
포셔드,e-영업4,1
포시즌,e-영업4,1
포언더,e-영업4,1
포엘지,e-영업4,1
포이어,e-영업3,1
포인트,e-영업4,1
포커스,e-영업3,1
포케틀,e-영업4,1
포콤마,e-영업3,1
포터리,e-영업3,2
포토막,e-영업3,1
포투포,e-영업3,1
폴 미첼,e-영업4,1
폴레드,e-영업3,1
폴렌느,e-영업3,1
폴리스,e-영업3,3
폴바롤,e-영업4,1
폴앤조,e-영업3,2
폴트랙,e-영업3,1
푸디웜,e-영업4,1
푸디트,e-영업4,1
푸르농,e-영업4,1
푸시탭,e-영업4,1
푸아송,e-영업3,1
풀리오,e-영업4,1
풀무원,e-영업4,1
풋네스,e-영업4,1
풋마트,e-영업3,1
풋센스,e-영업4,1
풋조이,e-영업3,2
풋키스,e-영업4,1
퓨어덤,e-영업4,1
퓨어잇,e-영업3,1
퓨어젠,e-영업4,1
프라다,e-영업3,3
프라이,e-영업3,1
프란츠,e-영업4,1
프레드,e-영업3,1
프레리,e-영업3,1
프레쉬,e-영업4,1
프레임,e-영업3,1
프레쥬,e-영업4,1
프레티,e-영업4,1
프로쉬,e-영업4,1
프로풋,e-영업4,1
프루아,e-영업3,1
프리드,e-영업4,1
프리맨,e-영업4,1
프리바,e-영업4,1
프리야,e-영업4,1
프리업,e-영업4,1
프리츠,e-영업4,1
프리톤,e-영업3,2
프링구,e-영업3,1
플라주,e-영업3,2
플라즈,e-영업3,2
플래토,e-영업3,1
플랜잇,e-영업4,1
플랫츠,e-영업4,1
플레이,e-영업3,2
플로랩,e-영업4,1
플로브,e-영업3,1
플로스,e-영업4,1
플루크,e-영업3,2
플리거,e-영업4,1
플리다,e-영업4,1
플리프,e-영업4,1
피닉스,e-영업3,1
피러팻,e-영업3,1
피레티,e-영업4,1
피브비,e-영업4,1
피시코,e-영업3,1
피아쁘,e-영업4,1
피아제,e-영업3,1
피아트,e-영업4,1
피앤알,e-영업3,1
피엔느,e-영업3,1
피치씨,e-영업4,1
피코크,e-영업4,1
피큐알,e-영업4,1
피토씨,e-영업4,1
피토힐,e-영업4,1
피플펫,e-영업4,1
픽커스,e-영업4,1
핀블랑,e-영업4,1
핀일로,e-영업4,1
필그림,e-영업3,1
필더스,e-영업3,2
필로우,e-영업3,1
필로이,e-영업3,1
필로트,e-영업3,1
필리가,e-영업4,1
필리브,e-영업4,1
필립 B,e-영업4,1
필립 비,e-영업4,1
필립스,e-영업4,1
필베리,e-영업3,1
필시크,e-영업3,1
필프리,e-영업4,1
필플로,e-영업4,1
핏플랍,e-영업1,3
핑코코,e-영업3,1
핑크퐁,e-영업3,2
하기스,e-영업3,2
하디르,e-영업4,1
하루타,e-영업3,1
하르딘,e-영업4,1
하리마,e-영업4,1
하리보,e-영업4,1
하리오,e-영업4,1
하버드,e-영업3,2
하비스,e-영업3,2
하빈져,e-영업4,1
하예진,e-영업4,1
하오시,e-영업4,1
하와이,e-영업3,1
하우만,e-영업4,1
하우스,e-영업3,1
하우즈,e-영업4,1
하우홈,e-영업4,1
하울린,e-영업3,1
하이네,e-영업3,1
하이뮨,e-영업4,1
하이비,e-영업3,1
하이얀,e-영업4,1
하이오,e-영업4,1
하이웰,e-영업4,1
하이투,e-영업3,1
하치만,e-영업4,1
하코야,e-영업4,1
하트만,e-영업4,1
한.입,e-영업4,1
한경희,e-영업4,1
한국삼,e-영업4,1
한바그,e-영업4,1
한삼수,e-영업4,1
한삼인,e-영업4,1
한스킨,e-영업4,1
한예빔,e-영업3,1
해밀턴,e-영업3,1
해바캄,e-영업4,1
해우촌,e-영업4,1
해피로,e-영업3,1
해피콜,e-영업4,1
핸들러,e-영업4,1
햇월드,e-영업3,1
행아웃,e-영업3,1
허바신,e-영업4,1
허블룸,e-영업4,1
허스키,e-영업4,1
허우드,e-영업4,1
헉슬리,e-영업4,1
험블솔,e-영업3,1
헤드랑,e-영업4,1
헤레우,e-영업3,1
헤르빈,e-영업4,1
헤르젠,e-영업4,1
헤리터,e-영업4,1
헤이우,e-영업3,2
헤이즈,e-영업3,2
헤이탄,e-영업4,1
헤이터,e-영업3,1
헤이톡,e-영업4,1
헤인즈,e-영업3,1
헤일리,e-영업4,1
헤즈로,e-영업4,1
헤지스,e-영업1,33
헨더슨,e-영업3,1
헬로닷,e-영업4,1
헬씨랩,e-영업4,1
혜인담,e-영업4,1
호메오,e-영업4,1
호무로,e-영업4,1
호보켄,e-영업4,1
호스와,e-영업3,1
홀마크,e-영업4,1
홀베리,e-영업4,1
홀인원,e-영업4,1
홈로즈,e-영업4,1
홈리아,e-영업4,1
홈마블,e-영업4,1
홈비즈,e-영업4,1
홈스웰,e-영업4,1
홈스타,e-영업4,1
홈쎄라,e-영업4,1
홈이즈,e-영업4,1
홈일렉,e-영업4,1
홈케어,e-영업4,1
홍트리,e-영업4,1
화이트,e-영업3,2
황후빈,e-영업4,1
후아유,e-영업3,2
훈자 지,e-영업3,1
훌루푸,e-영업4,1
훼르자,e-영업4,1
휘슬러,e-영업4,1
휘엔느,e-영업4,1
휴고스,e-영업4,1
휴리나,e-영업3,1
휴바트,e-영업4,1
휴브너,e-영업4,1
휴비딕,e-영업4,1
휴스톰,e-영업4,1
휴케어,e-영업4,1
휴테크,e-영업4,1
히든랩,e-영업4,1
히로안,e-영업3,1
히어쉬,e-영업3,1
히키스,e-영업3,2
힐더비,e-영업4,1
힐리스,e-영업4,1
힐링팜,e-영업4,1
힐크릭,e-영업3,2
힙스타,e-영업4,1
3엠,e-영업4,1
CK,e-영업3,1
가니,e-영업3,1
가민,e-영업4,1
가버,e-영업3,1
가쯔,e-영업4,1
가히,e-영업4,1
간소,e-영업4,1
간조,e-영업3,1
간트,e-영업3,2
강청,e-영업4,1
건민,e-영업4,1
건종,e-영업3,2
걸작,e-영업3,1
게디,e-영업4,1
게스,e-영업3,7
게푸,e-영업4,1
겐조,e-영업3,4
겐지,e-영업3,2
겔랑,e-영업4,1
겜맥,e-영업4,1
고나,e-영업3,1
고비,e-영업3,1
고세,e-영업4,1
고요,e-영업3,1
고잉,e-영업3,2
고투,e-영업4,1
구달,e-영업4,1
구딸,e-영업4,1
구찌,e-영업3,5
굿덴,e-영업3,1
굿온,e-영업3,1
그레,e-영업4,1
그젤,e-영업4,1
글랙,e-영업3,1
기가,e-영업3,3
기노,e-영업4,1
기비,e-영업3,1
기타,e-영업3,2
기펠,e-영업4,1
긱타,e-영업3,1
길단,e-영업3,2
길텐,e-영업4,1
깃든,e-영업4,1
까롱,e-영업4,1
까소,e-영업4,1
까웨,e-영업3,2
꼬띠,e-영업4,1
꼼지,e-영업3,1
꽈페,e-영업3,1
나눔,e-영업4,1
나드,e-영업4,1
나디,e-영업4,1
나로,e-영업3,1
나른,e-영업3,1
나린,e-영업3,1
나스,e-영업4,1
나우,e-영업3,2
나인,e-영업3,2
나팔,e-영업4,1
난가,e-영업3,1
난리,e-영업4,1
날진,e-영업4,1
낫소,e-영업3,2
낫쉬,e-영업4,1
낫싱,e-영업4,1
널디,e-영업3,1
네멘,e-영업3,1
네임,e-영업4,1
네파,e-영업3,4
넥센,e-영업4,1
넬리,e-영업4,1
노다,e-영업3,2
노몬,e-영업4,1
노미,e-영업3,1
노블,e-영업4,1
노와,e-영업4,1
노운,e-영업3,1
노타,e-영업3,1
녹족,e-영업4,1
논논,e-영업3,1
논다,e-영업4,1
놉스,e-영업3,1
놋담,e-영업4,1
농협,e-영업4,1
누드,e-영업4,1
누브,e-영업3,1
누아,e-영업4,1
누크,e-영업3,1
누핀,e-영업4,1
눅스,e-영업4,1
뉴보,e-영업4,1
뉴아,e-영업4,1
뉴온,e-영업4,1
뉴클,e-영업4,1
느슨,e-영업4,1
느와,e-영업3,1
니모,e-영업4,1
니봇,e-영업4,1
니브,e-영업3,1
니지,e-영업3,1
니켄,e-영업4,1
니콘,e-영업4,1
닉스,e-영업3,2
닐링,e-영업3,1
다룸,e-영업4,1
다미,e-영업3,1
다슈,e-영업4,1
다예,e-영업4,1
다온,e-영업3,2
닥스,e-영업1,25
단톤,e-영업3,1
달란,e-영업4,1
달리,e-영업4,1
달바,e-영업4,1
달밤,e-영업4,1
달팡,e-영업4,1
대영,e-영업3,1
대우,e-영업4,1
대웅,e-영업4,1
대원,e-영업4,1
더 후,e-영업4,1
더독,e-영업4,1
더밤,e-영업4,1
더샘,e-영업4,1
더샵,e-영업4,1
더슨,e-영업4,1
더싹,e-영업4,1
더연,e-영업4,1
더턴,e-영업3,1
더향,e-영업4,1
더후,e-영업4,1
던롭,e-영업4,1
던힐,e-영업3,2
덜튼,e-영업4,1
데생,e-영업4,1
데카,e-영업3,1
데코,e-영업3,2
덴비,e-영업4,1
덴츠,e-영업3,1
델릭,e-영업4,1
델보,e-영업3,1
델시,e-영업3,1
델키,e-영업4,1
뎀뎀,e-영업3,1
도넛,e-영업3,1
도노,e-영업4,1
도담,e-영업4,1
도모,e-영업4,1
도브,e-영업4,1
도비,e-영업4,1
도씨,e-영업3,1
도티,e-영업3,1
돈나,e-영업3,1
돈덥,e-영업3,1
돈셰,e-영업3,2
돌핀,e-영업3,1
돔바,e-영업3,2
동원,e-영업4,1
두노,e-영업3,1
두눈,e-영업4,1
두다,e-영업4,1
두리,e-영업3,1
두잇,e-영업4,1
둘레,e-영업4,1
뒤란,e-영업4,1
듀듀,e-영업4,1
듀빅,e-영업4,1
듀서,e-영업4,1
듀엠,e-영업4,1
듀오,e-영업4,1
듀칼,e-영업3,1
듁스,e-영업4,1
드루,e-영업4,1
드봉,e-영업4,1
디씨,e-영업3,2
디올,e-영업3,2
디젤,e-영업3,2
디키,e-영업3,1
디타,e-영업3,1
디토,e-영업3,1
디필,e-영업4,1
딕슈,e-영업3,2
딘스,e-영업3,1
딘토,e-영업4,1
딜립,e-영업4,1
딤채,e-영업4,1
딸고,e-영업4,1
뚜누,e-영업4,1
라고,e-영업4,1
라도,e-영업3,1
라라,e-영업4,1
라르,e-영업4,1
라문,e-영업4,1
라미,e-영업3,2
라바,e-영업4,1
라샤,e-영업4,1
라쏨,e-영업4,1
라엘,e-영업4,1
라움,e-영업1,5
라위,e-영업4,1
라이,e-영업3,1
라인,e-영업3,1
라입,e-영업4,1
라크,e-영업4,1
라티,e-영업4,1
란셀,e-영업3,1
란카,e-영업4,1
람다,e-영업3,3
랑방,e-영업3,2
랑벨,e-영업4,1
랑세,e-영업4,1
랑콤,e-영업4,1
래몽,e-영업4,1
래쉬,e-영업3,1
랜덤,e-영업1,4
랜섬,e-영업3,1
랩노,e-영업4,1
랩백,e-영업3,1
랩스,e-영업3,1
랩클,e-영업4,1
러그,e-영업4,1
러스,e-영업3,1
럭스,e-영업4,1
레노,e-영업4,1
레보,e-영업4,1
레볼,e-영업4,1
레쿠,e-영업3,1
레키,e-영업4,1
레토,e-영업4,1
렉스,e-영업4,1
렉슨,e-영업4,1
렉시,e-영업3,2
렉켄,e-영업3,1
렉토,e-영업3,1
로갓,e-영업4,1
로긴,e-영업4,1
로너,e-영업4,1
로던,e-영업3,1
로도,e-영업3,1
로마,e-영업4,1
로바,e-영업3,1
로브,e-영업3,1
로사,e-영업3,1
로시,e-영업4,1
로아,e-영업3,1
로안,e-영업3,1
로엠,e-영업3,1
로잔,e-영업3,1
로제,e-영업4,1
로젤,e-영업3,1
로짜,e-영업3,1
로크,e-영업3,1
로키,e-영업3,1
로픈,e-영업4,1
로헤,e-영업3,1
록시,e-영업3,2
론론,e-영업3,1
론진,e-영업3,1
롤서,e-영업4,1
롬크,e-영업3,1
롯데,e-영업4,1
롯지,e-영업4,1
롱샴,e-영업3,1
루나,e-영업4,1
루드,e-영업3,1
루릭,e-영업3,1
루메,e-영업3,1
루미,e-영업3,2
루보,e-영업3,1
루센,e-영업4,1
루악,e-영업4,1
루전,e-영업4,1
루첸,e-영업4,1
루치,e-영업4,1
루카,e-영업4,1
루톤,e-영업4,1
루펜,e-영업4,1
룩트,e-영업4,1
르뷔,e-영업4,1
르샵,e-영업3,1
르젠,e-영업4,1
르플,e-영업4,1
리갈,e-영업3,1
리꼼,e-영업4,1
리넥,e-영업4,1
리던,e-영업3,1
리델,e-영업4,1
리르,e-영업4,1
리맥,e-영업4,1
리민,e-영업3,2
리벤,e-영업4,1
리벨,e-영업4,1
리복,e-영업1,5
리본,e-영업3,1
리스,e-영업4,1
리쏘,e-영업3,1
리엔,e-영업4,1
리이,e-영업3,1
리조,e-영업4,1
리즈,e-영업3,1
리체,e-영업4,1
리치,e-영업3,2
리큅,e-영업4,1
리톤,e-영업4,1
리튠,e-영업4,1
리튼,e-영업4,1
리프,e-영업3,1
리피,e-영업4,1
리한,e-영업4,1
린백,e-영업4,1
린타,e-영업3,1
린튼,e-영업4,1
릴렉,e-영업4,1
릴리,e-영업4,1
림드,e-영업3,2
립컬,e-영업4,1
릿첼,e-영업3,1
링스,e-영업3,3
마나,e-영업4,1
마더,e-영업3,1
마로,e-영업4,1
마밤,e-영업3,1
마블,e-영업3,2
마샬,e-영업4,1
마스,e-영업3,1
마실,e-영업4,1
마와,e-영업3,2
마우,e-영업3,1
마움,e-영업4,1
마임,e-영업3,1
마쟈,e-영업3,1
마쥬,e-영업3,1
마카,e-영업4,1
마크,e-영업3,1
마텔,e-영업3,1
마틴,e-영업4,1
마호,e-영업4,1
마흐,e-영업3,1
말렌,e-영업3,1
말본,e-영업3,3
망고,e-영업3,1
망치,e-영업3,1
매긴,e-영업3,1
매넌,e-영업3,1
맥넷,e-영업4,1
맥맨,e-영업4,1
맥셀,e-영업4,1
맥스,e-영업4,1
맥심,e-영업4,1
맥키,e-영업4,1
맹기,e-영업3,1
머렐,e-영업3,2
머지,e-영업4,1
멀멀,e-영업3,2
멈칫,e-영업4,1
메디,e-영업4,1
메모,e-영업4,1
메팔,e-영업4,1
멘넨,e-영업4,1
멜멜,e-영업3,1
모까,e-영업4,1
모락,e-영업4,1
모룬,e-영업3,1
모마,e-영업3,1
모먼,e-영업3,1
모멧,e-영업3,2
모씨,e-영업4,1
모어,e-영업3,1
모온,e-영업4,1
모우,e-영업3,1
모웰,e-영업4,1
모윰,e-영업3,2
모정,e-영업4,1
모즈,e-영업4,1
모타,e-영업4,1
모트,e-영업3,1
몬타,e-영업4,1
몬풋,e-영업3,1
몰로,e-영업3,1
몰숀,e-영업3,1
몽돌,e-영업3,2
몽벨,e-영업3,2
몽삭,e-영업3,1
몽키,e-영업3,1
무뉴,e-영업3,1
무민,e-영업3,1
무슈,e-영업3,1
무크,e-영업3,1
무토,e-영업4,1
묵흔,e-영업4,1
문샷,e-영업4,1
문씰,e-영업4,1
문트,e-영업3,1
문힐,e-영업3,1
뭄카,e-영업3,1
뮤렌,e-영업4,1
뮤아,e-영업3,1
뮤토,e-영업4,1
뮬레,e-영업4,1
므몽,e-영업3,2
미꼬,e-영업3,1
미다,e-영업4,1
미도,e-영업3,1
미락,e-영업4,1
미로,e-영업4,1
미르,e-영업4,1
미리,e-영업4,1
미마,e-영업4,1
미민,e-영업3,2
미샤,e-영업4,1
미쏘,e-영업3,1
미유,e-영업4,1
미이,e-영업4,1
미쯔,e-영업3,1
미코,e-영업4,1
미피,e-영업3,2
밀레,e-영업3,3
밀린,e-영업3,1
밀스,e-영업4,1
밈즈,e-영업4,1
바넬,e-영업3,1
바덴,e-영업4,1
바라,e-영업4,1
바론,e-영업4,1
바리,e-영업4,1
바버,e-영업1,3
바베,e-영업4,1
바쉬,e-영업1,4
바스,e-영업3,2
바쏘,e-영업3,1
바잘,e-영업3,1
바즈,e-영업4,1
바찌,e-영업4,1
바챠,e-영업3,1
바치,e-영업4,1
바콘,e-영업3,1
바쿠,e-영업3,2
바퀜,e-영업4,1
바툼,e-영업4,1
바풀,e-영업3,2
박시,e-영업3,1
박준,e-영업4,1
반고,e-영업4,1
반스,e-영업3,2
반트,e-영업4,1
발리,e-영업3,2
발망,e-영업3,1
발몽,e-영업4,1
발비,e-영업4,1
발상,e-영업4,1
밤보,e-영업3,1
밥캣,e-영업3,1
밧핫,e-영업3,1
방돔,e-영업3,1
배드,e-영업3,1
배리,e-영업3,1
백바,e-영업4,1
밸럽,e-영업3,1
밸먼,e-영업4,1
버논,e-영업4,1
버디,e-영업4,1
버윅,e-영업3,1
버크,e-영업4,1
버튼,e-영업3,2
버프,e-영업3,2
벅섬,e-영업4,1
벅칼,e-영업4,1
번지,e-영업4,1
범보,e-영업3,1
벗딥,e-영업3,1
베나,e-영업4,1
베론,e-영업4,1
베른,e-영업4,1
베블,e-영업4,1
베셀,e-영업4,1
베자,e-영업3,2
베카,e-영업4,1
베크,e-영업3,1
베퍼,e-영업4,1
벤지,e-영업3,1
벤힛,e-영업3,2
벨락,e-영업4,1
벨레,e-영업4,1
벨먼,e-영업4,1
벨지,e-영업3,1
벨킨,e-영업4,1
벰버,e-영업3,1
보겐,e-영업4,1
보겔,e-영업4,1
보국,e-영업4,1
보그,e-영업3,2
보닌,e-영업4,1
보덤,e-영업4,1
보디,e-영업3,1
보뚜,e-영업4,1
보랄,e-영업4,1
보령,e-영업4,1
보만,e-영업4,1
보브,e-영업3,1
보센,e-영업4,2
보쉐,e-영업4,1
보쉬,e-영업4,1
보스,e-영업3,2
보연,e-영업3,1
보울,e-영업4,1
보웰,e-영업4,1
보카,e-영업3,1
보커,e-영업4,1
보켄,e-영업4,1
보토,e-영업4,1
보프,e-영업4,1
복스,e-영업3,2
본네,e-영업3,2
볼론,e-영업3,1
볼릭,e-영업4,1
볼빅,e-영업4,1
볼컴,e-영업3,3
볼타,e-영업4,1
봄날,e-영업4,1
봉통,e-영업3,1
부벨,e-영업4,1
부붐,e-영업3,1
부티,e-영업3,1
분코,e-영업4,1
불독,e-영업4,1
불리,e-영업4,2
뷰랑,e-영업4,1
뷰바,e-영업4,1
뷰빗,e-영업4,1
뷰센,e-영업4,1
뷰캔,e-영업4,1
브룬,e-영업3,2
블랑,e-영업3,1
비가,e-영업4,1
비먼,e-영업3,1
비바,e-영업4,1
비쉬,e-영업4,1
비쎌,e-영업4,1
비전,e-영업4,1
비젼,e-영업4,1
비체,e-영업3,1
비카,e-영업4,1
비코,e-영업4,1
비키,e-영업3,2
비홉,e-영업4,1
빅팍,e-영업3,1
빈스,e-영업1,8
빈폴,e-영업3,1
빌리,e-영업4,1
빔즈,e-영업3,1
빠투,e-영업1,2
사강,e-영업3,1
사봉,e-영업4,1
사조,e-영업4,1
사파,e-영업4,1
삭샵,e-영업3,1
삭스,e-영업3,1
산코,e-영업4,1
삼미,e-영업4,1
삼성,e-영업4,1
샘스,e-영업4,1
샤넬,e-영업3,2
샤크,e-영업4,1
샤틴,e-영업3,1
샤플,e-영업4,1
샥즈,e-영업4,1
서우,e-영업4,1
석수,e-영업4,1
설려,e-영업4,1
세라,e-영업3,1
세베,e-영업3,1
세사,e-영업4,1
세화,e-영업4,1
섹터,e-영업3,1
센카,e-영업4,1
셀덴,e-영업3,1
셀린,e-영업3,1
셀바,e-영업3,1
셋추,e-영업3,1
션리,e-영업4,1
셰퍼,e-영업4,1
소니,e-영업4,1
소다,e-영업3,1
소든,e-영업4,1
소렐,e-영업3,2
소루,e-영업3,1
소브,e-영업3,1
소싱,e-영업4,1
소어,e-영업3,1
소이,e-영업3,1
소토,e-영업4,1
솔금,e-영업4,1
솔로,e-영업4,1
솔티,e-영업3,1
송월,e-영업3,2
쇼메,e-영업3,1
숀리,e-영업4,1
수련,e-영업4,1
수부,e-영업3,2
수비,e-영업3,1
수인,e-영업4,1
순수,e-영업4,1
순토,e-영업3,1
쉐흐,e-영업3,1
쉬림,e-영업4,1
쉬스,e-영업3,1
쉬안,e-영업4,1
쉬엔,e-영업4,1
쉬젤,e-영업4,1
쉬크,e-영업4,1
슈룩,e-영업3,1
슈츠,e-영업3,1
슈펜,e-영업3,2
스벤,e-영업4,1
스완,e-영업4,1
스토,e-영업3,1
스팔,e-영업4,1
시낭,e-영업4,1
시니,e-영업3,1
시안,e-영업4,1
시엔,e-영업3,1
시온,e-영업4,1
시초,e-영업4,1
시코,e-영업4,1
시쿠,e-영업3,1
시크,e-영업3,1
신디,e-영업3,1
신상,e-영업4,1
신우,e-영업4,1
신일,e-영업4,1
실록,e-영업4,1
실리,e-영업4,1
실큰,e-영업4,1
심갓,e-영업4,1
싱거,e-영업4,1
쌍빠,e-영업4,1
써틴,e-영업3,1
썸잇,e-영업4,1
썽봉,e-영업4,1
쎄미,e-영업3,1
쏘피,e-영업4,1
쓰리,e-영업4,1
씨루,e-영업3,1
씨실,e-영업4,1
씨오,e-영업3,1
씨위,e-영업3,1
씨켓,e-영업4,1
아남,e-영업4,1
아델,e-영업4,1
아리,e-영업3,1
아몽,e-영업3,1
아미,e-영업3,1
아방,e-영업3,1
아쉬,e-영업3,2
아씬,e-영업4,1
아위,e-영업3,1
아잠,e-영업4,1
아쿠,e-영업4,1
아키,e-영업3,1
안도,e-영업4,1
안야,e-영업4,1
안조,e-영업4,1
알도,e-영업3,2
알든,e-영업3,1
알럽,e-영업3,1
알록,e-영업4,1
알롱,e-영업4,1
알바,e-영업3,1
알엔,e-영업4,1
알콘,e-영업4,1
알콧,e-영업4,1
앙뉴,e-영업3,1
앙시,e-영업4,1
애경,e-영업4,1
애플,e-영업4,1
앤드,e-영업4,2
앱코,e-영업4,1
앱토,e-영업3,1
앳홈,e-영업4,1
앵커,e-영업3,1
야오,e-영업4,1
어그,e-영업3,2
어넌,e-영업3,1
어몽,e-영업3,2
어썸,e-영업4,1
언놈,e-영업3,1
언파,e-영업4,1
얼킨,e-영업3,1
에딩,e-영업4,1
에띠,e-영업4,1
에보,e-영업3,1
에뿌,e-영업4,1
에칸,e-영업3,1
에코,e-영업3,2
에콘,e-영업3,1
에콥,e-영업4,1
엑토,e-영업4,1
엔비,e-영업4,1
엔티,e-영업4,1
엘르,e-영업3,6
엘바,e-영업4,1
엘엠,e-영업4,1
엘톤,e-영업4,1
엠뉴,e-영업4,1
엠므,e-영업3,1
엠사,e-영업4,1
엠씨,e-영업3,1
엠엔,e-영업4,1
엠쿰,e-영업4,1
엽페,e-영업3,2
영시,e-영업4,1
예삐,e-영업4,1
예스,e-영업4,1
예일,e-영업3,2
예작,e-영업3,1
예티,e-영업3,2
예향,e-영업4,1
오닐,e-영업4,1
오디,e-영업4,1
오띠,e-영업4,1
오브,e-영업3,1
오썸,e-영업4,1
오아,e-영업4,1
오알,e-영업3,1
오젠,e-영업4,1
오젤,e-영업3,1
오즈,e-영업3,1
오쿠,e-영업4,1
오탑,e-영업4,1
오홈,e-영업4,1
오후,e-영업3,1
오휘,e-영업4,1
옥소,e-영업4,1
옥스,e-영업4,1
온도,e-영업4,1
온츠,e-영업3,1
온틈,e-영업4,1
온풋,e-영업3,1
올굿,e-영업4,1
올랑,e-영업4,1
올리,e-영업4,1
올반,e-영업4,1
올젠,e-영업3,1
올즙,e-영업4,1
올지,e-영업3,2
올치,e-영업4,1
올쿡,e-영업4,1
옴모,e-영업4,1
옴펨,e-영업3,1
와두,e-영업4,1
와르,e-영업3,1
왈로,e-영업3,1
요닝,e-영업3,1
용성,e-영업4,1
용카,e-영업4,1
우노,e-영업4,1
우즈,e-영업4,1
우프,e-영업3,2
울렌,e-영업4,1
울시,e-영업3,2
울프,e-영업3,1
움스,e-영업4,1
웅진,e-영업4,1
워모,e-영업4,1
워키,e-영업4,1
월튼,e-영업3,1
웨버,e-영업4,1
웨신,e-영업4,1
웰녹,e-영업4,1
웰라,e-영업4,1
웰싱,e-영업4,1
웽거,e-영업3,1
위뜨,e-영업4,1
위미,e-영업4,1
위오,e-영업4,1
위위,e-영업4,1
위윌,e-영업3,1
위주,e-영업4,1
위칙,e-영업4,1
윌슨,e-영업3,3
윌파,e-영업4,1
유닛,e-영업3,1
유로,e-영업3,2
유룩,e-영업3,1
유솔,e-영업3,1
유잇,e-영업3,1
유코,e-영업4,1
유큅,e-영업4,1
으네,e-영업3,1
은율,e-영업4,1
이놀,e-영업4,1
이로,e-영업3,1
이몽,e-영업3,1
이뮤,e-영업2,3
이보,e-영업4,1
이솝,e-영업3,2
이음,e-영업3,1
이재,e-영업4,1
이잼,e-영업4,1
이지,e-영업3,1
이켈,e-영업4,1
이희,e-영업4,1
인켈,e-영업4,1
일리,e-영업4,1
일월,e-영업4,1
입큰,e-영업4,1
잇터,e-영업3,1
잉코,e-영업4,1
자라,e-영업3,2
자신,e-영업4,1
자칼,e-영업4,1
잘토,e-영업4,1
잠온,e-영업4,1
재한,e-영업3,1
쟈칼,e-영업4,1
점프,e-영업2,1
제냐,e-영업3,2
제너,e-영업4,1
제니,e-영업3,1
제라,e-영업4,1
제로,e-영업3,1
제멋,e-영업3,1
제벤,e-영업4,1
제코,e-영업4,1
제타,e-영업4,1
젠느,e-영업3,1
젠치,e-영업3,1
젬소,e-영업4,1
조셉,e-영업1,3
조쉬,e-영업3,1
존 롭,e-영업3,1
졸리,e-영업3,1
졸린,e-영업4,1
주란,e-영업4,1
주영,e-영업3,1
주옥,e-영업4,1
주코,e-영업4,1
죽염,e-영업4,1
준지,e-영업3,1
준퍼,e-영업3,1
중앙,e-영업3,1
쥬드,e-영업3,1
쥬디,e-영업3,1
쥬욕,e-영업3,1
쥬크,e-영업3,2
쥴스,e-영업2,1
즈톤,e-영업3,1
지넷,e-영업4,1
지샥,e-영업3,1
지센,e-영업3,2
지앙,e-영업4,1
지앤,e-영업3,1
지유,e-영업3,1
지컷,e-영업3,2
지튼,e-영업4,1
지포,e-영업3,1
지프,e-영업3,3
직작,e-영업4,1
진_,e-영업4,1
진도,e-영업3,1
진로,e-영업4,1
진저,e-영업4,1
집스,e-영업4,1
집탑,e-영업4,1
차코,e-영업4,1
찰랑,e-영업4,1
참존,e-영업4,1
찹스,e-영업4,1
첨스,e-영업4,1
체리,e-영업3,1
체스,e-영업4,1
치미,e-영업3,1
치크,e-영업3,2
치키,e-영업4,1
칠리,e-영업4,1
칩스,e-영업4,1
카고,e-영업4,1
카노,e-영업4,1
카니,e-영업3,1
카도,e-영업4,1
카렐,e-영업3,1
카렘,e-영업4,1
카림,e-영업4,1
카밀,e-영업4,1
카부,e-영업4,1
카셀,e-영업4,1
카스,e-영업4,1
카이,e-영업3,2
카파,e-영업4,2
카펙,e-영업4,1
칸드,e-영업4,1
칼리,e-영업4,1
칼린,e-영업3,1
칼만,e-영업4,1
캅카,e-영업4,1
캉골,e-영업3,3
캐논,e-영업4,1
캘프,e-영업4,1
캠퍼,e-영업3,1
캣몽,e-영업4,1
캣킨,e-영업4,1
캣티,e-영업4,2
컨퓸,e-영업4,1
컴젠,e-영업3,2
케즈,e-영업3,1
케프,e-영업4,1
켄조,e-영업3,1
켄트,e-영업4,1
켈티,e-영업4,1
코닥,e-영업4,1
코디,e-영업3,1
코딩,e-영업4,1
코렐,e-영업4,1
코뮨,e-영업4,1
코션,e-영업4,1
코스,e-영업3,1
코아,e-영업4,1
코엣,e-영업3,1
코이,e-영업4,1
코치,e-영업3,2
코칸,e-영업4,1
코티,e-영업4,1
콜 한,e-영업1,2
콜릿,e-영업3,1
콜마,e-영업3,2
콜만,e-영업4,1
콜맨,e-영업3,2
콜유,e-영업4,1
콜핑,e-영업3,2
콜한,e-영업3,1
콤마,e-영업4,1
콤피,e-영업3,1
콩알,e-영업3,1
콴펜,e-영업3,1
쿄쿄,e-영업4,1
쿠거,e-영업3,1
쿠달,e-영업4,1
쿠만,e-영업3,1
쿠멜,e-영업4,1
쿠버,e-영업4,1
쿠조,e-영업4,1
쿠첸,e-영업4,1
쿠쿠,e-영업4,1
쿠팸,e-영업4,1
쿠피,e-영업4,1
쿡셀,e-영업4,1
쿡핏,e-영업4,1
쿤달,e-영업4,1
쿤타,e-영업3,2
쿨린,e-영업4,1
쿨트,e-영업3,1
쿨티,e-영업4,1
퀴부,e-영업4,1
퀵3,e-영업4,1
퀸나,e-영업4,1
퀸앤,e-영업4,1
큐비,e-영업4,1
큐어,e-영업4,1
크림,e-영업4,1
클럭,e-영업4,1
클린,e-영업4,1
키렌,e-영업4,1
키앙,e-영업3,1
키엘,e-영업4,1
키직,e-영업3,2
키톤,e-영업3,1
킨록,e-영업3,2
킨토,e-영업4,1
킷캣,e-영업4,1
킹손,e-영업3,1
킹폼,e-영업4,1
타라,e-영업4,1
타박,e-영업4,1
타부,e-영업4,1
타비,e-영업1,2
타오,e-영업3,2
타올,e-영업4,1
타요,e-영업4,1
타임,e-영업3,2
타차,e-영업4,1
탄스,e-영업4,1
탄탄,e-영업4,1
탄틴,e-영업3,1
탐스,e-영업1,3
탑걸,e-영업3,1
태커,e-영업4,1
탠디,e-영업3,2
턴업,e-영업4,1
테라,e-영업3,1
테바,e-영업3,2
테크,e-영업4,1
테팔,e-영업4,1
텐씨,e-영업3,1
텐업,e-영업3,1
텔파,e-영업3,1
텟츠,e-영업4,1
토모,e-영업4,1
토미,e-영업4,1
토비,e-영업4,1
토스,e-영업3,2
토즈,e-영업3,1
토카,e-영업4,1
토템,e-영업3,1
토픽,e-영업4,1
톨즈,e-영업4,1
톰슨,e-영업4,1
투미,e-영업3,1
투썸,e-영업4,1
투어,e-영업4,1
툴레,e-영업3,2
툴콘,e-영업4,1
튜더,e-영업3,1
튜맨,e-영업4,1
트위,e-영업3,1
트윈,e-영업3,2
티뮤,e-영업4,1
티백,e-영업3,1
티비,e-영업2,1
티스,e-영업4,1
티쏘,e-영업3,1
티엘,e-영업3,1
티지,e-영업4,1
티케,e-영업4,1
티크,e-영업4,1
틴톡,e-영업3,1
파고,e-영업3,1
파마,e-영업3,1
파뮤,e-영업4,1
파비,e-영업3,1
파쉬,e-영업3,2
파슬,e-영업3,1
파시,e-영업4,1
파작,e-영업4,1
파잘,e-영업3,1
파카,e-영업3,1
파파,e-영업4,1
팍시,e-영업3,1
팔도,e-영업4,1
팔케,e-영업3,1
팔콘,e-영업4,1
패롬,e-영업3,1
패이,e-영업3,1
팬콧,e-영업3,3
팬텀,e-영업4,1
팬톤,e-영업4,1
팬틴,e-영업4,1
퍼디,e-영업4,1
펀샵,e-영업3,2
펄튼,e-영업3,2
펄피,e-영업4,1
페이,e-영업3,1
페페,e-영업3,1
페플,e-영업3,1
펜디,e-영업3,3
포니,e-영업4,1
포디,e-영업4,1
포렌,e-영업3,2
포씨,e-영업4,1
포울,e-영업3,1
포윈,e-영업4,1
포체,e-영업3,1
포터,e-영업3,1
포틴,e-영업4,1
포홈,e-영업4,1
폰즈,e-영업4,1
폴로,e-영업3,1
폴리,e-영업3,2
폴밋,e-영업3,1
폴크,e-영업4,1
폴햄,e-영업3,1
퐁퐁,e-영업4,1
푸딩,e-영업3,1
푸마,e-영업3,10
푸조,e-영업4,1
풀다,e-영업3,1
풉스,e-영업4,1
퓨토,e-영업4,1
퓨파,e-영업4,1
프레,e-영업4,1
프렙,e-영업3,1
플랑,e-영업3,1
플랙,e-영업3,1
플렙,e-영업3,2
플루,e-영업4,1
플룬,e-영업4,1
플릭,e-영업4,1
플린,e-영업4,1
피넛,e-영업4,1
피노,e-영업4,1
피셔,e-영업4,1
피셸,e-영업3,1
피즈,e-영업1,2
피지,e-영업4,1
피카,e-영업4,1
피코,e-영업4,1
피콕,e-영업4,1
피큐,e-영업3,1
피토,e-영업4,1
피티,e-영업3,1
피펄,e-영업4,1
픽스,e-영업4,1
핀코,e-영업3,1
필던,e-영업3,1
필랩,e-영업4,1
필루,e-영업4,1
필슨,e-영업3,1
핍스,e-영업3,1
핏츠,e-영업4,1
핏펫,e-영업4,1
핑구,e-영업4,1
핑코,e-영업3,1
하겐,e-영업4,1
하멜,e-영업4,1
하바,e-영업4,1
하스,e-영업3,1
하이,e-영업3,1
하츠,e-영업4,1
한길,e-영업4,1
한미,e-영업4,1
한불,e-영업4,1
한사,e-영업4,1
한샘,e-영업3,2
한설,e-영업3,1
한율,e-영업4,1
한조,e-영업4,1
한트,e-영업3,1
할렌,e-영업3,2
핫콤,e-영업4,1
핸드,e-영업3,1
햄튼,e-영업4,1
허밍,e-영업4,1
허쉘,e-영업3,1
허프,e-영업3,1
헌터,e-영업2,2
헐리,e-영업4,1
헐크,e-영업3,2
험머,e-영업3,2
헤겐,e-영업3,1
헤드,e-영업4,3
헤라,e-영업4,1
헤보,e-영업3,1
헤솔,e-영업4,1
헤즈,e-영업3,2
헨스,e-영업3,1
헨켈,e-영업4,1
헬븐,e-영업3,1
헹켈,e-영업4,1
호간,e-영업3,1
호이,e-영업3,1
호재,e-영업3,1
호카,e-영업3,2
혼마,e-영업4,1
홀린,e-영업4,1
홈풀,e-영업4,1
홍홀,e-영업4,1
효진,e-영업4,1
후머,e-영업4,1
후와,e-영업4,1
후하,e-영업4,1
훌라,e-영업3,2
휘게,e-영업4,1
휠라,e-영업3,8
휴고,e-영업3,2
휴닉,e-영업4,1
휴도,e-영업4,1
휴드,e-영업3,1
휴락,e-영업4,1
휴렉,e-영업4,1
휴롬,e-영업4,1
휴먼,e-영업4,1
휴캄,e-영업4,1
흐꺙,e-영업3,1
히스,e-영업4,1
히쓰,e-영업4,1
히어,e-영업4,1
히템,e-영업4,1
힌자,e-영업4,1
힐맨,e-영업4,1
힐탑,e-영업3,1
힘펠,e-영업4,1
객,e-영업3,2
갭,e-영업3,5
긱,e-영업4,1
껌,e-영업4,1
누,e-영업4,1
늘,e-영업3,1
덴,e-영업3,1
뎁,e-영업3,1
든,e-영업3,1
디,e-영업3,2
딘,e-영업4,1
락,e-영업4,1
랩,e-영업3,2
렌,e-영업4,1
려,e-영업4,1
록,e-영업4,1
르,e-영업3,1
리,e-영업3,2
린,e-영업3,1
맥,e-영업4,1
문,e-영업3,1
뭍,e-영업3,1
밀,e-영업4,1
밈,e-영업4,1
밥,e-영업3,1
본,e-영업3,2
볼,e-영업4,1
붐,e-영업3,1
뷰,e-영업3,1
빈,e-영업3,2
숄,e-영업3,1
숌,e-영업4,1
숨,e-영업4,1
숲,e-영업3,1
씨,e-영업3,2
아,e-영업3,2
오,e-영업3,1
온,e-영업3,1
왁,e-영업4,1
왈,e-영업4,1
웬,e-영업4,1
윅,e-영업4,1
윈,e-영업4,1
윙,e-영업4,1
윱,e-영업4,1
젠,e-영업3,1
진,e-영업4,1
척,e-영업3,1
취,e-영업4,1
치,e-영업4,1
캡,e-영업4,1
쿄,e-영업3,1
쿡,e-영업3,1
큘,e-영업3,1
킨,e-영업1,3
킵,e-영업4,1
탄,e-영업4,1
톤,e-영업4,1
티,e-영업3,1
핑,e-영업4,1
홉,e-영업4,1
후,e-영업4,1
