code,brand,org
0A,알레그리,e-영업1
0D,닥스,e-영업1
0F,블루 라운지,e-영업2
0G,닥스,e-영업1
0H,헤지스,e-영업1
0I,닥스,e-영업1
0J,질스튜어트 뉴욕,e-영업1
0JY,제이에스엔와이 유,e-영업1
0KO,킨,e-영업1
0L,라푸마,e-영업1
0M,마에스트로,e-영업1
0O,닥스,e-영업2
0R,일 꼬르소,e-영업1
0S,헤지스,e-영업1
0T,티엔지티,e-영업1
0TT,티엔지티,e-영업1
0U,마에스트로,e-영업2
0Y,헤지스,e-영업1
0Z,헤지스,e-영업1
1057,빈스,e-영업1
1D,닥스,e-영업1
1E,빈스,e-영업1
1H,챔피온,e-영업1
1I,제이에스앤와이,e-영업2
1K,탐스,e-영업2
1L,질 바이 질 스튜어트,e-영업1
1P,피즈,e-영업1
1Q,바쉬,e-영업1
1T,질스튜어트 스포츠,e-영업1
1X,더블플래그,e-영업1
1Z,질스튜어트,e-영업1
2B,헤지스,e-영업1
2C,불리,e-영업4
2E,앳코너,e-영업1
2I,이자벨마랑,e-영업1
2J,질스튜어트 뉴욕,e-영업1
2L,질 바이 질스튜어트,e-영업1
2N,제이에스엔와이,e-영업1
2S,보센,e-영업4
2T,티톤 브로스,e-영업1
A001,알레그리,e-영업1
A007,버켄스탁,e-영업1
A025,스티그마,e-영업3
A028,제이모드,e-영업3
A033,어거스트 앨리스,e-영업3
A043,바이엘,e-영업3
A066,느와,e-영업3
A071,발망,e-영업3
A079,에잇볼륨,e-영업3
A090,스텔라 매카트니,e-영업3
A093,디올,e-영업3
A106,토리버치,e-영업3
A110,알렉산더 맥퀸,e-영업3
A112,보테가 베네타,e-영업3
A114,발망,e-영업3
A116,톰브라운,e-영업3
A117,자넬라토,e-영업3
A119,기타브랜드,e-영업4
A128,닥스셔츠,e-영업3
A138,디올,e-영업3
A139,디올,e-영업3
A141,토즈,e-영업3
A152,프라다,e-영업3
A153,구찌,e-영업3
A154,발렌시아가,e-영업3
A156,살바토레 페라가모,e-영업3
A158,생 로랑,e-영업3
A159,멀버리,e-영업3
A160,버버리,e-영업3
A164,보테가 베네타,e-영업3
A166,코치넬레,e-영업3
A169,피스메이커,e-영업3
A183,이세이미야케,e-영업3
A219,스와로브스키,e-영업3
A227,크리스챤모드,e-영업3
A229,가이거,e-영업3
A230,티센토,e-영업3
A231,폴브리알,e-영업3
A235,프리마클라쎄,e-영업3
A237,라코스테,e-영업3
A267,몽블랑,e-영업3
A268,크리스찬 루부탱,e-영업3
A269,닐 바렛,e-영업3
A272,링스,e-영업4
A277,구찌,e-영업3
A281,겐조,e-영업3
A285,가이거,e-영업3
A288,론진,e-영업3
A289,발렌티노 루디,e-영업3
A290,세이코,e-영업3
A291,시티즌,e-영업3
A292,에테르노,e-영업3
A293,포체,e-영업3
A306,트루링크스웨어,e-영업4
A307,파르펠레,e-영업3
A322,아디다스,e-영업3
A323,발리,e-영업3
A342,에르노,e-영업3
A347,파라점퍼스,e-영업3
A352,몬데인,e-영업3
A355,오메가,e-영업3
A356,프레드릭 콘스탄트,e-영업3
A364,파라점퍼스,e-영업3
A368,톰브라운,e-영업3
A375,스텔라 매카트니,e-영업3
A378,미즈노,e-영업4
A385,겐조,e-영업3
A386,조르지오 아르마니,e-영업3
A388,몽블랑,e-영업3
A389,모스키노,e-영업3
A391,게스,e-영업3
A392,윌슨,e-영업3
A404,에르노,e-영업3
A407,롱샴,e-영업3
A410,앨리스마샤,e-영업3
A411,몽블랑,e-영업3
A413,디젤,e-영업3
A415,아르마니,e-영업3
A423,트리젠코,e-영업3
A426,오리스,e-영업3
A429,마이클코어스,e-영업3
A430,코치,e-영업3
A433,닥스,e-영업3
A434,킨더스 코너,e-영업3
A435,헤지스,e-영업3
A436,폴스미스,e-영업3
A437,스톤아일랜드,e-영업3
A439,판도라,e-영업3
A446,베디베로,e-영업3
A448,살바토레 페라가모,e-영업3
A450,에트로,e-영업3
A453,폴스미스,e-영업3
A455,에드하디,e-영업3
A472,토리버치,e-영업3
A480,끌로에,e-영업3
A481,버버리,e-영업3
A484,에트로,e-영업3
A485,살바토레 페라가모,e-영업3
A489,겐지,e-영업3
A491,투미,e-영업3
A493,큐티에잇 가먼츠,e-영업3
A499,릭오웬스,e-영업3
A500,발리,e-영업3
A506,파울라 카데마르토리,e-영업3
A507,살바토레 페라가모,e-영업3
A508,생 로랑,e-영업3
A509,프라다,e-영업3
A511,미우미우,e-영업3
A514,셀린느,e-영업3
A515,버버리,e-영업3
A516,보테가 베네타,e-영업3
A518,발렌티노,e-영업3
A519,엠에스지엠,e-영업3
A525,내셔널 퍼블리시티,e-영업3
A529,마르니,e-영업3
A531,폴스미스,e-영업3
A540,이세이미야케,e-영업3
A543,꼼데가르송,e-영업3
A549,로에베,e-영업3
A551,쟈딕앤볼테르,e-영업3
A567,조슈아 샌더스,e-영업3
A569,롱샴,e-영업3
A573,베르사체,e-영업3
A588,끌로에,e-영업3
A590,투미,e-영업3
A592,루이스카딘,e-영업3
A600,봉통,e-영업3
A604,던롭,e-영업4
A605,핑,e-영업4
A606,마루망,e-영업4
A613,플라즈마스페어,e-영업3
A617,스팽스,e-영업3
A623,구아나바나,e-영업3
A631,뷰티레시피,e-영업4
A640,훌라,e-영업3
A645,스와로브스키,e-영업3
A661,노이커먼,e-영업3
A663,켈빈클라인,e-영업3
A669,발렌시아가,e-영업3
A671,버버리,e-영업3
A675,끌로에,e-영업3
A676,에트로,e-영업3
A677,펜디,e-영업3
A678,살바토레 페라가모,e-영업3
A680,구찌,e-영업3
A689,미우미우,e-영업3
A691,프라다,e-영업3
A697,투미,e-영업3
A703,데메테르,e-영업4
A710,랑방,e-영업4
A715,몽블랑,e-영업4
A724,존 바바토스,e-영업4
A749,다비도프,e-영업4
A751,롱샴,e-영업3
A760,오리스,e-영업3
A764,알렉산더 맥퀸,e-영업3
A769,보테가 베네타,e-영업3
A770,버버리,e-영업3
A773,끌로에,e-영업3
A779,골든구스,e-영업3
A780,구찌,e-영업3
A784,겐조,e-영업3
A786,몽클레어,e-영업3
A793,파라점퍼스,e-영업3
A796,프라다,e-영업3
A797,생 로랑,e-영업3
A799,톰브라운,e-영업3
A800,토리버치,e-영업3
A801,발렌티노,e-영업3
A804,디스퀘어드2,e-영업3
A807,무스너클,e-영업3
A815,블루포레,e-영업3
A816,론카토,e-영업3
A817,알렉산더 맥퀸,e-영업3
A824,오바쿠,e-영업3
A825,화이트샌즈,e-영업3
A827,에르노,e-영업3
A838,랑방,e-영업3
A839,제냐,e-영업3
A840,에스까다,e-영업3
A843,넘버21,e-영업3
A851,헤지스 홈,e-영업4
A852,프라다,e-영업3
A853,살바토레 페라가모,e-영업3
A854,지방시,e-영업3
A855,버버리,e-영업3
A856,골든구스,e-영업3
A857,몽블랑,e-영업3
A859,에트로,e-영업3
A864,발렌시아가,e-영업3
A865,발리,e-영업3
A866,셀린느,e-영업3
A873,디스퀘어드2,e-영업3
A874,펜디,e-영업3
A877,마크제이콥스,e-영업3
A878,마이클코어스,e-영업3
A879,미우미우,e-영업3
A880,몽클레어,e-영업3
A882,멀버리,e-영업3
A884,폴스미스,e-영업3
A885,필립모델,e-영업3
A888,스톤아일랜드,e-영업3
A889,토즈,e-영업3
A891,토리버치,e-영업3
A893,발렌티노,e-영업3
A895,생 로랑,e-영업3
A896,구찌,e-영업3
A898,키플링,e-영업3
A911,살바토레 페라가모,e-영업3
A913,프라고나르,e-영업4
A914,클린,e-영업4
A915,존 바바토스,e-영업4
A916,쥬시꾸뛰르,e-영업4
A917,프라다,e-영업4
A918,파코라반,e-영업4
A920,에트로,e-영업4
A923,메르세데스벤츠,e-영업4
A924,랑세,e-영업4
A927,4711,e-영업4
A932,장폴고티에,e-영업4
A934,랑팔라투르,e-영업4
A937,알렉산더 왕,e-영업3
A938,꼼데가르송,e-영업3
A940,바오바오,e-영업3
A947,코치,e-영업3
A948,피에르 하디,e-영업3
A956,언더아머,e-영업4
A958,미도,e-영업3
A959,울프,e-영업3
A960,마세라티,e-영업3
A962,제니퍼로페즈,e-영업4
A969,칼 라거펠트,e-영업3
A973,바오바오,e-영업3
A977,오가니아,e-영업4
A983,보테가 베네타,e-영업3
A984,와이쓰리,e-영업3
A985,오프화이트,e-영업3
AA02,닥터틸즈,e-영업4
AA11,엠뉴,e-영업4
AA17,데오필버톤,e-영업4
AA18,휘게,e-영업4
AA21,오썸,e-영업4
AA35,펠체아주라,e-영업4
AA38,나떼쌍스,e-영업4
AA44,웨트러스트,e-영업4
AA49,프리그리드,e-영업4
AA51,퍼스트앤티,e-영업4
AA59,유니픽쳐,e-영업4
AA66,그린루프트,e-영업4
AA73,더마겔,e-영업4
AA81,닥터에스리,e-영업4
AA82,토리든,e-영업4
AA84,자연이랑,e-영업4
AB12,에뿌,e-영업4
AB13,산수시,e-영업4
AB14,달란,e-영업4
AB27,헤솔,e-영업4
AB33,켈빈클라인,e-영업4
AB34,르씨엘,e-영업4
AB40,페르난다,e-영업4
AB59,그린리프,e-영업4
AB62,29데이즈,e-영업4
AB65,아나시스,e-영업4
AB71,허로우!,e-영업4
AB74,한불,e-영업4
AB83,더마퀸,e-영업4
AB86,코엘프,e-영업4
AB90,성림아크릴,e-영업4
AC09,버진백,e-영업4
AC12,오릭스,e-영업4
AC14,오가니아,e-영업4
AC22,클린,e-영업4
AC34,에코터치,e-영업4
AC35,다나한,e-영업4
AC43,소다스트림,e-영업4
AC58,프레쥬,e-영업4
AC87,마리케이,e-영업4
AC89,플랙커스,e-영업4
AC93,레이티드그린,e-영업4
AC99,아토치드,e-영업4
AD07,비오엠,e-영업4
AD27,풋키스,e-영업4
AD39,코튼 클라우드 나인,e-영업4
AD62,오딧세이,e-영업4
AD75,제이더블유파크,e-영업4
AD97,부광약품,e-영업4
AE,앳코너,e-영업1
AE01,비러브,e-영업4
AE20,로잘리아,e-영업4
AE28,이볼루덤,e-영업4
AE36,메디테라피,e-영업4
AE37,다소다,e-영업4
AE53,더 레쉬,e-영업4
AE74,텐드스킨,e-영업4
AE81,에바스코스메틱,e-영업4
AE91,나블러스,e-영업4
AF07,라카빈,e-영업4
AF27,네브스카야 코스메틱,e-영업4
AF45,써모머그,e-영업4
AF46,참조은머드,e-영업4
AF48,라입,e-영업4
AF51,허벌페이스푸드,e-영업4
AF56,더미코스,e-영업4
AF62,모웰,e-영업4
AF78,살바토레 페라가모,e-영업4
AF95,세라클리닉,e-영업4
AG08,트위스트,e-영업4
AG11,더마셀라,e-영업4
AG15,엘유케이,e-영업4
AG20,효진,e-영업4
AG31,메이드로,e-영업4
AG35,닥터마시멜로,e-영업4
AG50,젤로젤로,e-영업4
AG55,식스스타,e-영업4
AG63,코티,e-영업4
AG78,프롬에이치,e-영업4
AG84,르나르도,e-영업4
AG86,이부키,e-영업4
AH02,에이쓰리에프온,e-영업4
AH33,아라미스,e-영업4
AH75,파파야골드,e-영업4
AH78,에어모션,e-영업4
AI01,루오끼,e-영업4
AI08,가인비책,e-영업4
AI18,이아이오,e-영업4
AI31,케릭터,e-영업4
AI40,카라코사,e-영업4
AI65,커버나인,e-영업4
AI73,시카케어 바디미스트,e-영업4
AI82,나뚜리바이오,e-영업4
AL46,꽃을 든 남자,e-영업4
AL85,해피얼쓰,e-영업4
AN18,레르드사봉,e-영업4
AN68,글래머러스 디,e-영업4
AO53,이제이노리,e-영업3
AO56,헤리티지 리갈,e-영업3
AO57,리갈,e-영업3
AO58,레노마,e-영업3
AO65,클락스,e-영업3
AO71,앤디아더,e-영업3
AO72,카파,e-영업4
AO73,롤리타 렘피카,e-영업4
AO76,헐크,e-영업4
AO82,살바토레 페라가모,e-영업3
AO84,카밀,e-영업4
AO85,리얼테크닉스,e-영업4
AO91,캐시미어하우스,e-영업3
AO93,스파이더맨,e-영업4
AO94,헐크,e-영업3
AO95,아이언맨,e-영업3
AP03,세이코,e-영업3
AP04,알바,e-영업3
AP05,이세이미야케,e-영업3
AP08,비스카,e-영업4
AP09,보랄,e-영업4
AP10,퀸센스,e-영업4
AP13,르젠,e-영업4
AP15,텍스월드,e-영업4
AP16,247서울,e-영업3
AP26,뉴트라바이오,e-영업4
AP43,허니아일랜드,e-영업4
AP56,무코타,e-영업4
AP57,트립션,e-영업3
AP63,베르사체,e-영업4
AP65,비츠조명,e-영업4
AP66,앤소사이어티,e-영업4
AP68,앙크1.5,e-영업3
AP70,바이빠세,e-영업4
AP71,올리세,e-영업4
AP72,더블유 피부연구소,e-영업4
AP77,살롱드욘,e-영업3
AP80,코빵밴드,e-영업4
AP81,제이에스티나,e-영업3
AP86,라르디니,e-영업3
AP87,리프레젠트,e-영업3
AP97,벤하임,e-영업4
AP98,메시앙,e-영업4
AQ01,마이템,e-영업4
AQ03,소피앤테일러,e-영업3
AQ07,쏘리투머치러브,e-영업3
AQ08,아티아트,e-영업3
AQ09,마루망,e-영업4
AQ14,프리톤,e-영업3
AQ15,에스더포뮬러,e-영업4
AQ24,짐보리,e-영업3
AQ29,아르떼펠레,e-영업4
AQ30,배큐빈,e-영업4
AQ31,프라다,e-영업4
AQ32,햄튼,e-영업4
AQ34,파우트,e-영업4
AQ35,바디랩스,e-영업4
AQ36,리브트리,e-영업4
AQ38,벨로이,e-영업3
AQ50,캣티,e-영업4
AQ60,벌스원,e-영업3
AQ84,토리버치,e-영업3
AQ87,프렐류드,e-영업4
AR01,후와,e-영업4
AR04,오프더레코드,e-영업3
AR08,시크,e-영업3
AR27,엠디638,e-영업4
AR34,세인트제임스,e-영업3
AR35,컬럼비아,e-영업4
AR43,던힐,e-영업4
AR47,에스엠에이,e-영업3
AR65,오딧세이,e-영업4
AR67,휘엔느,e-영업4
AR71,더스튜디오케이,e-영업3
AR72,겐조,e-영업3
AR76,사라팜,e-영업4
AR83,필로이,e-영업3
AR84,개성공방,e-영업4
AR86,객,e-영업3
AS05,굿나잇데이브,e-영업3
AS08,키처스18,e-영업4
AS09,실버크로스,e-영업3
AS10,금강제화,e-영업3
AS29,나귀사,e-영업3
AS30,슈스파,e-영업3
AS39,퍼팅원,e-영업4
AS40,기타 브랜드,e-영업4
AS61,발렌시아가,e-영업3
AS62,발리,e-영업3
AS63,보테가 베네타,e-영업3
AS64,버버리,e-영업3
AS66,끌로에,e-영업3
AS68,에트로,e-영업3
AS69,펜디,e-영업3
AS70,살바토레 페라가모,e-영업3
AS72,지방시,e-영업3
AS73,골든구스,e-영업3
AS74,구찌,e-영업3
AS75,이세이미야케,e-영업3
AS77,몽클레어,e-영업3
AS78,몽블랑,e-영업3
AS79,무스너클,e-영업3
AS80,멀버리,e-영업3
AS81,노비스,e-영업3
AS82,판도라,e-영업3
AS83,프라다,e-영업3
AS84,스와로브스키,e-영업3
AS85,톰브라운,e-영업3
AS86,토즈,e-영업3
AS87,토리버치,e-영업3
AS88,발렌티노,e-영업3
AS89,생 로랑,e-영업3
AT04,한샘엠시스,e-영업4
AT06,닥터디퍼런트,e-영업4
AT14,제이미원더,e-영업3
AT23,리플레인,e-영업3
AT26,릿첼,e-영업3
AT34,코비전자,e-영업4
AT37,리틀라이프,e-영업3
AT45,브라 이트스타트,e-영업3
AT52,갭,e-영업3
AT58,캘빈클라인,e-영업3
AT59,버츠비,e-영업4
AT71,칼만,e-영업4
AT73,브라운햇,e-영업3
AT74,셀로니아,e-영업4
AT75,브로우엔드,e-영업3
AT78,케네스콜,e-영업3
AT95,베르에누아,e-영업3
ATHE,아떼 바네사브루노,e-영업1
AU13,가르니에,e-영업4
AU18,겐조,e-영업4
AU19,겔랑,e-영업4
AU20,고세,e-영업4
AU22,골드웰,e-영업4
AU23,구찌,e-영업4
AU24,그란데래쉬,e-영업4
AU26,글램글로우,e-영업4
AU30,기노,e-영업4
AU31,기라로쉬,e-영업4
AU33,까르띠에,e-영업4
AU35,까사렐,e-영업4
AU36,꼬달리,e-영업4
AU37,꼼데가르송,e-영업4
AU38,끌레드뽀,e-영업4
AU39,끌로에,e-영업4
AU42,나스,e-영업4
AU45,네스티단테,e-영업4
AU47,네오스트라타,e-영업4
AU48,네츄라 비세,e-영업4
AU50,노티카,e-영업4
AU51,누들 앤 부,e-영업4
AU52,눅스,e-영업4
AU55,니옥신,e-영업4
AU57,다비네스,e-영업4
AU58,다비도프,e-영업4
AU60,닥터 데니스 그로스,e-영업4
AU62,닥터브란트,e-영업4
AU65,닥터 하우쉬카,e-영업4
AU67,달팡,e-영업4
AU74,더마힐,e-영업4
AU76,더말로지카,e-영업4
AU77,마일드엠,e-영업4
AU78,피에이치드롭,e-영업4
AU79,더밤,e-영업4
AU80,던힐,e-영업4
AU82,데메테르,e-영업4
AU85,데이빗 베컴,e-영업4
AU86,돌체앤가바나,e-영업4
AU88,드끌레오,e-영업4
AU89,디 아트 오브 쉐이빙,e-영업4
AU92,딥티크,e-영업4
AU93,딸고,e-영업4
AU95,라 메르,e-영업4
AU97,라 프레리,e-영업4
AV01,라로슈포제,e-영업4
AV02,라리끄,e-영업4
AV03,라베라,e-영업4
AV04,라우라 비아조티,e-영업4
AV05,라코스테,e-영업4
AV08,폴로 랄프로렌,e-영업4
AV09,람보르기니,e-영업4
AV10,랑방,e-영업4
AV11,랑카스터,e-영업4
AV12,랑콤,e-영업4
AV25,레드켄,e-영업4
AV27,레브론,e-영업4
AV29,레이블 엠,e-영업4
AV37,로라메르시에,e-영업4
AV38,로레알 파리,e-영업4
AV39,로리스 아자로,e-영업4
AV40,채뉴욕,e-영업3
AV44,로샤스,e-영업4
AV46,로에베,e-영업4
AV47,로져 앤 갈렛,e-영업4
AV48,록,e-영업4
AV49,록시땅,e-영업4
AV50,롤리타 렘피카,e-영업4
AV51,로에베,e-영업3
AV52,르 바이브,e-영업4
AV53,르네휘테르,e-영업4
AV55,리노킨,e-영업4
AV57,리빙 프루프,e-영업4
AV62,립스틱 퀸,e-영업4
AV64,마리오 바데스쿠,e-영업4
AV72,마크제이콥스,e-영업4
AV73,말리에,e-영업4
AV75,매트릭스,e-영업4
AV83,알렉산더 맥퀸,e-영업3
AV85,밍크뮤,e-영업3
AV87,온,e-영업3
AV88,맨사이언스,e-영업4
AV90,미코,e-영업4
AV98,해츠토리,e-영업3
AV99,로씨로씨,e-영업3
AW01,프라이탁,e-영업3
AW03,바디루틴,e-영업4
AW05,앤오즈,e-영업3
AW12,커버걸,e-영업4
AW13,필로르가,e-영업4
AW14,멀린앤게츠,e-영업4
AW17,막스마라,e-영업3
AW18,위크엔드 막스마라,e-영업3
AW22,리브온,e-영업4
AW24,알렉산드레 제이,e-영업4
AW27,데자뷰,e-영업4
AW31,글래스하우스,e-영업4
AW32,미우미우,e-영업4
AW38,더마이,e-영업4
AW39,아닉구딸,e-영업4
AW40,더마콜,e-영업4
AW41,에스케이투,e-영업4
AW44,더마퀘스트,e-영업4
AW48,디케이엔와이,e-영업4
AW54,키스미,e-영업4
AW59,랩시리즈,e-영업4
AW61,4711,e-영업4
AW62,쓰리,e-영업4
AW70,메이블린 뉴욕,e-영업4
AW71,메이슨 피어슨,e-영업4
AW72,메이크업 포에버,e-영업4
AW77,모로칸오일,e-영업4
AW81,몰리나드,e-영업4
AW83,키엘,e-영업4
AW84,비오템,e-영업4
AW85,몰튼 브라운,e-영업4
AW86,몽블랑,e-영업4
AW87,무스텔라,e-영업4
AW92,밀러 해리스,e-영업4
AW93,밀레피오리,e-영업4
AW96,바비브라운,e-영업4
AW97,바이 테리,e-영업4
AW98,바이레도,e-영업4
AW99,바이오실크,e-영업4
AX00,바이오엘리먼츠,e-영업4
AX01,백스터 오브 캘리포니아,e-영업4
AX03,발렌시아가,e-영업4
AX04,발렌티노,e-영업4
AX05,발몽,e-영업4
AX07,버버리,e-영업4
AX08,범블 앤 범블,e-영업4
AX10,베네피트,e-영업4
AX12,모브쌩,e-영업4
AX14,베르사체,e-영업4
AX15,베어미네랄스,e-영업4
AX17,베카,e-영업4
AX21,보르게세,e-영업4
AX24,보이스 1920,e-영업4
AX25,보테가 베네타,e-영업4
AX26,본드넘버나인,e-영업4
AX27,부르조아,e-영업4
AX28,부쉐론,e-영업4
AX29,불가리,e-영업4
AX34,블리스,e-영업4
AX35,블링크,e-영업4
AX38,비쉬,e-영업4
AX44,빅토리녹스,e-영업4
AX52,빠이요,e-영업4
AX55,사샤후안,e-영업4
AX57,살바토레 페라가모,e-영업4
AX58,샤넬,e-영업4
AX59,샹테카이,e-영업4
AX61,세인트제임스,e-영업3
AX68,아베다,e-영업4
AX69,세르주 루텐,e-영업4
AX70,세바스찬,e-영업4
AX73,셀렉스씨,e-영업4
AX74,케네스콜뉴욕,e-영업3
AX77,소피나,e-영업4
AX79,샤우마,e-영업4
AX80,바난겐,e-영업4
AX86,슈에무라,e-영업4
AX87,스매쉬 박스,e-영업4
AX89,스캐넌,e-영업4
AX93,스텔라 매카트니,e-영업4
AX94,스킨 슈티컬즈,e-영업4
AX95,스틸라,e-영업4
AX97,시세이도,e-영업4
AX98,시슬리,e-영업4
AY00,무디디,e-영업3
AY03,아메리칸 크루,e-영업4
AY07,아라미스,e-영업4
AY08,아디다스,e-영업4
AY10,아가디르 아르간 오일,e-영업4
AY11,아베크롬비,e-영업4
AY12,아벤느,e-영업4
AY15,아워글라스,e-영업4
AY20,아쿠아 델엘바,e-영업4
AY21,아쿠아 디 파르마,e-영업4
AY23,아틀리에 코롱,e-영업4
AY31,카림,e-영업4
AY35,노와,e-영업4
AY37,까사맘,e-영업4
AY43,어도어,e-영업3
AY44,판도라,e-영업3
AY47,디올,e-영업3
AY51,루이스카렌,e-영업4
AY56,피셸,e-영업3
AY58,로보카 폴리,e-영업3
AY60,엘리자베스아덴,e-영업4
AY61,디키,e-영업3
AY70,콰이로,e-영업3
AY71,레미제라블,e-영업4
AY78,바세린,e-영업4
AY80,듀이트리,e-영업4
AY81,케라시스,e-영업4
AY93,씨투와이,e-영업4
AY95,리앤데코,e-영업4
AY96,아티잔 파퓨미어,e-영업4
AY97,아피비타,e-영업4
AY98,아하바,e-영업4
AY99,안나수이,e-영업4
AZ01,심플먼트,e-영업4
AZ04,심플먼트,e-영업4
AZ05,심플먼트,e-영업4
AZ06,심플먼트,e-영업4
AZ10,알파파프,e-영업4
AZ15,어반디케이,e-영업4
AZ19,에르노 라스즈로,e-영업4
AZ20,에르메스,e-영업4
AZ27,에스티로더,e-영업4
AZ31,엑스비앙스,e-영업4
AZ34,엘라 바쉬,e-영업4
AZ35,엘레미스,e-영업4
AZ36,엔리코 코베리,e-영업4
AZ37,엘렌 트레이시,e-영업4
AZ38,엘리 사브,e-영업4
AZ39,엘리자베스아덴,e-영업4
AZ40,엘리자베스 테일러,e-영업4
AZ43,영블러드,e-영업4
AZ44,오로플루이도,e-영업4
AZ45,오리진스,e-영업4
AZ48,오바지,e-영업4
AZ53,올랑,e-영업4
AZ59,폴로 랄프로렌,e-영업3
AZ74,올레이,e-영업4
AZ79,웬,e-영업4
AZ80,웰라,e-영업4
AZ83,이브 롬,e-영업4
AZ84,소다산,e-영업4
AZ87,이솝,e-영업4
AZ88,이세이미야케,e-영업4
AZ91,입생로랑,e-영업4
AZ97,헨리코튼,e-영업3
AZ98,잔 마리니,e-영업4
AZA0,코치,e-영업3
AZA2,장 샤를르 브로소,e-영업4
AZA3,장폴고티에,e-영업4
AZA4,라코스테,e-영업3
AZA5,재규어,e-영업4
AZA6,파슬,e-영업3
AZA8,잭블랙,e-영업4
AZB8,제인 아이어데일,e-영업4
AZB9,조말론,e-영업4
AZC1,제니하우스,e-영업4
AZC4,조르지오 아르마니,e-영업4
AZC7,조이코,e-영업4
AZC9,존 마스터스 오가닉,e-영업4
AZD0,벨네이처,e-영업4
AZD1,존 바바토스,e-영업4
AZD4,주디스 레이버,e-영업4
AZD8,쥬스 뷰티,e-영업4
AZD9,쥬시꾸뛰르,e-영업4
AZE0,가네보,e-영업4
AZE1,크라시에,e-영업4
AZE3,아가타,e-영업3
AZE5,겐조,e-영업4
AZE7,구달,e-영업4
AZE8,구찌,e-영업4
AZF0,까스텔바작,e-영업4
AZF4,끌로에,e-영업4
AZF5,나르시소 로드리게즈,e-영업4
AZG0,다비도프,e-영업4
AZG2,더후,e-영업4
AZG3,더마토리,e-영업4
AZG5,돌체앤가바나,e-영업4
AZG6,디올,e-영업4
AZG8,라리끄,e-영업4
AZG9,랑방,e-영업4
AZH1,롤리타 렘피카,e-영업4
AZH5,디오키드스킨,e-영업4
AZH6,마크제이콥스,e-영업4
AZH7,쥬시쥬디,e-영업3
AZH8,루치아노 소프라니,e-영업4
AZI0,메르세데스벤츠,e-영업4
AZI2,모스키노,e-영업4
AZI3,몽블랑,e-영업4
AZI6,버버리,e-영업4
AZJ1,베르사체,e-영업4
AZJ2,불가리,e-영업4
AZJ3,브이디엘,e-영업4
AZJ4,비욘드,e-영업4
AZJ6,설화수,e-영업4
AZJ9,수려한,e-영업4
AZK0,숨37,e-영업4
AZK3,반트,e-영업4
AZK4,블랙야크,e-영업4
AZK5,안나수이,e-영업4
AZK6,어반돌키스,e-영업4
AZK7,에뛰드하우스,e-영업4
AZK8,에르메스,e-영업4
AZL0,에이지투웨니스,e-영업4
AZL1,엘리사브,e-영업4
AZL2,엘리자베스아덴,e-영업4
AZL3,오휘,e-영업4
AZL4,이세이미야케,e-영업4
AZL8,장폴고티에,e-영업4
AZL9,제니퍼로페즈,e-영업4
AZM1,조말론,e-영업4
AZM3,존 바바토스,e-영업4
AZM4,쥬시꾸뛰르,e-영업4
AZM5,지미추,e-영업4
AZM8,켈빈클라인,e-영업4
AZM9,케어존,e-영업4
AZN1,클리오,e-영업4
AZN2,클린,e-영업4
AZN4,투쿨포스쿨,e-영업4
AZN6,파시,e-영업4
AZN7,파코라반,e-영업4
AZN9,페라리,e-영업4
AZO0,페리페라,e-영업4
AZO1,헤라,e-영업4
AZO2,프리메라,e-영업4
AZO5,폴스미스,e-영업4
AZO7,살바토레 페라가모,e-영업3
AZP0,셀바,e-영업3
AZP6,버밀란,e-영업3
AZP8,맥케이지,e-영업3
AZQ2,큐브이,e-영업4
AZQ4,바비펫,e-영업4
AZQ6,농협,e-영업4
AZQ9,아이미스,e-영업4
AZR0,셀로니아,e-영업4
AZR4,씨폴리,e-영업3
AZR6,르마스크,e-영업3
AZR7,쥴리크,e-영업4
AZR8,지미추,e-영업4
AZS0,지방시,e-영업4
AZS3,질샌더,e-영업4
AZS5,카고,e-영업4
AZT1,로트리,e-영업4
AZU0,크리니크,e-영업4
AZU1,클라란스,e-영업4
AZU2,파인트리,e-영업4
AZU3,디올,e-영업4
AZU6,켈빈클라인,e-영업4
AZV0,캐롤리나 헤레라,e-영업4
AZV1,케네스콜,e-영업4
AZV3,케라스타즈,e-영업4
AZV4,클린,e-영업4
AZV5,크리드,e-영업4
AZV8,크리지아,e-영업4
AZV9,쿨티,e-영업4
AZW8,잇츠백,e-영업3
AZW9,잉글랜더,e-영업4
AZX0,보울,e-영업4
AZX3,콜시 살로메,e-영업4
AZX5,코치,e-영업4
AZY1,케빈 어코인,e-영업4
AZY2,크랩트리 앤 에블린,e-영업4
AZY9,타임,e-영업4
AZZ3,토픽,e-영업4
AZZ5,톰포드,e-영업4
AZZC,락포트,e-영업3
AZZD,잔스포츠,e-영업3
AZZE,캉골,e-영업3
AZZF,벨로이,e-영업3
AZZH,제옥스,e-영업3
AZZJ,티에리 뮈글러,e-영업4
AZZK,트위저맨,e-영업4
AZZN,파코라반,e-영업4
AZZU,페리엘리스,e-영업4
AZZV,레미쇼방,e-영업4
B000,티엔지티,e-영업1
B002,헤지스,e-영업1
B00A,헤지스 골프_콜한,e-영업1
B00E,스페이드클럽서울,e-영업1
B00F,스페이드클럽서울,e-영업1
B00H,알레그리,e-영업1
B00I,알레그리 블루,e-영업1
B00J,제이에스엔와이,e-영업1
B00K,더블플래그,e-영업1
B00L,더블플래그,e-영업1
B00M,챔피온,e-영업1
B00N,리복,e-영업1
B00O,스탠다이얼,e-영업1
B00Q,오끼뜨,e-영업3
B00R,티피코시,e-영업1
B00S,티피코시,e-영업1
B00T,마지셔우드,e-영업3
B00U,마르디 메크르디 레쁘띠,e-영업3
B00V,블루라운지,e-영업1
B00X,필립모델,e-영업2
B00Y,닥스 수건,e-영업4
B00Z,홈바이템퍼,e-영업4
B010,위글 위글,e-영업2
B01D,질스튜어트뉴욕 모먼트에디션,e-영업4
B01E,랜덤,e-영업1
B01F,랜덤,e-영업1
B01G,백컨트리,e-영업4
B01H,지포어,e-영업4
B01I,제이린드버그,e-영업4
B01J,바네사브루노,e-영업1
B01K,히스 헤지스,e-영업1
B01L,히스 헤지스,e-영업1
B01M,키노시타 바이 티엔지티,e-영업1
B01N,프레스티지오 디 알레그리,e-영업1
B01O,요요기 플리츠 바이 티엔지티,e-영업1
B01Q,히스 헤지스,e-영업1
B01R,알레그리,e-영업1
B033,룰429,e-영업4
B044,질스튜어트 뉴욕,e-영업1
B046,쥴스,e-영업2
B048,아떼뷰티,e-영업4
B050,프라이데이 미드나잇,e-영업2
B051,아뜰리에 먼로,e-영업2
B052,피즈,e-영업2
B053,저스트,e-영업2
B799,보야지메종,e-영업4
B880,보센,e-영업4
B888,피버365,e-영업4
BA01,페보니아 보타니카,e-영업4
BA06,아가타,e-영업3
BA07,피에르가르뎅,e-영업3
BA08,프리마클라쎄,e-영업3
BA09,아놀드파마,e-영업3
BA11,엘르,e-영업3
BA12,가이거,e-영업3
BA16,폴리스,e-영업4
BA18,제이제이나인,e-영업3
BA19,어딕션,e-영업4
BA23,치,e-영업4
BA28,프라다,e-영업4
BA29,프레쉬,e-영업4
BA35,코이무이,e-영업3
BA36,앨리스마샤,e-영업3
BA37,간소,e-영업4
BA39,끄란느,e-영업3
BA41,록시,e-영업4
BA42,퀵실버,e-영업3
BA43,빌라봉,e-영업4
BA44,다카인,e-영업3
BA45,오닐웻슈트,e-영업4
BA47,헐리,e-영업4
BA48,립컬,e-영업4
BA49,플래닛서프,e-영업4
BA50,메르수아,e-영업4
BA51,빌리걸스,e-영업4
BA54,얼라이브즈,e-영업4
BA56,린백,e-영업4
BA62,린백,e-영업4
BA63,린백,e-영업4
BA72,제이엠솔루션,e-영업4
BA74,플리츠마마,e-영업3
BA76,아이엠블라인드,e-영업4
BA78,칼하트,e-영업3
BA79,필슨,e-영업3
BA80,쌤소나이트,e-영업3
BA85,탱글티저,e-영업4
BA86,내셔널 지오그래픽,e-영업3
BA89,슈퍼글래스,e-영업3
BA90,스트라틱,e-영업3
BA92,엠머스타쉬,e-영업3
BA93,나이키,e-영업4
BA94,4711,e-영업4
BASH,바쉬,e-영업1
BB12,세인트제임스,e-영업3
BB15,타미힐피거,e-영업4
BB31,베어파우,e-영업4
BB33,블랙야크,e-영업3
BB34,사봉,e-영업4
BB35,프라우니스,e-영업4
BB39,코너스,e-영업3
BB40,에스티듀퐁,e-영업4
BB42,휴고보스,e-영업4
BB43,필로소피,e-영업4
BB45,피토,e-영업4
BB46,피터토마스로스,e-영업4
BB47,화이트 숄더,e-영업4
BB53,시그마뷰티,e-영업4
BB57,엘에스에이,e-영업4
BB66,아나스타샤 베버리힐즈,e-영업4
BB67,폴 미첼,e-영업4
BB69,필립 킹슬리,e-영업4
BB70,필립 비,e-영업4
BB75,헬레나 루빈스타인,e-영업4
BB77,알엔더블유,e-영업4
BB80,오리지널 스프라우트,e-영업4
BB83,에피큐렌,e-영업4
BB85,소티스,e-영업4
BB87,셀코스메트,e-영업4
BB92,비타끄렘므 비12,e-영업4
BC13,아미,e-영업3
BC23,플로리스,e-영업4
BC25,디에스 앤 두르가,e-영업4
BC30,루나스퀘어,e-영업4
BC31,그로운 알케미스트,e-영업4
BC32,나타샤 디노나,e-영업4
BC38,오스트레일리안 골드,e-영업4
BC42,테일러 오브 올드 본드 스트리트,e-영업4
BC52,엘타엠디,e-영업4
BC56,케빈 머피,e-영업4
BC60,프리베이지 바이 엘리자베스 아덴,e-영업4
BC61,벅섬,e-영업4
BC64,비와이에스,e-영업4
BC67,아페쎄,e-영업3
BC69,아크네,e-영업3
BC70,알렉산더 맥퀸,e-영업3
BC73,아미,e-영업3
BC77,발리,e-영업3
BC79,보테가 베네타,e-영업3
BC80,버버리,e-영업3
BC83,끌로에,e-영업3
BC86,꼼데가르송,e-영업3
BC88,씨피컴퍼니,e-영업3
BC95,펜디,e-영업3
BC96,살바토레 페라가모,e-영업3
BC98,젠치,e-영업3
BD00,지방시,e-영업3
BD01,골든구스,e-영업3
BD02,구찌,e-영업3
BD08,겐조,e-영업3
BD09,랑방,e-영업3
BD11,레스아티스트,e-영업3
BD15,메종키츠네,e-영업3
BD17,마르니,e-영업3
BD18,메종마르지엘라,e-영업3
BD20,몽클레어,e-영업3
BD21,무스너클,e-영업3
BD23,엠에스지엠,e-영업3
BD24,닐 바렛,e-영업3
BD25,나이키,e-영업3
BD26,오프화이트,e-영업3
BD28,파라점퍼스,e-영업3
BD30,폴스미스,e-영업3
BD31,필립플레인,e-영업3
BD32,프라다,e-영업3
BD34,릭오웬스,e-영업3
BD35,스톤아일랜드,e-영업3
BD37,톰브라운,e-영업3
BD38,토즈,e-영업3
BD41,발렌티노,e-영업3
BD43,베트멍,e-영업3
BD44,비비안웨스트우드,e-영업3
BD45,와이쓰리,e-영업3
BD47,생 로랑,e-영업3
BD58,로라겔러,e-영업4
BD60,윙키럭스,e-영업4
BD64,리우젤,e-영업4
BD65,레이라이트,e-영업4
BD75,디올,e-영업3
BD77,롱샴,e-영업3
BD78,엠씨엠,e-영업3
BD87,키오스킨,e-영업4
BD88,블랑카우,e-영업4
BD89,탄,e-영업4
BD91,퓨어트리,e-영업4
BD94,드제코,e-영업3
BD95,포레포레,e-영업3
BE03,이엠이,e-영업4
BE04,혼마,e-영업4
BE06,로얄스튜어트,e-영업4
BE07,레이밴,e-영업3
BE09,유세린,e-영업4
BE14,스위스밀리터리,e-영업3
BE15,테드베이커,e-영업3
BE16,리복,e-영업4
BE17,아티아트 악세,e-영업3
BE19,캐터필라,e-영업3
BE20,칸디노,e-영업3
BE21,알렉산더 맥퀸,e-영업3
BE22,맥끌라니,e-영업3
BE23,닥터포포,e-영업4
BE26,발리,e-영업3
BE27,버버리,e-영업3
BE28,몽블랑,e-영업4
BE30,끌로에,e-영업3
BE31,꼼데가르송,e-영업3
BE37,구찌,e-영업3
BE40,레스아티스트,e-영업3
BE41,조말론,e-영업4
BE43,메종키츠네,e-영업3
BE46,무스너클,e-영업3
BE52,필립모델,e-영업3
BE56,스톤아일랜드,e-영업3
BE57,큐어,e-영업4
BE58,토즈,e-영업3
BE59,베르사체,e-영업3
BE70,컴포트랩,e-영업3
BE71,올곧은,e-영업3
BE78,디어드라세나,e-영업4
BE79,렉시,e-영업3
BE80,몬풋,e-영업3
BE85,홀인원,e-영업4
BE86,플라이런웨이,e-영업3
BE90,인피오르,e-영업3
BL15,부테로,e-영업3
BL17,미우미우,e-영업3
BL22,스포메틱스,e-영업4
BL25,룰라러브,e-영업4
BL26,라그랑,e-영업4
BL27,베블,e-영업4
BL30,유세린,e-영업4
BL37,디젤,e-영업3
BL44,마크제이콥스,e-영업3
BL51,발렌티노,e-영업3
BL86,타미힐피거,e-영업3
BL98,프라다,e-영업3
BM01,바덴,e-영업4
BM07,쇼브오프,e-영업3
BM22,와드로브,e-영업3
BM23,보니블라,e-영업3
BM36,247 서울,e-영업3
BM87,메니큐,e-영업4
BM95,오델로,e-영업4
BN03,바이바이섭,e-영업3
BN05,발리,e-영업3
BN09,게스,e-영업3
BN10,폴리스,e-영업3
BN11,디젤,e-영업3
BN12,안나수이,e-영업3
BN15,베디베로,e-영업3
BN16,겐조,e-영업3
BN17,톰포드,e-영업3
BN20,지미추,e-영업3
BN25,구찌,e-영업3
BN33,휴고보스,e-영업3
BN34,디올,e-영업3
BN37,펜디,e-영업3
BN43,뮬라웨어,e-영업4
BN44,살바토레 페라가모,e-영업3
BN45,보랄,e-영업4
BN47,셀포메드,e-영업4
BN49,티엘스,e-영업4
BN50,황후지화,e-영업4
BN59,하우홈,e-영업4
BN62,샤크,e-영업4
BN63,에이비씨덤,e-영업4
BN64,브이비씨까사,e-영업4
BN84,브이텍,e-영업3
BN86,자연으로,e-영업4
BN89,앰플엔,e-영업4
BN91,레쁘띠한복,e-영업3
BN92,더예 한복,e-영업3
BN94,오끌레르,e-영업3
BN95,르니나,e-영업3
BN96,케네스콜,e-영업3
BN98,도나소피아,e-영업3
BO01,밀크바오밥,e-영업3
BO02,헤이톡,e-영업4
BO03,코브라,e-영업4
BO06,루이모라이스,e-영업3
BO08,스와로브스키,e-영업3
BO11,샤틴,e-영업3
BO12,에스블랑,e-영업3
BO13,펑키허스크,e-영업3
BO16,컴포트,e-영업4
BO23,토르소,e-영업3
BO26,브리카,e-영업3
BO28,레꼴뜨,e-영업4
BO32,와이즈,e-영업3
BO33,렛잇뷰티,e-영업3
BO34,세컨데일리,e-영업3
BO39,파타고니아,e-영업3
BO41,미소페,e-영업3
BO42,마인드브릿지,e-영업3
BO43,루즈블랑,e-영업3
BO51,구찌,e-영업3
BO52,끌로에,e-영업3
BO53,로에베,e-영업3
BO54,마르니,e-영업3
BO56,몽클레어,e-영업3
BO57,발렌시아가,e-영업3
BO58,발렌티노,e-영업3
BO59,버버리,e-영업3
BO60,보테가 베네타,e-영업3
BO61,생 로랑,e-영업3
BO62,셀린느,e-영업3
BO63,스톤아일랜드,e-영업3
BO65,알렉산더 맥퀸,e-영업3
BO67,지방시,e-영업3
BO68,톰브라운,e-영업3
BO69,펜디,e-영업3
BO70,프라다,e-영업3
BO72,팀버랜드,e-영업4
BO74,애플앤딥,e-영업3
BO77,마틸라,e-영업4
BO79,제노트리,e-영업4
BO84,유어유스,e-영업3
BO92,롤리키드,e-영업3
BP02,포뷰트,e-영업4
BP08,케어포인트,e-영업4
BP10,제이엠더블유,e-영업4
BP12,헤르조그,e-영업4
BP17,캐스티,e-영업4
BP24,찹스,e-영업4
BP27,오그램,e-영업3
BP29,디아이블랑,e-영업3
BP32,미치코런던,e-영업3
BP33,블루마린,e-영업4
BP34,바나바나,e-영업3
BP35,칼슈미트,e-영업4
BP39,아임클린,e-영업4
BP40,무민,e-영업3
BP41,모즈모즈,e-영업3
BP46,카프리나,e-영업4
BP65,마임,e-영업3
BP67,퍼니처스마트,e-영업4
BP70,바게지,e-영업4
BP74,에오스보떼,e-영업4
BP75,헤르비스,e-영업4
BP78,굳이어,e-영업3
BP82,더마하우스,e-영업4
BP93,제이에스티나,e-영업3
BP96,코리아나,e-영업4
BQ00,47브랜드,e-영업3
BQ02,메디힐,e-영업4
BQ03,닥터자르트,e-영업4
BQ04,이니스프리,e-영업4
BQ05,라네즈,e-영업4
BQ06,아토팜,e-영업4
BQ07,에스엔피,e-영업4
BQ11,3초습관,e-영업4
BQ12,페라슈발,e-영업4
BQ16,발리,e-영업3
BQ22,홀리 러브스 러브,e-영업3
BQ25,맥널티,e-영업4
BQ31,비티에스,e-영업3
BQ32,에어룸,e-영업4
BQ33,알러셀,e-영업4
BQ34,에어펫,e-영업4
BQ46,블루독,e-영업3
BQ47,블루독베이비,e-영업3
BQ48,크록스,e-영업4
BQ50,로우투로우,e-영업3
BQ53,안나수이,e-영업4
BQ54,블리스텍스,e-영업4
BQ63,블루팩토리,e-영업4
BQ64,데저트 에센스,e-영업4
BQ68,이너랩,e-영업4
BQ69,소다산,e-영업4
BQ72,몽블랑,e-영업3
BQ74,플루크,e-영업3
BQ77,메르디센트,e-영업4
BQ80,핑,e-영업4
BQ81,팬텀,e-영업4
BQ85,예시카쿠너,e-영업3
BQ88,리빙아트,e-영업4
BQ89,세라맥스,e-영업4
BQ91,리카르도,e-영업3
BQ92,스톰서퍼,e-영업3
BQ95,에센허브,e-영업4
BQ98,구찌,e-영업3
BR07,바이오미스트,e-영업4
BR09,로즈몽,e-영업3
BR20,스와니코코,e-영업4
BR25,피오리 디 세타,e-영업4
BR40,밀리언코르,e-영업3
BR49,아그넬,e-영업3
BR50,텍스타일에리어,e-영업3
BR51,로에베,e-영업3
BR59,아쿠아 디 파르마,e-영업4
BR60,버버리,e-영업4
BR61,바이레도,e-영업4
BR62,켈빈클라인,e-영업4
BR63,끌로에,e-영업4
BR64,클린,e-영업4
BR65,다비도프,e-영업4
BR66,디올,e-영업4
BR67,돌체앤가바나,e-영업4
BR68,살바토레 페라가모,e-영업4
BR69,구찌,e-영업4
BR70,겔랑,e-영업4
BR71,에르메스,e-영업4
BR72,제니퍼로페즈,e-영업4
BR73,지미추,e-영업4
BR74,조말론,e-영업4
BR75,존 바바토스,e-영업4
BR76,쥬시꾸뛰르,e-영업4
BR77,겐조,e-영업4
BR78,랑콤,e-영업4
BR79,랑방,e-영업4
BR80,롤리타 렘피카,e-영업4
BR81,메르세데스벤츠,e-영업4
BR83,몽블랑,e-영업4
BR85,파코라반,e-영업4
BR87,필로소피,e-영업4
BR88,프라다,e-영업4
BR89,페라리,e-영업4
BR90,티파니앤코,e-영업4
BR91,톰포드,e-영업4
BR92,반 클리프 앤 아펠,e-영업4
BR93,록시땅,e-영업4
BR95,베르사체,e-영업4
BR97,셀몽드,e-영업4
BR98,박준뷰티랩,e-영업4
BS00,오니츠카타이거,e-영업4
BS09,엔소울,e-영업4
BS17,입생로랑,e-영업4
BS19,김소형 풀,e-영업4
BS20,아미드 어플로즈,e-영업3
BS23,디자이너스,e-영업4
BS32,닥터윌리엄제이프로젝트,e-영업4
BS36,달바,e-영업4
BS37,란체티,e-영업3
BS40,브이비씨까사,e-영업4
BS44,블론드나인,e-영업3
BS45,파나소닉,e-영업4
BS63,비에프엘,e-영업3
BS64,브라이튼,e-영업3
BS68,파스코로젠,e-영업3
BS69,나이키,e-영업3
BS70,마무트,e-영업3
BS71,슈커스,e-영업3
BS74,셀렙샵에디션,e-영업3
BS75,엔피스튜디오,e-영업3
BS78,아크네 스튜디오,e-영업3
BS87,쉬젤,e-영업4
BS93,퀸나,e-영업4
BS95,티앤지티,e-영업3
BT10,도루코,e-영업4
BT14,퍼퓸홀릭 인타임,e-영업4
BT21,끌레드벨,e-영업4
BT23,파나컬트,e-영업3
BT28,레이닌,e-영업4
BT30,디즈니,e-영업4
BT32,어스로하,e-영업4
BT34,피에르가르뎅,e-영업3
BT35,에르메스,e-영업4
BT37,본,e-영업3
BT38,스테파니존슨,e-영업3
BT40,아이비골드,e-영업3
BT46,브이더블유 베라왕,e-영업3
BT55,브이비씨까사,e-영업4
BT56,골든구스,e-영업3
BT57,발렌티노,e-영업3
BT58,레페토,e-영업3
BT59,버버리,e-영업3
BT60,프라다,e-영업3
BT61,구찌,e-영업3
BT62,커먼프로잭트,e-영업3
BT63,발렌시아가,e-영업3
BT64,알렉산더 맥퀸,e-영업3
BT65,오프화이트,e-영업3
BT66,다니엘에스테,e-영업4
BT67,메종드코튼,e-영업4
BT73,세미코드,e-영업3
BT76,로로피아나,e-영업3
BT77,로저비비에,e-영업3
BT79,몽클레어,e-영업3
BT80,스텔라 매카트니,e-영업3
BT81,토리버치,e-영업3
BT82,살바토레 페라가모,e-영업3
BU14,솔루미에스테,e-영업4
BU20,구찌,e-영업4
BU29,랑세,e-영업4
BU42,베르두,e-영업4
BU57,에르메스,e-영업4
BU72,아페쎄,e-영업3
BU73,겐조,e-영업3
BU74,무스너클,e-영업3
BU75,피에르 하디,e-영업3
BU76,스톤아일랜드,e-영업3
BU77,톰브라운,e-영업3
BU78,닐 바렛,e-영업3
BU79,보테가 베네타,e-영업3
BU80,아미,e-영업3
BU81,롱샴,e-영업3
BU82,지방시,e-영업3
BU83,이세이미야케,e-영업3
BU84,파라점퍼스,e-영업3
BU85,생 로랑,e-영업3
BU87,디스퀘어드2,e-영업3
BU89,마르니,e-영업3
BU90,발망,e-영업3
BU92,엠에스지엠,e-영업3
BU99,프리마클라쎄,e-영업3
BV00,랑방,e-영업3
BV01,키아라 페라그니,e-영업3
BV02,폴스미스,e-영업3
BV03,자넬라토,e-영업3
BV04,메종키츠네,e-영업3
BV05,아크네스,e-영업3
BV07,아쉬,e-영업3
BV08,펜디,e-영업3
BV09,씨피컴퍼니,e-영업3
BV10,에르노,e-영업3
BV12,와이쓰리,e-영업3
BV17,미우미우,e-영업3
BV24,크리스찬 루부탱,e-영업3
BV33,에트로,e-영업3
BV37,캐나다구스,e-영업3
BV39,꼼데가르송,e-영업3
BV44,토즈,e-영업3
BV46,베르사체,e-영업3
BV54,마더니아,e-영업4
BV57,듀벨라,e-영업4
BV62,힐크릭,e-영업4
BV65,메디필,e-영업4
BV80,두들백,e-영업3
BV84,로키,e-영업3
BV91,데이라이프,e-영업3
BV99,핍스,e-영업3
BW04,닥터시드,e-영업4
BW19,디컬트,e-영업3
BW21,라코스테,e-영업3
BW40,마가린핑거스,e-영업3
BW42,키스뉴욕,e-영업4
BW45,햇월드,e-영업3
BW46,비타그램,e-영업4
BW51,프로라소,e-영업4
BW55,메종드이네스,e-영업3
BW56,이네스,e-영업3
BW75,비카인,e-영업4
BW76,일양약품,e-영업4
BW77,한미,e-영업4
BW82,순수,e-영업4
BW84,인스타일,e-영업3
BW86,폴스미스,e-영업3
BW88,라이프썸,e-영업4
BW89,아이카사,e-영업4
BW91,페티풀,e-영업4
BW92,겐조,e-영업3
BW95,골든구스,e-영업3
BW96,올굿,e-영업4
BW97,아임클린,e-영업4
BW98,구찌,e-영업3
BX00,끌로에,e-영업3
BX02,닐 바렛,e-영업3
BX04,디스퀘어드2,e-영업3
BX05,디아도라,e-영업3
BX07,랑방,e-영업3
BX08,마르니,e-영업3
BX11,멀버리,e-영업3
BX13,몽블랑,e-영업3
BX14,몽클레어,e-영업3
BX15,무스너클,e-영업3
BX16,미우미우,e-영업3
BX17,발렉스트라,e-영업3
BX18,발렌시아가,e-영업3
BX19,발렌티노,e-영업3
BX22,버버리,e-영업3
BX23,보테가 베네타,e-영업3
BX24,생 로랑,e-영업3
BX25,셀린느,e-영업3
BX26,스텔라 매카트니,e-영업3
BX28,알렉산더 맥퀸,e-영업3
BX31,엠에스지엠,e-영업3
BX32,오프화이트,e-영업3
BX38,지방시,e-영업3
BX39,크루치아니,e-영업3
BX41,토리버치,e-영업3
BX42,토즈,e-영업3
BX43,톰브라운,e-영업3
BX44,톰포드,e-영업3
BX46,살바토레 페라가모,e-영업3
BX47,펜디,e-영업3
BX48,폴스미스,e-영업3
BX49,프라다,e-영업3
BX53,헨리베글린,e-영업3
BX54,호간,e-영업3
BX57,아토소,e-영업4
BX58,아토소,e-영업4
BX59,밧드야,e-영업4
BX64,세븐티,e-영업3
BX71,에트로,e-영업3
BX72,몽삭,e-영업3
BX76,몽삭,e-영업3
BX78,위더로드,e-영업3
BX79,힐탑,e-영업3
BX81,브라반티아,e-영업4
BX83,더미코스,e-영업4
C001,킨,e-영업1
C003,바네사브루노,e-영업1
C004,아떼 바네사브루노,e-영업1
C006,빈스,e-영업1
C00A,부테로,e-영업3
C00B,에르메스,e-영업3
C00C,바버,e-영업1
C00O,티톤 브로스,e-영업1
C00P,킨,e-영업1
C00U,메듀즈,e-영업1
C00V,앤트레디션,e-영업4
C00W,리플렉션 코펜하겐,e-영업4
C00Y,미네통카,e-영업1
C00Z,스프링코트,e-영업1
C012,닷드랍스,e-영업2
C017,콜 한,e-영업1
C01A,윈느 뉘 노마드,e-영업4
C01B,바카라,e-영업4
C01C,스타우브,e-영업4
C01D,크로우캐년,e-영업4
C01E,드리아데,e-영업4
C01F,제네바,e-영업4
C01G,티볼리,e-영업4
C01H,벤티 콰트로,e-영업4
C01I,바스티유,e-영업4
C01J,파스토산티니,e-영업2
C01K,바가본드,e-영업1
C01L,빠투,e-영업1
C01M,플로스,e-영업4
C01N,장듀보 라귀올,e-영업4
C01O,하오시,e-영업4
C01P,웨지우드,e-영업4
C01Q,브리츠,e-영업4
C01R,헤리터,e-영업4
C01S,야나칸,e-영업4
C01T,지노리 1735,e-영업4
C01U,두센두센,e-영업4
C01V,보호노마드,e-영업1
C01W,사브르,e-영업4
C01X,패브릭포터리,e-영업4
C01Y,까롱,e-영업4
C01Z,프리미아타,e-영업1
C02A,르 오케스트르 퍼퓸,e-영업4
C02C,로브제,e-영업4
C02D,소라도라,e-영업4
C02F,오탑,e-영업4
C02H,바네사브루노,e-영업1
C02I,타비,e-영업1
C02J,이누이키,e-영업1
C02L,우포스,e-영업1
C02N,아일랜드 슬리퍼,e-영업1
C119,티비,e-영업2
C144,포망데레,e-영업2
C145,디지앤코,e-영업2
C167,점프,e-영업2
C262,불리,e-영업4
C286,6397,e-영업2
C370,질 바이 질스튜어트,e-영업1
C377,핏플랍,e-영업1
C424,에리카 카발리니,e-영업2
C448,알리지,e-영업2
C549,라움,e-영업1
C550,빈스,e-영업2
C552,이자벨마랑,e-영업1
C560,탐스,e-영업1
C561,오피신 제네랄,e-영업1
C562,오피신 제네랄,e-영업1
C665,마이센,e-영업4
C666,비비안웨스트우드,e-영업3
C669,메종 에르메스,e-영업4
C801,페라가모,e-영업3
C802,펜디,e-영업3
C803,마이클코어스,e-영업3
C804,발렌티노,e-영업3
C805,에트로,e-영업3
C806,프라다,e-영업3
C807,토리버치,e-영업3
C808,캘빈클라인,e-영업3
C809,태그호이어,e-영업3
C810,오리스,e-영업3
C811,스와로브스키,e-영업3
C812,티쏘,e-영업3
C813,프레드릭콘스탄트,e-영업3
C814,버버리,e-영업3
C815,구찌,e-영업3
C816,골든구스,e-영업3
C817,몽블랑,e-영업3
C818,커먼프로젝트,e-영업3
C819,판도라,e-영업3
C822,레페토,e-영업3
C825,알렉산더맥퀸,e-영업3
C826,코치,e-영업3
C827,발리,e-영업3
C840,론진,e-영업3
C850,보테가 베네타,e-영업3
C851,톰브라운,e-영업3
C854,해밀턴,e-영업3
C860,노비스,e-영업3
C861,생 로랑,e-영업3
C862,세이코,e-영업3
C889,엠엠씩스,e-영업3
C890,쟈딕앤볼테르,e-영업3
C892,이로,e-영업3
C894,필립모델,e-영업3
C895,오프화이트,e-영업3
C896,엠포리오 아르마니,e-영업3
C897,오메가,e-영업3
C898,디케이엔와이,e-영업3
C901,이뮤,e-영업2
CAA1,드봐마챠,e-영업2
CHAM,챔피온,e-영업1
CJ10,골든구스,e-영업3
CJ14,구찌,e-영업3
CJ16,구찌,e-영업3
CJ18,구찌,e-영업3
CJ19,까르띠에,e-영업3
CJ21,까르띠에,e-영업3
CJ22,까르띠에,e-영업3
CJ30,끌로에,e-영업3
CJ33,끌로에,e-영업3
CJ64,랑방,e-영업3
CJ67,랑방,e-영업3
CJ69,로에베,e-영업3
CJ70,로에베,e-영업3
CJ71,로에베,e-영업3
CJ75,롱샴,e-영업3
CJ79,루이비통,e-영업3
CJ80,루이비통,e-영업3
CJ83,루이비통,e-영업3
CJ89,멀버리,e-영업3
CJ90,멀버리,e-영업3
CK05,몽블랑,e-영업3
CK08,몽블랑,e-영업3
CK11,몽클레어,e-영업3
CK12,몽클레어,e-영업3
CK13,몽클레어,e-영업3
CK19,미우미우,e-영업3
CK20,미우미우,e-영업3
CK25,발렉스트라,e-영업3
CK31,발렌시아가,e-영업3
CK32,발렌시아가,e-영업3
CK38,발렌티노,e-영업3
CK39,발리,e-영업3
CK40,발리,e-영업3
CK42,발리,e-영업3
CK44,버버리,e-영업3
CK45,버버리,e-영업3
CK46,버버리,e-영업3
CK59,불가리,e-영업3
CK62,불가리,e-영업3
CK63,불가리,e-영업3
CK69,샤넬,e-영업3
CK71,샤넬,e-영업3
CK72,샤넬,e-영업3
CK73,샤넬,e-영업3
CK81,셀린느,e-영업3
CK82,셀린느,e-영업3
CK83,셀린느,e-영업3
CK92,스와로브스키,e-영업3
CL03,아이그너,e-영업3
CL18,알렉산더 왕,e-영업3
CL23,알비에로마르티니,e-영업3
CL39,에르메스,e-영업3
CL41,에르메스,e-영업3
CL43,에르메스,e-영업3
CL55,아르마니,e-영업3
CL56,아르마니,e-영업3
CL57,아르마니,e-영업3
CL74,지미추,e-영업3
CL80,지방시,e-영업3
CL83,지방시,e-영업3
CM05,디올,e-영업3
CM06,디올,e-영업3
CM08,디올,e-영업3
CM15,토즈,e-영업3
CM20,톰포드,e-영업3
CM31,펜디,e-영업3
CM32,펜디,e-영업3
CM33,펜디,e-영업3
CM45,폴스미스,e-영업3
CM47,폴스미스,e-영업3
CM48,폴스미스,e-영업3
CM51,프라다,e-영업3
CM52,프라다,e-영업3
CM53,프라다,e-영업3
CM77,파라점퍼스,e-영업3
CM82,아쉬,e-영업3
CM90,캐나다구스,e-영업3
CM93,캐나다구스,e-영업3
CM94,무스너클,e-영업3
CN03,알렉산더 맥퀸,e-영업3
CN05,델보,e-영업3
CN10,노비스,e-영업3
CN20,브라이틀링,e-영업3
CN25,자넬라토,e-영업3
CN29,마르니,e-영업3
CN33,마르니,e-영업3
CN38,톰브라운,e-영업3
CN42,발망,e-영업3
CN64,이세이미야케,e-영업3
CN66,이세이미야케,e-영업3
CN68,이세이미야케,e-영업3
CN80,크리스찬 루부탱,e-영업3
CN91,오메가,e-영업3
CN93,오메가,e-영업3
CN97,프레드릭 콘스탄트,e-영업3
CO00,론진,e-영업3
CO03,론진,e-영업3
CO10,에르노,e-영업3
CO23,오리스,e-영업3
CO29,엠씨엠,e-영업3
CO30,엠씨엠,e-영업3
CO39,릭오웬스,e-영업3
CO50,로로피아나,e-영업3
CO69,오프화이트,e-영업3
CO77,주세페자노티,e-영업3
CO82,베르사체,e-영업3
CO89,고야드,e-영업3
CO90,고야드,e-영업3
CO92,고야드,e-영업3
CP08,브리오니,e-영업3
CP51,콜롬보,e-영업3
CP64,마놀로 블라닉,e-영업3
CQ19,산드로,e-영업3
CQ22,산드로,e-영업3
CQ27,벨루티,e-영업3
CQ28,벨루티,e-영업3
CR09,꼼데가르송,e-영업3
CR34,레이밴,e-영업3
CR39,롤렉스,e-영업3
CR41,롤렉스,e-영업3
CR42,롤렉스,e-영업3
CR53,로저비비에,e-영업3
CR54,마이클코어스,e-영업3
CR56,마이클코어스,e-영업3
CR63,마크제이콥스,e-영업3
CR64,마틴 마르지엘라,e-영업3
CR85,보테가 베네타,e-영업3
CR86,보테가 베네타,e-영업3
CR88,보테가 베네타,e-영업3
CR91,브루넬로쿠치넬리,e-영업3
CR94,비비안웨스트우드,e-영업3
CR97,비비안웨스트우드,e-영업3
CS06,생 로랑,e-영업3
CS07,생 로랑,e-영업3
CS08,생 로랑,e-영업3
CS15,스톤아일랜드,e-영업3
CS63,쟈딕앤볼테르,e-영업3
CS91,태그호이어,e-영업3
CS92,태그호이어,e-영업3
CS93,태그호이어,e-영업3
CS94,티파니앤코,e-영업3
CS95,티파니앤코,e-영업3
CS97,티파니앤코,e-영업3
CT05,살바토레 페라가모,e-영업3
CT06,살바토레 페라가모,e-영업3
CT07,살바토레 페라가모,e-영업3
CT43,휴고보스,e-영업3
CT49,베루툼,e-영업3
CT57,박준,e-영업4
CT62,네추럴라이즈,e-영업4
CT63,더 리얼,e-영업4
CT64,노블,e-영업4
CT68,메디,e-영업4
CT70,종근당,e-영업4
CT75,시나몬샵,e-영업4
CT78,구찌,e-영업3
CT79,조말론,e-영업4
CT81,메종 마르지엘라,e-영업3
CT83,보헤미안블루,e-영업4
CT86,펜디,e-영업3
CT88,댄싱웨일,e-영업4
CT91,필립스,e-영업4
CT94,휴롬,e-영업4
CU14,씬넘버포,e-영업3
CU15,진도모피,e-영업3
CU16,자리아,e-영업4
CU18,키스뉴욕,e-영업4
CU19,마루이,e-영업4
CU20,모아이,e-영업4
CU21,디케이엔와이,e-영업3
CU24,순수연구소,e-영업4
CU26,이스탠다드,e-영업4
CU28,제로,e-영업3
CU30,키플링,e-영업3
CU32,이사베이,e-영업3
CU33,지나식스,e-영업3
CU34,베스띠벨리,e-영업3
CU35,비키,e-영업3
CU36,씨,e-영업3
CU38,지이크,e-영업3
CU39,파렌하이트,e-영업3
CU40,아이코닉,e-영업3
CU41,스코노,e-영업4
CU42,칼만,e-영업4
CU43,솔트앤초콜릿,e-영업3
CU48,버버리,e-영업3
CU59,자연의벗,e-영업4
CU61,테일러스튜디오,e-영업3
CU62,겐조,e-영업3
CU63,고야드,e-영업3
CU64,구찌,e-영업3
CU65,까르띠에,e-영업3
CU66,끌로에,e-영업3
CU67,다미아니,e-영업3
CU68,다사끼,e-영업3
CU69,델보,e-영업3
CU70,돌체앤가바나,e-영업3
CU71,랑방,e-영업3
CU73,로로피아나,e-영업3
CU74,로에베,e-영업3
CU76,로저비비에,e-영업3
CU77,론진,e-영업3
CU78,루이비통,e-영업3
CU79,릭오웬스,e-영업3
CU80,마놀로 블라닉,e-영업3
CU81,마르니,e-영업3
CU82,마크제이콥스,e-영업3
CU83,멀버리,e-영업3
CU84,메종 마르지엘라,e-영업3
CU85,모리스라크로아,e-영업3
CU87,모이나,e-영업3
CU88,몽블랑,e-영업3
CU89,몽클레르,e-영업3
CU90,미우미우,e-영업3
CU92,반 클리프 앤 아펠,e-영업3
CU93,발렉스트라,e-영업3
CU94,발렌시아가,e-영업3
CU95,발렌티노,e-영업3
CU96,발리,e-영업3
CU97,발망,e-영업3
CU98,버버리,e-영업3
CU99,벨루티,e-영업3
CV00,벨앤로즈,e-영업3
CV01,보테가 베네타,e-영업3
CV02,부쉐론,e-영업3
CV03,불가리,e-영업3
CV04,브라이틀링,e-영업3
CV05,브레게,e-영업3
CV06,브루넬로쿠치넬리,e-영업3
CV08,생 로랑,e-영업3
CV09,샤넬,e-영업3
CV10,셀린느,e-영업3
CV11,쇼메,e-영업3
CV13,스텔라 매카트니,e-영업3
CV14,아크네 스튜디오,e-영업3
CV15,알라이아,e-영업3
CV16,알렉산더 맥퀸,e-영업3
CV17,알렉산더 왕,e-영업3
CV18,에트로,e-영업3
CV19,에르메스,e-영업3
CV22,오메가,e-영업3
CV25,지미추,e-영업3
CV26,지방시,e-영업3
CV27,콜롬보,e-영업3
CV28,콴펜,e-영업3
CV29,디올,e-영업3
CV30,크리스찬 루부탱,e-영업3
CV31,톰포드,e-영업3
CV32,태그호이어,e-영업3
CV33,토즈,e-영업3
CV34,톰브라운,e-영업3
CV36,티파니앤코,e-영업3
CV39,살바토레 페라가모,e-영업3
CV40,펜디,e-영업3
CV41,프라다,e-영업3
CV43,프레드,e-영업3
CV44,프로엔자슐러,e-영업3
CV46,필립플레인,e-영업3
CV48,헬렌카민스키,e-영업3
CV50,디올 옴므,e-영업3
CV53,루센,e-영업4
CV61,독일햄튼,e-영업4
CV62,딥티크,e-영업4
CV63,다니엘우드,e-영업4
CV64,에스모도,e-영업4
CV65,쿨린,e-영업4
CV66,위미,e-영업4
CV73,아망떼,e-영업3
CV94,발뮤다,e-영업4
CV95,모온,e-영업4
CV96,툴앤툴,e-영업4
CV97,캔스톤,e-영업4
CV98,플러스마이너스제로,e-영업4
CV99,아르밍,e-영업4
CW,라움,e-영업1
CW07,예작,e-영업3
CW08,본,e-영업3
CW09,캐리스노트,e-영업3
CW20,에이엠,e-영업4
CW27,엠에스지엠,e-영업3
CW32,딥디크,e-영업4
CW33,에르메스,e-영업4
CW35,펄케어,e-영업4
CW36,주세페자노티,e-영업3
CW44,3.1 필립림,e-영업3
CW45,꼼데가르송,e-영업3
CW46,드리스 반 노튼,e-영업3
CW47,디스퀘어드2,e-영업3
CW48,이세이미야케,e-영업3
CW49,질샌더,e-영업3
CW52,띠어리,e-영업3
CW54,토리버치,e-영업3
CW59,사카이,e-영업3
CW60,파비아나 필리피,e-영업3
CW61,마크 바이 마크제이콥스,e-영업3
CW62,로샤스,e-영업3
CW65,비비안웨스트우드,e-영업3
CW74,프레쉬 라이트,e-영업4
CW75,라이녹스,e-영업4
CW78,페블러스,e-영업4
CW79,예고은 삼베,e-영업4
CW84,미니골드,e-영업3
CW85,쥬시꾸뛰르,e-영업4
CX11,페니체,e-영업4
CX16,미니쿠치,e-영업4
CX19,디코라,e-영업4
CX20,챔브로스,e-영업3
CX21,자민경,e-영업4
CX40,베라왕인티메이츠,e-영업3
CX41,로얄알버트,e-영업4
CX43,차앤박,e-영업4
CX44,스테이24,e-영업4
CX47,산테코,e-영업4
CX49,제이엠더블유,e-영업4
CX50,아타라,e-영업4
CX51,잇츠션,e-영업3
CX53,아르반,e-영업3
CX54,씨피컴퍼니,e-영업3
CX55,글루어,e-영업4
CX56,골든구스,e-영업3
CX61,로픈,e-영업4
CX63,테스코마,e-영업4
CX64,레쿠에,e-영업4
CX66,베른데스,e-영업4
CX71,디올,e-영업4
CX75,시로카,e-영업4
CX76,수면공감,e-영업4
CX79,빔보빔바,e-영업3
CX80,코아스,e-영업4
CX82,로제드 자르딘,e-영업4
CX84,이잼,e-영업4
CX86,벅칼,e-영업4
CX89,페블러스,e-영업4
CY05,에이지,e-영업4
CY11,소싱,e-영업4
CY25,다룸,e-영업4
CY28,파리게이츠,e-영업4
CY30,에버콜라겐,e-영업4
CY32,디카렌,e-영업3
CY38,페이퍼플레인,e-영업3
CY40,이지피지,e-영업4
CY41,바닐라코,e-영업4
CY53,보겐,e-영업4
CY54,몬벤토,e-영업4
CY55,로로피아나,e-영업3
CY58,마티덤,e-영업4
CY59,모로칸,e-영업4
CY62,비오템,e-영업4
CY65,클라란스,e-영업4
CY67,입생로랑,e-영업4
CY68,더마트로프,e-영업3
CY69,빅토리아앤프렌즈,e-영업3
CY83,발상,e-영업4
CZ03,에스케이투,e-영업4
CZ04,나스,e-영업4
CZ05,겔랑,e-영업4
CZ07,디올,e-영업4
CZ08,라메르,e-영업4
CZ10,랑콤,e-영업4
CZ13,록시땅,e-영업4
CZ16,바비브라운,e-영업4
CZ19,아르마니,e-영업4
CZ20,에스티로더,e-영업4
CZ28,키엘,e-영업4
CZ30,프레쉬,e-영업4
CZ34,뉴발란스,e-영업4
CZ36,더마센트릭,e-영업4
CZ37,셀피쉬,e-영업3
CZ38,나이키,e-영업3
CZ39,오니츠카타이거,e-영업4
CZ41,푸마,e-영업4
CZ42,크록스,e-영업3
CZ43,라코스테,e-영업4
CZ45,단순생활,e-영업3
CZ46,고잉,e-영업3
CZ47,주니걸즈,e-영업3
CZ48,주니보이즈,e-영업3
CZ50,발리,e-영업3
CZ52,헤어리치,e-영업4
CZ57,와이드앵글,e-영업4
CZ59,더바디샵,e-영업4
CZ69,지방시,e-영업4
CZ83,닉앤니콜,e-영업3
CZ86,로저비비에,e-영업3
CZ88,라벨영,e-영업4
CZ91,디원밀라노,e-영업3
CZ95,더독,e-영업4
CZ96,이육일이유아이,e-영업3
CZB0,순상고,e-영업4
CZB8,3엠,e-영업4
CZB9,살바토레 페라가모,e-영업3
CZC0,티쏘,e-영업3
CZC7,클란츠,e-영업4
CZC8,롯데,e-영업4
CZD2,로시,e-영업4
CZD3,코리아나,e-영업4
CZE6,발렌시아,e-영업3
CZF0,소프라움앤,e-영업4
CZF2,쉐르단,e-영업4
CZF3,달리프,e-영업4
CZG0,아트델리,e-영업4
CZG1,제냐,e-영업3
CZG4,조성아티엠,e-영업4
CZG6,엽페,e-영업3
CZG8,조성아22,e-영업4
CZH2,폴로 랄프로렌,e-영업3
CZH9,오프화이트,e-영업3
CZJ0,오라덴스,e-영업4
CZJ2,모노템,e-영업4
CZJ3,쿤리콘,e-영업4
CZJ7,스위스몽크로스,e-영업4
CZK0,어콜드월,e-영업3
CZK1,씨피컴퍼니,e-영업3
CZK7,펫파운드,e-영업4
CZL0,실버스타,e-영업4
CZL2,슈베린,e-영업4
CZL5,닥터키,e-영업4
CZL6,입생로랑,e-영업4
CZL8,메종키츠네,e-영업3
CZL9,아페쎄,e-영업3
CZM6,다온아토,e-영업3
CZM8,모블러,e-영업3
CZN1,아모레퍼시픽,e-영업4
CZN4,락앤락,e-영업4
CZN7,바이플레이,e-영업4
CZN8,엑스트라,e-영업4
CZN9,프리츠,e-영업4
CZO0,보스,e-영업4
CZO5,스파이크디펜더,e-영업4
CZO6,이솔홈,e-영업3
CZV6,하바이아나스,e-영업3
CZV7,캘러웨이,e-영업4
CZV8,레노마,e-영업4
CZV9,안토니모라토,e-영업3
CZW0,올앤드,e-영업3
CZW1,메종 마르지엘라,e-영업3
CZW5,센토스피어,e-영업3
CZW6,아브만다린,e-영업3
CZW7,타이거 트라이브,e-영업3
CZW9,뷰랑,e-영업4
CZX5,케이엠,e-영업3
CZX6,알페신,e-영업4
CZX7,플란투어39,e-영업4
CZX8,플란투어21,e-영업4
CZY1,로이드,e-영업3
CZY2,노즈스위퍼,e-영업4
CZY3,딥티크,e-영업4
CZY4,폴스미스,e-영업4
CZY7,디올,e-영업3
CZZ1,리틀스텔라,e-영업3
CZZ4,시티즌,e-영업3
CZZ9,닥터씨유,e-영업4
CZZC,파슬,e-영업3
CZZD,소울 시즌스,e-영업4
CZZE,엠포리오 아르마니,e-영업3
CZZF,원플러,e-영업4
CZZH,스카겐,e-영업3
CZZI,디젤,e-영업3
CZZJ,마이클코어스,e-영업3
CZZK,엘르,e-영업3
CZZL,3엠,e-영업4
CZZN,3엠,e-영업4
CZZO,토모토끼,e-영업4
CZZQ,디케이엔와이,e-영업3
CZZR,일동제약,e-영업4
CZZV,토마톰스,e-영업4
D003,폴로 랄프로렌,e-영업3
D00A,테스트,e-영업3
D00D,헤지스,e-영업3
D00F,해브오프듀티,e-영업3
D00G,메티티솟,e-영업3
D00L,오버랩,e-영업3
D00O,미락,e-영업4
D00P,케이에이,e-영업4
D00S,조이코스,e-영업4
D00V,아벤느,e-영업4
D00X,아페쎄,e-영업3
D013,에르노,e-영업3
D014,파라점퍼스,e-영업3
D015,겐조,e-영업3
D017,닐 바렛,e-영업3
D01C,디오키드스킨,e-영업4
D01Q,비플라스티,e-영업4
D01R,노다호로,e-영업4
D01S,카지동야,e-영업4
D01U,블레스,e-영업4
D01V,젤리벨리,e-영업4
D021,알렉산더 맥퀸,e-영업3
D02E,탠디,e-영업3
D02F,바이거,e-영업4
D02I,브루네,e-영업4
D02K,루메나,e-영업4
D02L,레몬몬스터,e-영업4
D02O,빈토리오,e-영업4
D02Q,까사렐,e-영업4
D02W,미켈란젤로,e-영업4
D034,보이스캐디,e-영업4
D03S,말랑이,e-영업4
D040,루디프로젝트,e-영업4
D051,메이저월드,e-영업3
D056,씨 바이 끌로에,e-영업3
D057,훌라,e-영업3
D05I,카이코,e-영업4
D05J,아이데코,e-영업4
D05K,낫뉴트럴,e-영업4
D05M,스누피,e-영업4
D05S,베론,e-영업4
D05T,온클레어,e-영업3
D05W,로에베,e-영업3
D061,톰브라운,e-영업3
D062,아미,e-영업3
D063,엠에스지엠,e-영업3
D064,꼼데가르송,e-영업3
D065,메종 마르지엘라,e-영업3
D066,미사키,e-영업3
D06A,하예진,e-영업4
D06B,쇼파드,e-영업4
D06F,미르,e-영업4
D06G,엠비언트라운지,e-영업4
D06K,에이엠티,e-영업4
D06N,언더아머,e-영업4
D06T,엘르,e-영업3
D06V,질스튜어트,e-영업3
D06W,이베스가,e-영업3
D071,살바토레 페라가모,e-영업3
D072,플라레세타,e-영업4
D074,에르메스,e-영업3
D075,발리,e-영업3
D077,무스너클,e-영업3
D07A,르몽도르,e-영업4
D07C,테이블도트,e-영업4
D07M,질샌더,e-영업3
D07Q,무슈제이,e-영업4
D07R,피토,e-영업4
D07S,누브,e-영업3
D085,발리,e-영업3
D086,발망,e-영업3
D089,톰포드,e-영업3
D090,자넬라토,e-영업3
D099,프라다,e-영업3
D0EN,시에로,e-영업3
D0EW,시에나,e-영업3
D0EY,싱거,e-영업4
D0F2,맥,e-영업4
D0F3,로에베,e-영업4
D0F5,키플링,e-영업3
D0F9,발리,e-영업3
D0FA,온츠,e-영업3
D0FC,문페어리,e-영업3
D0FD,유스크루,e-영업3
D0FE,미우미우,e-영업3
D0FG,아미,e-영업3
D0FI,후하,e-영업4
D0FL,오리엔트,e-영업3
D0FN,겐조,e-영업3
D0FP,커먼프로잭트,e-영업3
D0FQ,알렉산더 맥퀸,e-영업3
D0FS,아페쎄,e-영업3
D0FT,스톤아일랜드,e-영업3
D0FU,헬로키티,e-영업3
D0FV,아미,e-영업3
D0FW,버버리,e-영업3
D0FX,메종키츠네,e-영업3
D0FY,토리버치,e-영업3
D0FZ,발렌시아가,e-영업3
D0G0,롱샴,e-영업3
D0G6,보테가 베네타,e-영업3
D0G7,입생로랑,e-영업3
D0G8,아페쎄,e-영업3
D0G9,바오바오,e-영업3
D0GC,크리스티앙 브르통,e-영업4
D0GS,로저비비에,e-영업3
D0GT,타트라스,e-영업3
D0H0,힐링팜,e-영업4
D0H5,서울우유,e-영업4
D0H7,팀버랜드,e-영업4
D0H9,슈페리어,e-영업4
D0HA,임페리얼,e-영업3
D0HB,매스티나,e-영업4
D0HC,크리스마,e-영업4
D0HG,랑콤,e-영업4
D0HL,스벤,e-영업4
D0HM,피디파올라,e-영업3
D0HT,로로피아나,e-영업3
D0HU,준야와타나베,e-영업3
D0HW,컨버스,e-영업3
D0IA,오휘,e-영업4
D0IB,스톤헨지,e-영업3
D0IE,씨엘블루,e-영업4
D0IH,미스터앤미세스,e-영업4
D0II,지스페로,e-영업4
D0IX,케라셀,e-영업4
D0J0,슈페리어,e-영업4
D0J5,꼬달리,e-영업4
D0J8,달팡,e-영업4
D0J9,딥티크,e-영업4
D0JH,맥,e-영업4
D0JP,아벤느,e-영업4
D0JQ,발레아,e-영업4
D0JS,유리아쥬,e-영업4
D0JV,입생로랑,e-영업4
D0JX,조말론,e-영업4
D0K7,피토,e-영업4
D0KA,네파,e-영업4
D0KC,민트리,e-영업4
D0KD,지아더아이엔지,e-영업3
D0KN,엘러브,e-영업4
D0KO,질샌더,e-영업3
D0KQ,프리미아타,e-영업3
D0KZ,알텐바흐,e-영업4
D0L1,벨류엣,e-영업3
D0L2,조이먼트,e-영업3
D0L8,끌로에,e-영업3
D0LB,피엔느,e-영업3
D0LF,까사밀라,e-영업4
D0LH,힐크릭,e-영업4
D0LK,도깨비방망이,e-영업4
D0LN,피디파올라,e-영업3
D0LQ,아리아,e-영업4
D0M1,라샤,e-영업4
D0M2,클린엔픽,e-영업4
D0M3,버니리타,e-영업4
D0M5,맨앤우드,e-영업4
D0M7,플로리다스튜디오,e-영업3
D0MC,에드마,e-영업4
D0MD,까사부가티,e-영업4
D0MV,질샌더,e-영업3
D0N2,루루골드,e-영업3
D0PJ,아크로패스,e-영업4
D0PK,메디팜,e-영업4
D0PM,보웰,e-영업4
D0PW,크리스마,e-영업4
D0PX,프레드릭 콘스탄트,e-영업3
D0PY,아페쎄,e-영업3
D0Q2,편강율,e-영업4
D0Q3,부케가르니,e-영업4
D0Q4,나드,e-영업4
D0Q6,르네하우윈,e-영업3
D0Q9,티커브,e-영업4
D0QE,스타우브,e-영업4
D0QP,아나크,e-영업3
D0QR,루아코,e-영업4
D0QV,아나크,e-영업3
D0QY,스케쳐스,e-영업4
D0R0,피스오프클럽,e-영업3
D0R1,슬로우스탠다드,e-영업3
D0R4,세인트스코트,e-영업4
D0R5,라우쉬,e-영업4
D0RC,에트로,e-영업3
D0RE,상일리베가구,e-영업4
D0RG,포더홈,e-영업4
D0RH,스타벅스,e-영업4
D0RQ,매드히피,e-영업4
D0RU,쿠쿠,e-영업4
D0S1,미켈란젤로,e-영업4
D0S4,리앤쿡,e-영업4
D0S8,시코,e-영업4
D0SD,게디,e-영업4
D0SJ,바이레도,e-영업4
D0SK,뉴발란스,e-영업4
D0SN,아페쎄,e-영업3
D0SO,라뷰옵틱,e-영업4
D0SS,프리그데이,e-영업4
D0ST,빅그린,e-영업4
D0SU,아파르트,e-영업4
D0SX,프라젠트라,e-영업4
D0SY,존슨앤존슨,e-영업4
D0SZ,아비노,e-영업4
D0T4,일렉트로룩스,e-영업4
D0T6,크리스티앙 브르통,e-영업4
D0T8,파슬,e-영업3
D0T9,귀뚜라미,e-영업4
D0TA,바른엔젤체어,e-영업4
D0TB,휴스톰,e-영업4
D0TF,스마트케어,e-영업4
D0TO,클레어,e-영업4
D0TQ,노비타,e-영업4
D0TR,파라점퍼스,e-영업3
D0TS,나이키,e-영업3
D0U4,프랑코페라로,e-영업3
D0U5,프라다,e-영업3
D0UF,포콤마,e-영업3
D0UQ,어반에이지,e-영업3
D0US,라이스,e-영업4
D0V0,프리고네로,e-영업3
D0V1,띠어리,e-영업3
D0V2,세이브더덕,e-영업3
D0VI,위닉스,e-영업4
D0VM,발렌티노,e-영업3
D0VN,디즈니,e-영업3
D0VO,도리도리,e-영업4
D0VQ,로보틱케어,e-영업4
D0VS,알렉산더 맥퀸,e-영업3
D0VW,노와,e-영업4
D0VY,타라,e-영업4
D0WP,알키알카,e-영업3
D0WV,가이타이너,e-영업4
D0WW,코첼라,e-영업4
D0X3,마이캐디,e-영업4
D0X6,캘러웨이,e-영업4
D0X7,오지오,e-영업4
D0XE,알터에고,e-영업4
D0XG,뉴해빗,e-영업3
D0XH,슈퍼레이티브,e-영업3
D0XL,엑스엑스아이엑스,e-영업3
D0XM,헬븐,e-영업3
D0XN,팩세이프,e-영업3
D0XO,란치오티,e-영업3
D0XQ,리빙몬,e-영업4
D0XU,베르사체,e-영업3
D0XX,아페쎄,e-영업3
D0Y2,나이키,e-영업4
D0Y3,아디다스,e-영업4
D0YE,타미힐피거,e-영업3
D0YM,비알워터풀,e-영업4
D0YN,캘러웨이,e-영업4
D0YP,보만,e-영업4
D0YQ,마실,e-영업4
D0YV,비타민마을,e-영업4
D0YW,어그,e-영업3
D0YX,톰브라운,e-영업3
D0YZ,어그,e-영업3
D0Z2,캘러웨이,e-영업4
D0ZE,에델코첸,e-영업4
D0ZF,어널로이드,e-영업3
D0ZG,브레스마스크,e-영업4
D0ZK,닥터헤디슨,e-영업4
D0ZO,이엠이,e-영업4
D0ZQ,게스,e-영업4
D0ZR,겐조,e-영업4
D0ZV,나르시소 로드리게스,e-영업4
D100,구찌,e-영업3
D101,몽클레르,e-영업3
D105,버버리,e-영업3
D10A,돌체앤가바나,e-영업4
D10D,로샤스,e-영업4
D10E,롤리타 렘피카,e-영업4
D10F,루치아노 소프라니,e-영업4
D10G,마크제이콥스,e-영업4
D10H,만다리나 덕,e-영업4
D10J,메르세데스벤츠,e-영업4
D10K,모노템,e-영업4
D10L,모스키노,e-영업4
D10M,몽블랑,e-영업4
D10P,버버리,e-영업4
D10R,베르사체,e-영업4
D10S,불가리,e-영업4
D10U,블루마린,e-영업4
D10X,아라미스,e-영업4
D10Y,아베크롬비,e-영업4
D113,버빌리안,e-영업3
D117,베르사체,e-영업3
D119,트리앤씨,e-영업4
D11C,엘리자베스아덴,e-영업4
D11D,이세이미야케,e-영업4
D11G,제니퍼로페즈,e-영업4
D11I,존 바바토스,e-영업4
D11K,지미추,e-영업4
D11L,켈빈클라인,e-영업4
D11N,크리스티나 아길레라,e-영업4
D11P,토스,e-영업4
D11Q,트루사르디,e-영업4
D11S,살바토레 페라가모,e-영업4
D11V,프랭크올리비에,e-영업4
D11Y,셀블룸,e-영업4
D123,돌체앤가바나,e-영업4
D124,구찌,e-영업4
D125,마크제이콥스,e-영업4
D126,클린,e-영업4
D127,파코라반,e-영업4
D129,페라리,e-영업4
D12K,부라더미싱,e-영업4
D12L,모피리처드,e-영업4
D12M,카도,e-영업4
D12W,드롱기,e-영업4
D12X,브라운,e-영업4
D12Y,켄우드,e-영업4
D12Z,엘미오,e-영업4
D130,겐조,e-영업4
D131,존 바바토스,e-영업4
D135,메르세데스벤츠,e-영업4
D137,다비도프,e-영업4
D13F,디디에두보,e-영업3
D13S,라쌍떼,e-영업4
D13V,세비즈,e-영업4
D13Y,키핀터치,e-영업4
D13Z,션리,e-영업4
D142,제니퍼로페즈,e-영업4
D14B,더블앤더블,e-영업4
D14E,씨피컴퍼니,e-영업3
D14F,아미노트리,e-영업4
D14G,피지오겔,e-영업4
D14H,엘라스틴,e-영업4
D14I,온더바디,e-영업4
D14J,닥터그루트,e-영업4
D14K,페리오,e-영업4
D14L,죽염,e-영업4
D14M,스콧해미쉬,e-영업4
D14N,스팀보이,e-영업4
D14Q,위닉스,e-영업4
D14V,키친아트,e-영업4
D14W,한일스텐레스,e-영업4
D152,게스,e-영업4
D157,켈빈클라인,e-영업4
D15A,스칼렛,e-영업4
D15G,헤이센티,e-영업4
D15N,밸먼,e-영업4
D15O,끌레드벨,e-영업4
D15R,밸럽,e-영업3
D162,베라왕,e-영업4
D166,버버리,e-영업4
D167,끌로에,e-영업4
D168,살바토레 페라가모,e-영업4
D16C,아토몽드,e-영업4
D16G,리튠,e-영업4
D171,랑방,e-영업4
D172,안나수이,e-영업4
D178,몽블랑,e-영업4
D180,지미추,e-영업4
D184,불가리,e-영업4
D190,랑콤,e-영업4
D191,디올,e-영업4
D192,모스키노,e-영업4
D193,베르사체,e-영업4
D194,벤틀리,e-영업4
D199,패리스힐튼,e-영업4
D19A,비스타알레그레,e-영업4
D19B,오부자 유기,e-영업4
D19C,엘프레,e-영업4
D19G,마모스,e-영업4
D19R,캐논,e-영업4
D19T,그랭드보떼,e-영업3
D19U,어도러블,e-영업4
D19V,니베아,e-영업4
D1A2,제이로렌,e-영업3
D1A3,바이데이지,e-영업3
D1A6,셀리아르,e-영업4
D1AH,랑베르시오,e-영업3
D1AI,내셔널 퍼블리시티,e-영업3
D1AJ,모노폴드,e-영업3
D1AK,바이탈뷰티,e-영업4
D1AL,큐브미,e-영업4
D1AM,올쏘퍼니처,e-영업4
D1AO,에르디,e-영업3
D1AQ,돈나,e-영업3
D1AT,신일,e-영업4
D1BC,필터포유,e-영업4
D1BD,욕실의여왕,e-영업4
D1BI,클락스,e-영업3
D1BJ,바스,e-영업3
D1BN,브라운,e-영업4
D1BP,프리미아타,e-영업3
D1BZ,립스매커,e-영업4
D1C0,올리비아로렌,e-영업3
D1C1,데일리스트,e-영업3
D1C2,비비올리비아,e-영업3
D1C6,미센스,e-영업3
D1C7,반에이크_2021,e-영업3
D1C8,에꼴드파리_2021,e-영업3
D1C9,래핑차일드,e-영업3
D1CY,앵커,e-영업3
D1CZ,소니,e-영업4
D1DD,쿠오카,e-영업4
D1DE,엔티,e-영업4
D1DF,카우프만,e-영업4
D1DG,베르사체,e-영업4
D1DJ,에이엠티,e-영업4
D1DK,노만코펜하겐,e-영업4
D1DL,노너스,e-영업4
D1DN,락앤락,e-영업4
D1DR,더따슴,e-영업4
D1DS,퀸센스,e-영업4
D1DT,크로벨,e-영업4
D1DV,한국금거래소,e-영업3
D1DW,바이타믹스,e-영업4
D1E6,르네제이,e-영업3
D1E9,위메농,e-영업3
D1EA,블렌텍,e-영업4
D1EC,오가니스트,e-영업4
D1ED,리엔,e-영업4
D1EG,리스,e-영업4
D1EH,에바솔로,e-영업4
D1EI,레벤호프,e-영업4
D1EJ,고트만,e-영업4
D1EK,옵토디자인,e-영업4
D1EN,키모니,e-영업4
D1EP,플랜잇,e-영업4
D1EQ,리큅,e-영업4
D1ER,유즈툴컴퍼니,e-영업4
D1EV,보국,e-영업4
D1EY,이노레스,e-영업4
D1EZ,니켄,e-영업4
D1F2,로얄스타,e-영업4
D1F3,라임라이크,e-영업3
D1FC,글루바인,e-영업4
D1FD,퀸센스,e-영업4
D1FE,아이젠베르그,e-영업4
D1FF,노와,e-영업4
D1FG,벨레스,e-영업3
D1FH,클레린,e-영업4
D1FP,질샌더,e-영업3
D1FW,쉐우드가구,e-영업4
D1G1,코렐,e-영업4
D1G4,릭오웬스,e-영업3
D1G5,듀베티카,e-영업3
D1G6,지미추,e-영업3
D1G7,아이멜리,e-영업4
D1GA,세인트나인,e-영업4
D1GB,더샘,e-영업4
D1GE,블러프,e-영업3
D1GF,르까프,e-영업4
D1GL,입생로랑,e-영업4
D1GO,잇츠스킨,e-영업4
D1GP,미라스,e-영업4
D1GQ,신일,e-영업4
D1GR,비에스더블유,e-영업4
D1GT,블랙앤데커,e-영업4
D1GV,르젠,e-영업4
D1GY,비스카,e-영업4
D1H1,쿠멜,e-영업4
D1H2,쉬안,e-영업4
D1H7,구달,e-영업4
D1H8,차앤박,e-영업4
D1HC,불가리,e-영업4
D1HG,온종일화롯불,e-영업4
D1HI,쌍용씨앤비,e-영업4
D1HJ,청수아,e-영업4
D1HL,녹십자MS,e-영업4
D1HR,물먹는뽀송,e-영업4
D1I7,위니아,e-영업4
D1IE,딤채,e-영업4
D1IG,캐리어,e-영업4
D1IH,펜소닉,e-영업4
D1IJ,탄틴,e-영업3
D1IK,비브이피,e-영업3
D1IL,마크라이든,e-영업3
D1IQ,아케보노,e-영업4
D1IR,아이와,e-영업4
D1IU,에코,e-영업4
D1IV,그린 벨,e-영업4
D1IW,코쿠리쿠,e-영업4
D1IX,히마라야,e-영업4
D1IY,이노마타,e-영업4
D1J1,코쿠보,e-영업4
D1J2,마메이타,e-영업4
D1J3,마나,e-영업4
D1J5,나카야,e-영업4
D1J7,산코,e-영업4
D1JA,사나다,e-영업4
D1JB,산토우,e-영업4
D1JD,세이와 프로,e-영업4
D1JF,타케하라,e-영업4
D1JG,요시카와쿠니,e-영업4
D1JL,벨리벤,e-영업4
D1JP,사운드룩,e-영업4
D1K0,헤론 프레스톤,e-영업3
D1K1,해리스워프런던,e-영업3
D1K6,피어오브갓,e-영업3
D1KC,라벨로,e-영업4
D1KH,브라운,e-영업4
D1KI,오랄비,e-영업4
D1KK,맥맨,e-영업4
D1KT,아이발라,e-영업4
D1KU,데생,e-영업4
D1L8,쿠진아트,e-영업4
D1LA,노타,e-영업3
D1LB,앙시,e-영업4
D1LC,르 아르베이,e-영업3
D1LD,레인스,e-영업3
D1LF,엠씨,e-영업3
D1LO,맥도도,e-영업4
D1LP,홈로즈,e-영업4
D1LQ,바겐슈타이거,e-영업4
D1LR,설화수,e-영업4
D1LT,아디다스,e-영업4
D1LY,서울대오메가,e-영업4
D1LZ,제이슨우,e-영업3
D1M0,꾸띄르헤어,e-영업4
D1M1,라이스데이,e-영업4
D1M2,라이온,e-영업4
D1M3,라피네,e-영업4
D1M4,로제,e-영업4
D1M5,리체나,e-영업4
D1M6,마리끌레르,e-영업4
D1M7,멘넨,e-영업4
D1M8,모리화,e-영업4
D1M9,바찌,e-영업4
D1MA,백옥생,e-영업4
D1MB,베르가모,e-영업4
D1MC,비러브,e-영업4
D1MD,비버리힐스폴로클럽,e-영업4
D1MF,세븐에이트,e-영업4
D1MH,세화,e-영업4
D1MI,쉬림,e-영업4
D1MJ,식물나라,e-영업4
D1MK,십장생,e-영업4
D1MM,에띠앙,e-영업4
D1MN,에뿌,e-영업4
D1MO,예담윤빛,e-영업4
D1MQ,예지후,e-영업4
D1MR,워모,e-영업4
D1MS,자황수,e-영업4
D1MT,카라코사,e-영업4
D1MV,터치미,e-영업4
D1MW,푸드어홀릭,e-영업4
D1MY,황후빈,e-영업4
D1N5,악셀아리가토,e-영업3
D1PK,르메르,e-영업3
D1PM,코지마,e-영업4
D1PN,페블리,e-영업4
D1PO,파라앤코,e-영업4
D1QM,프라다,e-영업3
D1QY,에이엠,e-영업3
D1R4,마크제이콥스,e-영업3
D1R8,빅터 앤 롤프,e-영업3
D1R9,셀린느,e-영업3
D1RC,아네스베,e-영업3
D1RG,오클리,e-영업3
D1RI,카렌 워커,e-영업3
D1RJ,수비,e-영업3
D1RK,폴라로이드,e-영업3
D1RL,벤소닉,e-영업4
D1RT,에코너,e-영업4
D1RV,버드나무,e-영업4
D1RW,아수라,e-영업3
D1S0,어썸,e-영업4
D1S1,엑타코,e-영업4
D1S2,카스,e-영업4
D1S3,엔뚜마노,e-영업4
D1S7,엘라비에 코스메틱,e-영업4
D1S8,볼론,e-영업3
D1S9,몰숀,e-영업3
D1SG,위케어,e-영업4
D1SH,소프리스,e-영업4
D1SL,비엔엑스,e-영업3
D1SM,탱커스,e-영업3
D1SO,지스튜디오,e-영업3
D1SP,엠트웰브,e-영업3
D1SQ,세루티1881,e-영업3
D1SR,에셀리아,e-영업3
D1ST,나디,e-영업4
D1SU,라비센,e-영업4
D1SV,카스,e-영업4
D1SW,알렉산더 맥퀸,e-영업3
D1SY,발렌시아가,e-영업3
D1SZ,부쉐론,e-영업3
D1T0,브리오니,e-영업3
D1T1,까르띠에,e-영업3
D1T2,크리스토퍼 케인,e-영업3
D1T3,엠씨큐,e-영업3
D1T4,포멜라토,e-영업3
D1T5,푸마,e-영업3
D1T6,생 로랑,e-영업3
D1T7,스텔라 매카트니,e-영업3
D1T8,토마스 마이어,e-영업3
D1T9,몽블랑,e-영업3
D1TA,보테가 베네타,e-영업3
D1TB,구찌,e-영업3
D1TC,켈빈클라인,e-영업3
D1TE,끌로에,e-영업3
D1TF,에밀리오푸치,e-영업3
D1TG,에트로,e-영업3
D1TH,살바토레 페라가모,e-영업3
D1TJ,나이키,e-영업3
D1TK,펜디,e-영업3
D1TL,까레라,e-영업3
D1TM,디올,e-영업3
D1TP,타미힐피거,e-영업3
D1TQ,안나수이,e-영업3
D1TS,버버리,e-영업3
D1TT,불가리,e-영업3
D1TU,코치,e-영업3
D1TW,엠포리오 아르마니,e-영업3
D1TX,미우미우,e-영업3
D1TY,오클리,e-영업3
D1TZ,프라다,e-영업3
D1U0,레이밴,e-영업3
D1U1,베르사체,e-영업3
D1U2,조르지오 아르마니,e-영업3
D1U4,던힐,e-영업3
D1U5,에스까다,e-영업3
D1U6,훌라,e-영업3
D1U7,랑방,e-영업3
D1U8,로에베,e-영업3
D1U9,니나리치,e-영업3
D1UA,폴리스,e-영업3
D1UB,쟈딕앤볼테르,e-영업3
D1UD,에르메네질도 제냐,e-영업3
D1UG,스와로브스키,e-영업3
D1UH,톰포드,e-영업3
D1UI,젠느,e-영업3
D1UK,프로젝트 브이브이,e-영업3
D1UL,바넬,e-영업3
D1UM,비비안 웨스트우드,e-영업3
D1UO,골드 앤 우드,e-영업3
D1UR,스미스앤스미시,e-영업4
D1UU,콤마,e-영업4
D1UV,바디휴,e-영업4
D1UW,홈케어,e-영업4
D1UX,카노,e-영업4
D1UY,아이뉴,e-영업4
D1V1,민트리,e-영업4
D1V3,언더아머,e-영업4
D1V4,언더아머,e-영업3
D1V6,다다마특강,e-영업4
D1V7,아라미스,e-영업4
D1V8,우드윅,e-영업4
D1VA,메모,e-영업4
D1VB,페어리드롭스,e-영업4
D1VD,헤지스,e-영업3
D1VE,질스튜어트,e-영업3
D1VF,질스튜어트,e-영업3
D1VG,에이엠,e-영업3
D1VH,헤지스,e-영업3
D1VR,마크제이콥스,e-영업3
D1VS,마크바이 마크제이콥스,e-영업3
D1VX,빅터 앤 롤프,e-영업3
D1VY,셀린느,e-영업3
D1W0,시슬리,e-영업3
D1W1,아네스베,e-영업3
D1W2,앵글로매니아,e-영업3
D1W4,에트로,e-영업3
D1W8,수비,e-영업3
D1W9,폴라로이드,e-영업3
D1WA,깔라오,e-영업4
D1WB,클레클레,e-영업3
D1WC,니어리스트 벗 로스트,e-영업4
D1WD,티미드프리크,e-영업3
D1WQ,인하우스,e-영업4
D1WT,발리,e-영업3
D1WV,아델리오,e-영업4
D1WW,르메르,e-영업3
D1WY,루미르,e-영업4
D1X0,하코야,e-영업4
D1X1,구르메,e-영업4
D1X4,하림펫푸드,e-영업4
D1X6,아미,e-영업3
D1X9,워너뮤직,e-영업4
D1XG,엘칸토,e-영업3
D1XK,리얼차차,e-영업4
D1XM,해리메이슨,e-영업3
D1XQ,아울로스 미디어,e-영업4
D1XU,유니버셜,e-영업4
D1XW,세일뮤직,e-영업4
D1XZ,닥터클린,e-영업4
D1Y1,에지리,e-영업4
D1Y2,인하우스,e-영업4
D1Y7,양키캔들,e-영업4
D1YA,스위스밀리터리,e-영업4
D1YC,라코스테,e-영업4
D1YD,반스,e-영업4
D1YE,바이마르,e-영업4
D1YK,나우,e-영업4
D1YM,벤지,e-영업3
D1YN,어시크,e-영업4
D1YO,에어비타,e-영업4
D1YQ,루체티,e-영업4
D1YT,토브실크,e-영업3
D1YU,크리스찬 디올,e-영업4
D1YW,카우프만,e-영업4
D1YX,크리넥스,e-영업3
D1YZ,스카트,e-영업4
D1Z0,하기스,e-영업4
D1Z1,좋은느낌,e-영업4
D1Z2,화이트,e-영업4
D1Z3,디펜드,e-영업4
D1Z4,더블하트,e-영업3
D1Z5,그린핑거,e-영업4
D1Z6,라네이처,e-영업4
D1Z8,옹기종기,e-영업4
D1ZA,보이린,e-영업4
D1ZB,아미,e-영업3
D1ZC,더후,e-영업4
D1ZD,숨37,e-영업4
D1ZE,오휘,e-영업4
D1ZG,동인비,e-영업4
D1ZJ,반트,e-영업4
D1ZR,메종키츠네,e-영업3
D1ZX,아리아나 그란데,e-영업4
D205,엘리자베스아덴,e-영업4
D20A,비스카,e-영업4
D20G,블루밍가든,e-영업4
D20K,비알워터풀,e-영업4
D20L,브리지스톤,e-영업4
D20M,프로피쿡,e-영업4
D20P,라코스테,e-영업4
D20U,호보켄,e-영업4
D20V,이엑스알,e-영업4
D20Y,장수돌침대,e-영업4
D214,마르셀로불론,e-영업3
D21C,포이어,e-영업3
D21D,버버리,e-영업3
D21H,모온,e-영업4
D21K,엠부띠끄,e-영업4
D21O,아페쎄,e-영업3
D21R,콜링우드,e-영업4
D21X,빌리프,e-영업4
D21Y,아모스,e-영업4
D21Z,차앤박,e-영업4
D221,캉골,e-영업3
D223,젝시오,e-영업4
D224,스릭슨,e-영업4
D22B,유니베르소,e-영업4
D235,쉬엘리사벳,e-영업4
D240,롱샴,e-영업3
D242,닥스,e-영업3
D246,몽블랑,e-영업3
D247,플래토,e-영업3
D24D,롱샴,e-영업3
D257,발렌시아가,e-영업3
D258,티아즈,e-영업3
D262,디스퀘어드2,e-영업3
D285,살바토레 페라가모,e-영업3
D293,슬리피슬립,e-영업3
D295,레숑멍트,e-영업3
D2A6,리복,e-영업3
D2A9,레드발렌티노,e-영업3
D2AN,발렌티노 가라바니,e-영업3
D2BJ,스텔라 매카트니,e-영업3
D2HE,발렌시아가,e-영업3
D2VR,발리,e-영업3
D2XF,이로,e-영업3
D2XH,띠어리,e-영업3
D2XV,자넬라토,e-영업3
D2Y1,에르메네질도 제냐,e-영업3
D2Y3,아쉬,e-영업3
D2Y6,아크네 스튜디오,e-영업3
D2Z7,몽블랑,e-영업3
D306,샤넬,e-영업3
D307,루이비통,e-영업3
D308,고야드,e-영업3
D309,에르메스,e-영업3
D30W,푸마,e-영업4
D310,구찌,e-영업3
D311,프라다,e-영업3
D313,생 로랑,e-영업3
D314,펜디,e-영업3
D315,보테가 베네타,e-영업3
D317,디올,e-영업3
D319,디폴트,e-영업3
D31C,씨피컴퍼니,e-영업3
D31T,해밀턴,e-영업3
D31W,아워 레가시,e-영업3
D320,모티브스트릿,e-영업3
D32A,마르셀로불론,e-영업3
D32X,알렉산더 맥퀸,e-영업3
D33F,아스페시,e-영업3
D358,버버리,e-영업3
D360,샤넬,e-영업3
D362,디올,e-영업3
D368,살바토레 페라가모,e-영업3
D384,닐 바렛,e-영업3
D393,토리버치,e-영업3
D39U,에스까다,e-영업3
D3BM,판도라,e-영업3
D3BU,이놈어닛,e-영업3
D3BW,엠엠6,e-영업3
D3C5,클로즈드,e-영업3
D3CT,에르노,e-영업3
D3D0,투미,e-영업3
D3D8,에르메스,e-영업3
D3DJ,스튜어트와이츠먼,e-영업3
D3DP,프라다,e-영업3
D3DY,하이드로겐,e-영업3
D3DZ,론진,e-영업3
D3E9,엠씨엠,e-영업3
D3EZ,오프화이트,e-영업3
D3F1,피티제로우노,e-영업3
D3F2,노비스,e-영업3
D3FD,헬렌카민스키,e-영업3
D3FP,핑코,e-영업3
D3G2,꼼데가르송,e-영업3
D3HN,무스너클,e-영업3
D3HP,이퀍먼트,e-영업3
D3HV,토리버치,e-영업3
D3HY,살바토레 페라가모,e-영업3
D3I0,마르니,e-영업3
D3IL,지암바티스타 발리,e-영업3
D3IV,롤렉스,e-영업3
D3IW,톰브라운,e-영업3
D3J5,발망,e-영업3
D3KP,샤넬,e-영업3
D3M9,보스,e-영업3
D3MD,알라이아,e-영업3
D3MI,지씨디에스,e-영업3
D3MW,오클리,e-영업3
D3N2,크리스찬 디올,e-영업3
D3PL,디스퀘어드2,e-영업3
D3UC,디젤,e-영업3
D3VC,구찌,e-영업3
D3VQ,생 로랑,e-영업3
D3VW,불가리,e-영업3
D412,셀린느,e-영업3
D422,트리플에이,e-영업4
D425,셀린느,e-영업3
D427,스토니스트라이드,e-영업3
D429,베디베로,e-영업3
D430,덕다이브,e-영업3
D433,유니어패럴,e-영업3
D434,스턴트,e-영업3
D435,코로츠,e-영업3
D436,커먼프로잭트,e-영업3
D437,마르니,e-영업3
D45B,파비아나 필리피,e-영업3
D45F,델보,e-영업3
D45I,페트레이,e-영업3
D45K,캐나다구스,e-영업3
D45Y,마누아틀리에,e-영업3
D46C,지안비토로씨,e-영업3
D46F,키아라 페라그니,e-영업3
D46J,베트멍,e-영업3
D46V,커먼프로잭트,e-영업3
D471,타미힐피거,e-영업3
D473,나이키,e-영업3
D475,디젤,e-영업3
D479,코치,e-영업3
D47C,브루넬로쿠치넬리,e-영업3
D47P,펜디,e-영업3
D47Q,엠포리오 아르마니,e-영업3
D481,토리버치,e-영업3
D48M,베르사체,e-영업3
D48Q,프로엔자슐러,e-영업3
D48U,훌라,e-영업3
D49L,지미추,e-영업3
D49Y,벨루티,e-영업3
D4B7,디올 옴므,e-영업3
D4CG,멀버리,e-영업3
D4D6,블루마린,e-영업3
D4DU,아미,e-영업3
D4I2,부티쥬르,e-영업4
D4I5,볼테라,e-영업3
D4LX,에트로,e-영업3
D4M5,몽클레어,e-영업3
D4M6,로에베,e-영업3
D4M9,버버리,e-영업3
D4MU,모스키노,e-영업3
D4O8,루이비통,e-영업3
D4OH,어그,e-영업3
D4OW,골드구스,e-영업3
D4P4,리바이스,e-영업3
D4P9,셀린느,e-영업3
D4PL,미우미우,e-영업3
D4R4,폴로 랄프로렌,e-영업3
D4T6,끌로에,e-영업3
D4T7,버버리,e-영업3
D4WN,스톤아일랜드,e-영업3
D4WT,겐조,e-영업3
D4Y5,더마펌,e-영업4
D4Y8,더이룸,e-영업4
D4Y9,풋네스,e-영업4
D4YD,영시,e-영업4
D4YF,아이나코,e-영업4
D4YG,난이거,e-영업4
D4YK,뮤트뮤트,e-영업3
D4YT,코렐,e-영업4
D4Z1,메종키츠네,e-영업3
D4Z2,메디쥬얼리,e-영업4
D4Z5,미쏘니,e-영업3
D4Z7,닥터자르트,e-영업4
D4Z8,에스까다,e-영업4
D4Z9,한일스텐레스,e-영업4
D4ZA,보랄,e-영업4
D4ZC,라고,e-영업4
D4ZD,레벤호프,e-영업4
D4ZH,반스,e-영업4
D4ZI,크라움,e-영업4
D4ZK,장미맨숀,e-영업4
D4ZL,비에스더블유,e-영업4
D4ZM,디오바코,e-영업4
D4ZN,리빙아트,e-영업4
D4ZP,까사니,e-영업4
D4ZR,노르디쿡,e-영업4
D4ZS,지아레티,e-영업4
D4ZT,카셀,e-영업4
D4ZV,로얄튜더,e-영업4
D4ZW,라이녹스,e-영업4
D4ZX,레비오사,e-영업4
D4ZY,디오닉,e-영업4
D4ZZ,벤소닉,e-영업4
D50C,벤하임,e-영업4
D50D,보랄,e-영업4
D50E,김수자,e-영업4
D50F,오토모,e-영업4
D50G,한샘,e-영업4
D50H,비스카,e-영업4
D50I,컴포트,e-영업4
D50L,스위스몽크로스,e-영업3
D50M,쿠비녹스,e-영업4
D50N,안성도자기,e-영업4
D50O,프랑스보르테가,e-영업4
D50P,파벡스,e-영업4
D50Q,프렌치불,e-영업4
D50S,키친아트,e-영업4
D50T,레오폴디리젠트,e-영업4
D50U,리빙아일랜드,e-영업4
D50W,폴바롤,e-영업4
D50X,파라곤,e-영업4
D50Z,퀸나,e-영업4
D51A,퀸메이드,e-영업4
D51B,리젠트,e-영업4
D51C,루벤케어,e-영업4
D51D,루베크,e-영업4
D51F,신우,e-영업4
D51G,바이마르,e-영업4
D51H,버논,e-영업4
D51J,자일렉,e-영업4
D51L,벅칼,e-영업4
D51P,헤르조그,e-영업4
D51Q,아리아,e-영업4
D51R,맘메이드,e-영업4
D51S,슈맥스,e-영업4
D51T,정리마당,e-영업4
D51X,세제혁명,e-영업4
D52B,자올 닥터 오더,e-영업4
D52C,울트라브이,e-영업4
D52F,알뜨알레,e-영업3
D52I,테이즈,e-영업3
D52L,포텐시아,e-영업4
D52M,주대복,e-영업3
D52N,헬레나 앤 크리스티,e-영업3
D52S,네파,e-영업4
D53S,베네자임,e-영업4
D53X,에프플로우,e-영업4
D54C,데카브,e-영업3
D54E,로우로우,e-영업3
D54I,소루,e-영업3
D54M,베네피트,e-영업4
D54V,라이크잇,e-영업4
D55N,테팔,e-영업4
D55O,까사미아,e-영업4
D55R,꼼데가르송,e-영업3
D55S,로에베,e-영업3
D55U,메종 마르지엘라,e-영업3
D56C,프링구,e-영업3
D56F,메종키츠네,e-영업3
D56G,아미,e-영업3
D56I,제너,e-영업4
D56J,키친플라워,e-영업4
D56K,스마트빔,e-영업4
D56M,에코너,e-영업4
D56O,한국도자기,e-영업4
D56P,누누썸,e-영업4
D56Q,모던하임,e-영업4
D56R,스위스밀리터리,e-영업4
D56S,보센,e-영업4
D56U,로얄베일,e-영업4
D57A,기펠,e-영업4
D57C,스벤,e-영업4
D57D,바이거,e-영업4
D57G,심플리홈,e-영업4
D57I,까사맘,e-영업4
D57J,해피콜,e-영업4
D57K,아이젠베르그,e-영업4
D57M,바치,e-영업4
D57O,도무스,e-영업4
D57P,르젠,e-영업4
D57U,샘골드,e-영업3
D57W,정관장,e-영업4
D57Y,퀸센스,e-영업4
D57Z,엔소울,e-영업4
D58C,한경희,e-영업4
D58G,보보룸,e-영업4
D58H,뷰랑,e-영업4
D58I,다예,e-영업4
D58L,네오플램,e-영업4
D58M,플랜잇,e-영업4
D58O,토마스풀,e-영업4
D58P,바덴,e-영업4
D58S,카스,e-영업4
D58T,캐스티,e-영업4
D58V,다이아린,e-영업4
D58Y,플라이토,e-영업4
D58Z,해밀턴비치,e-영업4
D59C,허밍,e-영업4
D59E,칼만,e-영업4
D59F,리앤쿡,e-영업4
D59G,코칸,e-영업4
D59K,마이프랜드,e-영업4
D59L,노와,e-영업4
D59N,로얄포드,e-영업4
D59R,테팔,e-영업4
D59Y,레쿠,e-영업3
D5A1,메이크업 포 에버,e-영업4
D5A2,미쏘니,e-영업4
D5A3,랄프로렌,e-영업4
D5A4,설화수,e-영업4
D5A8,오에스티,e-영업3
D5AC,제니아,e-영업3
D5AJ,발렌시아가,e-영업3
D5AP,한샘,e-영업4
D5AQ,알레르망,e-영업4
D5AU,러디칙스,e-영업3
D5AX,질샌더,e-영업3
D5B0,톰포드,e-영업3
D5BF,엘지전자,e-영업4
D5BH,플랩에프,e-영업3
D5BJ,링케이크,e-영업3
D5BO,덴탈프로,e-영업4
D5BQ,320쇼룸,e-영업3
D5BS,테라비코스,e-영업4
D5BV,캉골,e-영업3
D5BW,팝소켓,e-영업3
D5BY,더 그란,e-영업4
D5BZ,굿온,e-영업3
D5C3,아브라함문,e-영업3
D5C4,뉴베리니팅,e-영업3
D5C5,블랙쉽,e-영업3
D5C6,맥포스,e-영업3
D5C7,베르투치,e-영업3
D5C9,포르투기스 플란넬,e-영업3
D5CB,에스라아서,e-영업3
D5CC,아머럭스,e-영업3
D5CD,피그앤헨,e-영업3
D5CE,케이튼,e-영업3
D5CF,미드나잇서커스,e-영업3
D5CM,어콜드월,e-영업3
D5CO,알렉산더 맥퀸,e-영업3
D5CT,발망,e-영업3
D5CV,브루넬로쿠치넬리,e-영업3
D5CW,버버리,e-영업3
D5CX,씨피컴퍼니,e-영업3
D5D1,커먼프로잭트,e-영업3
D5D2,디올,e-영업3
D5D3,디스퀘어드2,e-영업3
D5D4,피어오브갓,e-영업3
D5D6,살바토레 페라가모,e-영업3
D5DF,이놈어닛,e-영업3
D5DH,겐조,e-영업3
D5DI,랑방,e-영업3
D5DJ,로에베,e-영업3
D5DK,로로피아나,e-영업3
D5DM,메종키츠네,e-영업3
D5DP,마르니,e-영업3
D5DY,프라다,e-영업3
D5DZ,프로젝트 포체,e-영업3
D5E1,생 로랑,e-영업3
D5E3,톰브라운,e-영업3
D5E4,발렌티노,e-영업3
D5E5,베트멍,e-영업3
D5E6,와이쓰리,e-영업3
D5EA,아미,e-영업3
D5ED,발렌시아가,e-영업3
D5EF,보테가 베네타,e-영업3
D5EJ,셀린느,e-영업3
D5EQ,펜디,e-영업3
D5EU,젠치,e-영업3
D5EV,주세페자노티,e-영업3
D5EX,골드구스,e-영업3
D5EY,구찌,e-영업3
D5F8,메종 마르지엘라,e-영업3
D5F9,마르셀로불론,e-영업3
D5FC,몽클레르,e-영업3
D5FH,오프화이트,e-영업3
D5FL,라프시몬스,e-영업3
D5FN,스톤아일랜드,e-영업3
D5FT,에스티로더,e-영업4
D5FU,바베,e-영업4
D5FV,랑콤,e-영업4
D5FW,려,e-영업4
D5FY,엘로드,e-영업4
D5IM,로레나카날,e-영업4
D5IN,브리타스웨덴,e-영업4
D5IO,리튼,e-영업4
D5IR,콕스타,e-영업4
D5IW,푸마,e-영업3
D5IX,푸마,e-영업3
D5IY,리복,e-영업3
D5J0,엘지 프라엘,e-영업4
D5J1,명작수,e-영업4
D5JE,메종베르제,e-영업4
D5JF,양키캔들,e-영업4
D5JG,아페쎄,e-영업3
D5JH,라코스테,e-영업3
D5JP,비체,e-영업3
D5JQ,닥터그루트,e-영업4
D5JR,가히,e-영업4
D5JS,리피,e-영업4
D5JU,딜리워터,e-영업4
D5JV,벨레,e-영업4
D5JW,셀리턴,e-영업4
D5JX,위주,e-영업4
D5K1,워크낫,e-영업3
D5K4,크록스,e-영업4
D5K8,까사니,e-영업4
D5KB,프로월드컵,e-영업3
D5KW,알라이아,e-영업3
D5KX,알렉산더 맥퀸,e-영업3
D5KY,아미,e-영업3
D5L0,보테가 베네타,e-영업3
D5L1,버버리,e-영업3
D5L4,디스퀘어드2,e-영업3
D5L5,골드구스,e-영업3
D5L6,에르노,e-영업3
D5L8,인코텍스,e-영업3
D5L9,겐조,e-영업3
D5LA,로에베,e-영업3
D5LB,메종키츠네,e-영업3
D5LC,메종 마르지엘라,e-영업3
D5LE,마르니,e-영업3
D5LF,무스너클,e-영업3
D5LH,노비스,e-영업3
D5LJ,프라다,e-영업3
D5LK,로저비비에,e-영업3
D5LL,생 로랑,e-영업3
D5LN,스톤아일랜드,e-영업3
D5LO,톰브라운,e-영업3
D5LP,토즈,e-영업3
D5LQ,발렌티노,e-영업3
D5LV,몽클레르,e-영업3
D5M1,헬렌카민스키,e-영업3
D5M2,바이파,e-영업3
D5M3,생 로랑,e-영업3
D5M4,에르메스,e-영업3
D5M5,오픈마켓테스트,e-영업3
D5M6,샤넬,e-영업3
D5M7,디올,e-영업3
D5M8,루이비통,e-영업3
D5M9,구찌,e-영업3
D5MA,생 로랑,e-영업3
D5MB,프라다,e-영업3
D5MG,발렌시아가,e-영업3
D5MJ,보테가 베네타,e-영업3
D5MT,발렌티노,e-영업3
D5MU,살바토레 페라가모,e-영업3
D5N6,티파니앤코,e-영업3
D5N7,에르노,e-영업3
D5N8,조르지오 아르마니,e-영업4
D5NH,닉앤니콜 포 맨,e-영업3
D5NI,키플링,e-영업3
D5NK,키플링,e-영업3
D5NM,마누엘에기욤,e-영업3
D5NQ,서브얼반라이엇,e-영업3
D5NS,돌핀웨이브,e-영업3
D5NW,대우어플라이언스,e-영업4
D5NX,루츠레서피,e-영업4
D5NY,키스미,e-영업4
D5NZ,바슈롬,e-영업4
D5O0,비범스,e-영업3
D5O1,도시샤,e-영업4
D5O5,셀루이후루,e-영업3
D5O6,한샘,e-영업3
D5OA,릴리푸리,e-영업3
D5OB,루이비통,e-영업3
D5OH,던스트,e-영업3
D5OI,해외입점테스트,e-영업4
D5OQ,솔트워터 샌들,e-영업3
D5OX,매넌,e-영업3
D5OY,에콘,e-영업3
D5P0,몽크로스,e-영업4
D5P4,봄날,e-영업4
D5P5,에스에스지피,e-영업4
D5P9,스벤슨,e-영업3
D5PA,프리츠,e-영업4
D5PB,바리,e-영업4
D5PC,아프리모,e-영업4
D5PF,오버랩,e-영업3
D5PN,리빙앤,e-영업4
D5PP,밸런스핏,e-영업4
D5PQ,보아스,e-영업4
D5PT,스위스밀리터리,e-영업4
D5PZ,플릭,e-영업4
D5Q3,록시땅,e-영업4
D5Q5,돌핀웨이브,e-영업3
D5Q7,켈빈클라인,e-영업3
D5Q8,아미,e-영업3
D5Q9,리민,e-영업3
D5QC,끌로에,e-영업3
D5QG,온센느,e-영업3
D5QJ,컨텐트리,e-영업4
D5QZ,조셉앤스테이시,e-영업3
D5R3,오가닉맘,e-영업3
D5R7,코드 온 캔버스,e-영업3
D5R9,릴리 빌리,e-영업3
D5RD,빅토리아,e-영업3
D5RM,플라이토,e-영업4
D5RN,휘슬러,e-영업4
D5RO,하리오,e-영업4
D5RP,타오,e-영업3
D5RR,모던하우스,e-영업4
D5RU,언놈,e-영업3
D5S0,이딸라,e-영업4
D5S1,로레이,e-영업4
D5S2,실리트,e-영업4
D5S3,모나스베드,e-영업4
D5S5,하이드로마,e-영업4
D5S6,구찌니,e-영업4
D5SA,레몬앤비커,e-영업4
D5SB,케이스위스,e-영업3
D5SC,아테스토니,e-영업3
D5SF,아르마니,e-영업3
D5SG,발렌시아가,e-영업3
D5SH,발리,e-영업3
D5SJ,보테가 베네타,e-영업3
D5SK,브라이틀링,e-영업3
D5SL,버버리,e-영업3
D5SM,불가리,e-영업3
D5SN,까르띠에,e-영업3
D5SO,샤넬,e-영업3
D5SP,셀린느,e-영업3
D5SQ,끌로에,e-영업3
D5ST,코치,e-영업3
D5SV,돌체앤가바나,e-영업3
D5SX,프라다,e-영업3
D5SZ,태그호이어,e-영업3
D5T0,비비안웨스트우드,e-영업3
D5T1,기타브랜드,e-영업3
D5T2,티파니앤코,e-영업3
D5T3,토즈,e-영업3
D5T5,토리버치,e-영업3
D5T6,발렌티노,e-영업3
D5TA,생 로랑,e-영업3
D5TC,에르메스,e-영업3
D5TE,지미추,e-영업3
D5TG,엠씨엠,e-영업3
D5TH,랑방,e-영업3
D5TK,루이비통,e-영업3
D5TL,멀버리,e-영업3
D5TM,오메가,e-영업3
D5TP,마이클코어스,e-영업3
D5TQ,메트로시티,e-영업3
D5TR,몽블랑,e-영업3
D5TS,미우미우,e-영업3
D5TW,젠틀몬스터,e-영업3
D5TY,지방시,e-영업3
D5TZ,고야드,e-영업3
D5U0,구찌,e-영업3
D5U1,크리스찬 디올,e-영업3
D5U2,에스티듀퐁,e-영업3
D5U3,에트로,e-영업3
D5U5,펜디,e-영업3
D5U6,살바토레 페라가모,e-영업3
D5U7,모던하우스,e-영업4
D5UA,나스,e-영업4
D5UB,디올,e-영업4
D5UC,딥티크,e-영업4
D5UD,랑콤,e-영업4
D5UE,르라보,e-영업4
D5UF,맥,e-영업4
D5UG,바이레도,e-영업4
D5UI,슈에무라,e-영업4
D5UJ,아베다,e-영업4
D5UK,아쿠아 디 파르마,e-영업4
D5UM,에스티로더,e-영업4
D5UN,이솝,e-영업4
D5UO,입생로랑,e-영업4
D5UP,조르지오 아르마니,e-영업4
D5UQ,조말론,e-영업4
D5UR,키엘,e-영업4
D5US,프레쉬,e-영업4
D5UT,에스케이투,e-영업4
D5UU,두마딴,e-영업3
D5V0,밈,e-영업4
D5V1,헤이메르,e-영업4
D5V3,이엘오,e-영업4
D5V4,티브이에스,e-영업4
D5V5,구찌니,e-영업4
D5V7,베퍼,e-영업4
D5V8,디어커스,e-영업3
D5V9,언톨드레이블,e-영업3
D5VC,라이프 시리즈,e-영업4
D5VD,리빙크리에이터,e-영업4
D5VG,삼성전자,e-영업4
D5VI,벨루티,e-영업3
D5VL,삼성전자,e-영업4
D5VV,삼성,e-영업4
D5VW,헨스,e-영업3
D5VX,루카디스,e-영업3
D5VY,파인드칠린,e-영업3
D5W1,옥스포드,e-영업3
D5W2,피지에이,e-영업3
D5W5,디망쉬,e-영업3
D5W9,뉴발란스,e-영업4
D5WD,아윤채,e-영업4
D5WE,코코로박스,e-영업3
D5WF,카모메키친,e-영업4
D5WJ,틴프레디,e-영업4
D5WP,어썸듀,e-영업3
D5XB,씨밀렉스,e-영업3
D5XC,넬리,e-영업4
D5XF,알마카비오,e-영업4
D5XG,레벨그린,e-영업4
D5XJ,닥터뉴엘,e-영업4
D5XM,암피스트,e-영업3
D5XN,네퓨어,e-영업4
D5XT,르마드,e-영업3
D5XV,타리 마코이,e-영업3
D5XZ,서브얼반라이엇,e-영업3
D5Y0,바이파,e-영업3
D5Y2,위가드,e-영업4
D5YE,포울,e-영업3
D5YG,리틀티니,e-영업3
D5YJ,쥐앤씨,e-영업4
D5YX,닥스,e-영업3
D5YY,포렌코즈,e-영업4
D5Z3,크로스노,e-영업4
D5Z9,트리플에이,e-영업4
D5ZC,꼬메모이,e-영업3
D5ZG,누아믹,e-영업3
D5ZK,아쿠아 디 파르마,e-영업4
D5ZN,샤넬,e-영업3
D5ZO,구찌,e-영업3
D5ZP,티파니앤코,e-영업3
D5ZQ,불가리,e-영업3
D5ZU,루이비통,e-영업3
D5ZX,미키모토코스메틱,e-영업3
D5ZY,타사키,e-영업3
D5ZZ,씨드느와,e-영업4
D60C,메이준뉴트리,e-영업4
D60D,롬크,e-영업3
D60E,홈스웰,e-영업4
D60W,브이티 코스메틱,e-영업4
D60X,더말로지카,e-영업4
D61A,겐지아,e-영업4
D61B,까사무띠,e-영업4
D61E,더샵,e-영업4
D61H,디에이트,e-영업4
D61J,락앤락,e-영업4
D61K,레이코,e-영업4
D61L,로얄민스터,e-영업4
D61P,릴렉,e-영업4
D61S,메이홈,e-영업4
D61T,뮤토,e-영업4
D61V,미디어,e-영업4
D61X,밀레나,e-영업4
D62B,벨레스,e-영업4
D62I,셰퍼,e-영업4
D62J,쉬젤,e-영업4
D62L,스크레치마스터,e-영업4
D62M,스타리온,e-영업4
D62O,실버스타,e-영업4
D62P,쌤소나이트,e-영업3
D62R,안조,e-영업4
D62S,알렌토,e-영업4
D62W,에어드림,e-영업4
D62X,에코스타,e-영업4
D63C,오델로,e-영업4
D63D,오아이씨,e-영업4
D63G,올비아,e-영업4
D63J,포시즌,e-영업4
D63L,제오닉,e-영업4
D63M,제이니,e-영업4
D63N,존탐스,e-영업4
D63O,주방미학,e-영업4
D63Q,카로니,e-영업4
D63S,케라미카,e-영업4
D63U,콜링우드,e-영업4
D63V,쿠쿠전자,e-영업4
D63W,큐나플러스,e-영업4
D63X,클래딘,e-영업4
D64D,테피아,e-영업4
D64F,트윙고,e-영업4
D64G,파트론,e-영업4
D64L,피레스트,e-영업4
D64P,햄튼,e-영업4
D64R,휴먼,e-영업4
D64V,지오바니,e-영업4
D64X,텐카베스트,e-영업4
D64Z,해피얼쓰,e-영업4
D652,디프리크,e-영업3
D655,오프화이트,e-영업3
D657,헤지스,e-영업3
D65A,헤인즈,e-영업3
D65C,데오필버톤,e-영업4
D65E,발키리,e-영업3
D65F,레이첼콕스,e-영업3
D65G,렉켄,e-영업3
D65H,언더아머,e-영업4
D65R,이즈앤트리,e-영업4
D65S,룰루레몬,e-영업4
D65U,아닉구딸,e-영업4
D65V,경남제약,e-영업4
D65W,롯데헬스원,e-영업4
D65Z,리얼가득,e-영업4
D661,아드노,e-영업3
D662,아미,e-영업3
D665,나이키,e-영업3
D667,커먼프로잭트,e-영업3
D668,톰포드,e-영업3
D66A,경희대학교,e-영업4
D66B,광동제약,e-영업4
D66C,대웅,e-영업4
D66D,왕혜문,e-영업4
D66E,코리아나,e-영업4
D66F,한미양행,e-영업4
D66H,한국삼,e-영업4
D66I,이경제,e-영업4
D66J,혜인담,e-영업4
D66K,에버그린,e-영업4
D66M,삼성플라센,e-영업4
D66P,경남제약,e-영업4
D66Q,고려홍삼,e-영업4
D66R,김포파주인삼농협,e-영업4
D66T,옻가네,e-영업4
D66U,농협,e-영업4
D66V,보령,e-영업4
D66X,순수한삼,e-영업4
D66Y,전북인삼농협,e-영업4
D66Z,정한삼,e-영업4
D672,라네우스,e-영업3
D676,지오프리,e-영업4
D67A,종근당,e-영업4
D67B,충북인삼농협,e-영업4
D67C,한삼인,e-영업4
D67D,한삼수,e-영업4
D67E,메디마인,e-영업4
D67F,언리미트,e-영업3
D67O,크록스,e-영업3
D682,겐조,e-영업3
D683,겐조,e-영업3
D684,골드구스,e-영업3
D686,구찌,e-영업3
D687,구찌,e-영업3
D68C,플리즈헤이트미,e-영업3
D68E,프로쉬,e-영업4
D68H,양키캔들,e-영업4
D68I,하이투,e-영업3
D68J,아템포,e-영업3
D68K,꽈페,e-영업3
D68M,마이니,e-영업4
D68Q,팬톤리빙,e-영업3
D68R,파이브앤플러스,e-영업3
D68T,행남자기,e-영업4
D68V,스프링데이,e-영업4
D68X,초마루,e-영업4
D690,꼼데가르송,e-영업3
D691,끌로에,e-영업3
D693,닐 바렛,e-영업3
D69C,더브라운,e-영업3
D69D,미쟝센,e-영업4
D69E,일리윤,e-영업4
D69G,엘리자베스아덴,e-영업4
D69I,테코야,e-영업4
D69K,퓨처레트로,e-영업4
D69L,릴리슈,e-영업3
D69M,자크뮈스,e-영업3
D69N,초코 엘,e-영업3
D69P,몬타나,e-영업4
D69Q,버버리,e-영업3
D69S,스톤아일랜드,e-영업3
D6A0,솔트워터,e-영업3
D6A3,브라더크루거,e-영업4
D6A5,올리반,e-영업3
D6A6,메종 마르지엘라,e-영업3
D6AA,레씨토,e-영업3
D6AB,밀린,e-영업3
D6AC,팀버랜드,e-영업3
D6AE,토미,e-영업4
D6AF,베이비블리,e-영업3
D6AI,게푸,e-영업4
D6AJ,씨켓,e-영업4
D6AL,솔트워터,e-영업4
D6AN,닐링,e-영업3
D6AO,뱅글업,e-영업3
D6AP,헬렌카민스키,e-영업3
D6AW,뉴웨이브,e-영업4
D6B1,보타니티,e-영업4
D6B2,브랜즈,e-영업3
D6B3,양키캔들,e-영업4
D6B4,조르단,e-영업4
D6B7,니커보커,e-영업3
D6B8,루이비통,e-영업3
D6B9,샤넬,e-영업3
D6BM,루시앙,e-영업3
D6BQ,폴 스크릭,e-영업3
D6C0,아닉구딸,e-영업4
D6C1,이엘에프,e-영업4
D6C4,니봇,e-영업4
D6C8,홈마블,e-영업4
D6CG,쿠비녹스,e-영업4
D6CQ,르젠,e-영업4
D6CY,셰퍼,e-영업4
D6CZ,테팔,e-영업4
D6DC,스노우코스트,e-영업3
D6DD,알레타샌들,e-영업3
D6DH,베르가모,e-영업4
D6DI,삼성전자,e-영업4
D6DL,엔디알,e-영업4
D6DM,콜맨,e-영업4
D6DR,맥,e-영업4
D6DV,마마드꽁뜨,e-영업3
D6DW,피러팻,e-영업3
D6E2,삼성디지털사이니지,e-영업4
D6EE,코랄 헤이즈,e-영업4
D6EF,아닉구딸,e-영업4
D6EI,하임셰프,e-영업4
D6EJ,아쿠아 디 파르마,e-영업4
D6EK,플라스틱 프로덕트,e-영업3
D6EL,프로드셔츠,e-영업3
D6EN,아페쎄,e-영업3
D6EQ,태커,e-영업4
D6ES,필시크,e-영업3
D6ET,펜디,e-영업3
D6EV,웰빙파인더스,e-영업4
D6EW,레쿠에,e-영업4
D6F0,빅웨이브 컬렉티브,e-영업3
D6F1,큘,e-영업3
D6F2,아모베이비,e-영업4
D6F3,코랄헤이즈,e-영업4
D6F5,프레드릭엠,e-영업4
D6F6,자페라노,e-영업4
D6F8,알렉산더 맥퀸,e-영업3
D6FA,아미,e-영업3
D6FD,아페쎄,e-영업3
D6FE,발렌시아가,e-영업3
D6FF,발리,e-영업3
D6FH,보테가 베네타,e-영업3
D6FI,버버리,e-영업3
D6FM,크롬하츠,e-영업3
D6FN,꼼데가르송,e-영업3
D6FO,시피컴퍼니,e-영업3
D6FS,디스퀘어드2,e-영업3
D6FZ,골든구스,e-영업3
D6G0,고야드,e-영업3
D6G5,조슈아 샌더스,e-영업3
D6G6,겐조,e-영업3
D6GC,마르니,e-영업3
D6GD,메종 마르지엘라,e-영업3
D6GE,메종키츠네,e-영업3
D6GH,몽클레르,e-영업3
D6GJ,무스너클,e-영업3
D6GN,오프화이트,e-영업3
D6GO,프라다,e-영업3
D6GX,스톤아일랜드,e-영업3
D6GY,톰브라운,e-영업3
D6GZ,톰포드,e-영업3
D6H0,발렌티노,e-영업3
D6H2,비비안웨스트우드,e-영업3
D6H4,와이쓰리,e-영업3
D6H5,입생로랑,e-영업3
D6H6,쟈딕앤볼테르,e-영업3
D6H8,키르시,e-영업4
D6IG,브룬,e-영업3
D6IK,바비브라운,e-영업4
D6IM,이십일미터,e-영업4
D6IN,라운딩셔츠,e-영업3
D6IO,아가타,e-영업3
D6IP,트윈,e-영업3
D6IR,한국 디비케이,e-영업4
D6IS,삐삐롱,e-영업3
D6IZ,버버리,e-영업3
D6J1,셀린느,e-영업3
D6J2,샤넬,e-영업3
D6J8,꼼데가르송,e-영업3
D6JI,골든구스,e-영업3
D6JJ,구찌,e-영업3
D6JK,에르메스,e-영업3
D6JL,에르노,e-영업3
D6JO,루이비통,e-영업3
D6JS,메종 마르지엘라,e-영업3
D6JT,몽클레르,e-영업3
D6JV,미스터 앤 미세스 퍼,e-영업3
D6K7,스톤아일랜드,e-영업3
D6K9,발렌티노,e-영업3
D6KC,아크네,e-영업3
D6KD,알렉산더 맥퀸,e-영업3
D6KG,보테가 베네타,e-영업3
D6KH,버버리,e-영업3
D6KJ,셀린느,e-영업3
D6KK,샤넬,e-영업3
D6KL,끌로에,e-영업3
D6KO,꼼데가르송,e-영업3
D6KP,지방시,e-영업3
D6KQ,구찌,e-영업3
D6KY,미우미우,e-영업3
D6KZ,몽클레르,e-영업3
D6L2,오프화이트,e-영업3
D6L3,프라다,e-영업3
D6L6,생 로랑,e-영업3
D6L7,스톤아일랜드,e-영업3
D6L8,톰브라운,e-영업3
D6LA,토리버치,e-영업3
D6LB,발렌티노,e-영업3
D6LD,비비안웨스트우드,e-영업3
D6LF,메종 마르지엘라,e-영업3
D6LG,어콜드월,e-영업3
D6LJ,메종키츠네,e-영업3
D6LL,시피컴퍼니,e-영업3
D6LM,피어오브갓,e-영업3
D6LN,골든구스,e-영업3
D6LO,젠치,e-영업3
D6LT,루이비통,e-영업3
D6LU,세인트제임스,e-영업3
D6LV,아미,e-영업3
D6LY,폴로 랄프로렌,e-영업3
D6M0,제로알에이치플러스,e-영업3
D6M1,제로알에이치플러스,e-영업3
D6M2,네페라,e-영업4
D6M3,풋조이,e-영업4
D6M4,꼬지비,e-영업3
D6M6,세라미카보나,e-영업4
D6M9,아미,e-영업3
D6MA,아르마니,e-영업3
D6MG,버버리,e-영업3
D6ML,꼼데가르송,e-영업3
D6MM,커먼프로잭트,e-영업3
D6MN,컨버스,e-영업3
D6MR,골든구스,e-영업3
D6MS,구찌,e-영업3
D6MZ,롱샴,e-영업3
D6N1,메종 마르지엘라,e-영업3
D6N5,닐 바렛,e-영업3
D6NG,기타 브랜드,e-영업3
D6NS,알렉산더 맥퀸,e-영업3
D6NX,발리,e-영업3
D6O8,시피컴퍼니,e-영업3
D6OD,에르노,e-영업3
D6OI,로에베,e-영업3
D6OK,메종키츠네,e-영업3
D6OO,엠에스지엠,e-영업3
D6OT,프라다,e-영업3
D6P0,가니,e-영업3
D6P4,토리버치,e-영업3
D6P5,살바토레 페라가모,e-영업3
D6P9,끌로에,e-영업3
D6PJ,아페쎄,e-영업3
D6PL,졸리,e-영업3
D6PM,카림라시드,e-영업3
D6PN,봉보노,e-영업3
D6PO,코코얀,e-영업3
D6PS,로브,e-영업3
D6SX,하와이,e-영업3
D6SZ,바카라,e-영업3
D6T4,버디,e-영업4
D6T5,아쿠아 디 파르마,e-영업4
D6T7,이솝,e-영업4
D6T8,아베다,e-영업4
D6T9,바비브라운,e-영업4
D6TB,비오템,e-영업4
D6TD,불가리,e-영업4
D6TE,바이레도,e-영업4
D6TF,샤넬,e-영업4
D6TG,클라란스,e-영업4
D6TH,크리니크,e-영업4
D6TK,디올,e-영업4
D6TL,딥티크,e-영업4
D6TM,에스티로더,e-영업4
D6TN,프레쉬,e-영업4
D6TO,조르지오 아르마니,e-영업4
D6TP,지방시,e-영업4
D6TR,구찌,e-영업4
D6TT,조말론,e-영업4
D6TU,키엘,e-영업4
D6TV,랩시리즈,e-영업4
D6TX,랑콤,e-영업4
D6TZ,르라보,e-영업4
D6U0,록시땅,e-영업4
D6U1,로에베,e-영업4
D6U3,맥,e-영업4
D6U4,메종 마르지엘라,e-영업4
D6U5,메이크업포에버,e-영업4
D6U6,나스,e-영업4
D6U7,오리진스,e-영업4
D6UD,산타마리아노벨라,e-영업4
D6VY,헬렌카민스키,e-영업3
D6VZ,오프화이트,e-영업3
D6W0,씨피컴퍼니,e-영업3
D6W2,무스너클,e-영업3
D6W3,노비스,e-영업3
D6W4,호카오네오네,e-영업3
D6W5,솔트워터,e-영업3
D6W6,보뚜,e-영업4
D6WA,언더컨트롤,e-영업3
D6WB,메종프란시스커정,e-영업4
D6WD,로아즈,e-영업3
D6WG,제일헬스사이언스,e-영업4
D6WH,언더컨트롤 스튜디오,e-영업3
D6WI,유알에이치,e-영업3
D6WJ,키퍼미,e-영업4
D6WL,슈에무라,e-영업4
D6WM,에스케이투,e-영업4
D6WO,톰포드,e-영업4
D6WR,입생로랑,e-영업4
D6WS,더바디샵,e-영업4
D6WT,라로슈포제,e-영업4
D6WU,앨리건트테이블,e-영업4
D6WV,미로,e-영업4
D6WY,루이스폴센,e-영업4
D6WZ,뉴트리원,e-영업4
D6X2,스튜디오앤파르크,e-영업3
D6X3,토니모리,e-영업4
D6X4,에트로,e-영업3
D6X5,버버리,e-영업3
D6XM,레피소드,e-영업4
D6XN,아크네,e-영업3
D6XO,아미,e-영업3
D6XQ,아페쎄,e-영업3
D6XT,보테가 베네타,e-영업3
D6XU,버버리,e-영업3
D6XX,크리스찬 디올,e-영업3
D6XY,꼼데가르송,e-영업3
D6Y0,시피컴퍼니,e-영업3
D6Y1,디스퀘어드2,e-영업3
D6Y4,골든구스,e-영업3
D6Y5,구찌,e-영업3
D6Y8,질샌더,e-영업3
D6YA,겐조,e-영업3
D6YD,메종 마르지엘라,e-영업3
D6YE,메종키츠네,e-영업3
D6YF,몽클레르,e-영업3
D6YG,무스너클,e-영업3
D6YK,파라점퍼스,e-영업3
D6YO,스톤아일랜드,e-영업3
D6YP,톰브라운,e-영업3
D6YT,솔트워터샌들,e-영업3
D6YW,아가31도,e-영업4
D6Z0,아비스,e-영업4
D6Z2,쿠팸,e-영업4
D6Z3,쿠조,e-영업4
D6Z4,데코라인,e-영업4
D6Z5,디라이프,e-영업4
D6Z6,닥터엔디에스,e-영업4
D6Z8,이잼쿡,e-영업4
D6ZB,포그마스터,e-영업4
D6ZD,그래뉴,e-영업4
D6ZF,아임마스크,e-영업4
D6ZG,라우쉬,e-영업4
D6ZI,미켈란젤로,e-영업4
D6ZL,파세코,e-영업4
D6ZO,포맥스,e-영업4
D6ZR,에스엠케이,e-영업4
D6ZS,탑기어,e-영업4
D6ZU,베르사체,e-영업4
D6ZV,서서갈비,e-영업4
D6ZW,어바웃베딩,e-영업4
D6ZX,웰스데이,e-영업4
D6ZY,천호엔케어,e-영업4
D6ZZ,데일리플랜,e-영업4
D700,디젤,e-영업3
D701,듀베티카,e-영업3
D704,디스퀘어드2,e-영업3
D706,디올,e-영업3
D707,디올 옴므,e-영업3
D709,폴로 랄프로렌,e-영업3
D70A,트라이스,e-영업3
D70C,엘프슈타펠,e-영업4
D70E,지넷,e-영업4
D70K,아디다스,e-영업4
D70L,파르아비옹,e-영업3
D70O,크라임런던,e-영업3
D70P,미스터타임,e-영업3
D70Q,파비아노 리치,e-영업3
D70R,로베르토 모렐리,e-영업3
D70S,랩노,e-영업4
D70T,골든구스,e-영업3
D70U,겐조,e-영업3
D70V,닐 바렛,e-영업3
D710,폴로 랄프로렌,e-영업3
D711,랑방,e-영업3
D716,레페토,e-영업3
D717,로에베,e-영업3
D718,롱샴,e-영업3
D71B,메종 마르지엘라,e-영업3
D71J,발렌티노,e-영업3
D71L,스톤아일랜드,e-영업3
D71P,베트멍,e-영업3
D71R,알렉산더 맥퀸,e-영업3
D71S,오프화이트,e-영업3
D71T,아미,e-영업3
D71V,펜디,e-영업3
D71Y,톰브라운,e-영업3
D71Z,톰포드,e-영업3
D720,마르니,e-영업3
D725,마이클코어스,e-영업3
D727,마크제이콥스,e-영업3
D728,메종 마르지엘라,e-영업3
D72G,밀레,e-영업3
D72I,폴스크릭,e-영업4
D72P,아발론 오가닉스,e-영업4
D72W,진맛과,e-영업4
D72Y,루비마스크,e-영업4
D72Z,데쌍브르,e-영업4
D730,맥케이지,e-영업3
D731,멀버리,e-영업3
D733,모스키노,e-영업3
D734,몽블랑,e-영업3
D735,몽클레르,e-영업3
D736,몽클레어,e-영업3
D737,무스너클,e-영업3
D73A,부테로,e-영업3
D73B,호간,e-영업3
D73C,셀프포트레이트,e-영업3
D73F,모어댄에잇,e-영업4
D73L,칼미아,e-영업4
D73M,엑스온,e-영업4
D73X,우포스,e-영업3
D73Z,어나더쥰,e-영업3
D741,미우미우,e-영업3
D745,발렌시아가,e-영업3
D746,발렌티노,e-영업3
D747,발리,e-영업3
D749,버버리,e-영업3
D74B,눅스,e-영업4
D74C,라우쉬,e-영업4
D74D,타이거밤,e-영업4
D74F,세컨드 아르무아,e-영업3
D74G,빈센트 네이비,e-영업3
D74J,카카오프렌즈,e-영업3
D74K,팬콧,e-영업3
D74L,에버라스트,e-영업3
D74M,유리아쥬,e-영업4
D74P,칼하트 윕,e-영업3
D74S,자크 드 마누어,e-영업3
D74V,호텔세리토스,e-영업3
D74Y,아쿠아픽,e-영업4
D750,버버리,e-영업3
D753,휴고보스,e-영업3
D754,보테가 베네타,e-영업3
D75D,오메가아트,e-영업3
D75E,우노아레,e-영업3
D75G,차마 스포츠 랩,e-영업3
D75J,아이다모,e-영업4
D760,생 로랑,e-영업3
D762,세인트제임스,e-영업3
D763,셀린느,e-영업3
D767,스톤아일랜드,e-영업3
D76H,헬리덴티,e-영업4
D76I,팀버랜드,e-영업3
D76L,알렌스,e-영업3
D76N,데일라잇뉴욕,e-영업3
D76O,마리끌레르,e-영업3
D76Q,티아이와이피,e-영업3
D76W,스투시,e-영업3
D76X,페프스튜디오,e-영업3
D76Y,타크트로이메,e-영업3
D76Z,아르메오디,e-영업3
D777,아미,e-영업3
D77A,포티세컨드,e-영업3
D77B,솔트레인,e-영업4
D77C,나드파리,e-영업3
D77E,네파,e-영업3
D77I,앵글런,e-영업3
D77K,스토,e-영업3
D77V,요트클럽,e-영업4
D782,알렉산더 맥퀸,e-영업3
D784,에르노,e-영업3
D787,에트로,e-영업3
D78C,브라운 브레스,e-영업3
D78D,꼬달리,e-영업4
D78G,드로잉에이미,e-영업4
D78H,메종엘바라,e-영업4
D78I,리끌로우,e-영업3
D78K,헬렌카민스키,e-영업3
D78L,밀리엔스,e-영업4
D78M,예가 한복,e-영업3
D78N,한예빔,e-영업3
D78O,베베쥬,e-영업3
D78R,미디아,e-영업4
D78S,아카시아,e-영업4
D78T,홀린,e-영업4
D78Y,신주오,e-영업4
D793,오프화이트,e-영업3
D794,요지야마모토,e-영업3
D796,이세이미야케,e-영업3
D79G,유솔,e-영업3
D79H,더데이걸,e-영업3
D79I,인디고,e-영업3
D79J,로엠 걸즈,e-영업3
D79K,펠릭스,e-영업3
D79L,오후,e-영업3
D79M,셀덴,e-영업3
D79N,앙떼떼,e-영업3
D79O,밀리밤,e-영업3
D79P,치크,e-영업3
D79Q,코코리따,e-영업3
D79Y,히템,e-영업4
D7A3,삼성전자,e-영업4
D7A4,오그도아,e-영업4
D7A5,딥티크,e-영업4
D7A6,비디알,e-영업3
D7A8,오그램코스메틱스,e-영업4
D7AA,나라라,e-영업3
D7AB,구딸,e-영업4
D7AF,루이비통,e-영업3
D7AI,구찌,e-영업3
D7AJ,프라다,e-영업3
D7AN,디올,e-영업3
D7AT,생 로랑,e-영업3
D7AX,살바토레 페라가모,e-영업3
D7B0,발렌시아가,e-영업3
D7B2,기타,e-영업3
D7BA,버버리,e-영업3
D7BD,불가리,e-영업3
D7BL,크리스찬 디올,e-영업3
D7BN,셀린느,e-영업3
D7BV,삼성전자,e-영업4
D7CD,루이비통,e-영업3
D7CV,프라다,e-영업3
D7DD,메트로시티,e-영업3
D7DT,스와로브스키,e-영업3
D7DW,리틀클로젯,e-영업3
D7DY,오아이 페인티드,e-영업3
D7E8,웨더랩,e-영업3
D7ED,보테가 베네타,e-영업3
D7EE,르까프,e-영업3
D7EF,마르씨에,e-영업3
D7EO,엑토,e-영업4
D7ET,라씨에뜨,e-영업4
D7EY,로우퀘스트,e-영업4
D7F4,아베뜨,e-영업4
D7F7,그린비타,e-영업4
D7F8,텐바이텐,e-영업3
D7FD,끌로에,e-영업3
D7FF,나우앤투모로우,e-영업3
D7FK,코렐(유료배송),e-영업4
D7FL,베이-비,e-영업3
D7FN,질샌더,e-영업3
D7FP,루이비통,e-영업3
D7FQ,펜디,e-영업3
D7FR,구찌,e-영업3
D7FT,버버리,e-영업3
D7FU,티파니앤코,e-영업3
D7FW,샤넬,e-영업3
D7FX,에르메스,e-영업3
D7FZ,까르띠에,e-영업3
D7G2,프라다,e-영업3
D7G8,셀린느,e-영업3
D7GC,태그호이어,e-영업3
D7GL,보테가 베네타,e-영업3
D7GN,쥬디메르,e-영업4
D7GO,모발아,e-영업4
D7GQ,벤소닉,e-영업4
D7GX,지안비토로씨,e-영업3
D7GZ,클레르망,e-영업4
D7H4,캐치웰,e-영업4
D7H5,스테들러폼,e-영업4
D7H6,기타브랜드,e-영업3
D7H9,게츠비,e-영업3
D7HB,스케덤,e-영업4
D7HC,베자,e-영업3
D7HJ,블루에어,e-영업4
D7HL,싱크리더,e-영업4
D7HM,코스텔,e-영업4
D7HO,필립스,e-영업4
D7HP,아이리버,e-영업4
D7HQ,이오맘,e-영업4
D7HS,바이언스,e-영업3
D7HW,에스케이매직,e-영업4
D7HX,삼성,e-영업4
D7I2,마스터셰프,e-영업4
D7I3,퓨어힐스,e-영업4
D7I4,와이비푸드테크,e-영업4
D7I5,24시간엣지,e-영업4
D7JJ,필립플레인,e-영업3
D7K1,김성훈도자기,e-영업4
D7K3,웰모아,e-영업4
D7K5,쉐누아파리,e-영업4
D7KE,에스파이,e-영업3
D7KI,이고야,e-영업4
D7KK,아이리버,e-영업4
D7KM,파트론,e-영업4
D7KP,스타우브,e-영업4
D7KR,힐리먼트,e-영업3
D7KS,스노우피크 어패럴,e-영업4
D7KT,아오미,e-영업4
D7KU,썬월드,e-영업4
D7KY,키엘,e-영업4
D7KZ,에스케이투,e-영업4
D7L1,토리버치,e-영업3
D7L2,살바토레 페라가모,e-영업3
D7L4,평소생활,e-영업3
D7L5,이엠이,e-영업4
D7LC,에스틸로,e-영업4
D7LH,베네통,e-영업3
D7LI,압소바,e-영업3
D7LJ,아이빈,e-영업3
D7LK,지프,e-영업3
D7LN,레베끌레,e-영업3
D7MK,폴햄,e-영업3
D7MM,아소윤,e-영업4
D7MN,엔비에이,e-영업3
D7MO,엔비에이,e-영업4
D7MP,한글안경,e-영업3
D7MS,컨퓸,e-영업4
D7MT,이콤마이,e-영업3
D7MU,기타브랜드,e-영업3
D7MV,기타브랜드,e-영업3
D7MW,부티,e-영업3
D7N1,라이프필,e-영업4
D7N5,무아스(가전디지털),e-영업4
D7N8,휴도,e-영업4
D7NU,모리츠,e-영업4
D7O4,제이멜라,e-영업4
D7O8,지비에이치,e-영업3
D7OA,스위브,e-영업4
D7OB,비비앤디,e-영업3
D7OC,스펠라,e-영업4
D7OD,디디티티,e-영업3
D7OI,리튼,e-영업4
D7OJ,셀린느,e-영업3
D7OK,스테판조셉,e-영업3
D7OO,페니스칼란,e-영업3
D7OR,아델,e-영업4
D7OV,다잰다,e-영업4
D7OW,긱,e-영업4
D7OZ,아이리버,e-영업4
D7P0,레오폴디,e-영업4
D7P1,루첸,e-영업4
D7P3,오엘라,e-영업4
D7P4,보겔,e-영업4
D7P5,엑스트라,e-영업4
D7PA,델라고,e-영업4
D7PB,카카오프렌즈,e-영업4
D7PH,알레르망,e-영업4
D7PI,미라콥,e-영업4
D7PL,러브쿡,e-영업4
D7PN,프란델리,e-영업4
D7PO,로얄켄트,e-영업4
D7Q0,김포유기공방,e-영업4
D7Q1,시온,e-영업4
D7Q2,구찌,e-영업3
D7Q3,스케쳐스,e-영업4
D7Q8,히어,e-영업4
D7QB,브루클린웍스,e-영업4
D7QE,아워덴티티,e-영업3
D7QH,누하주,e-영업3
D7QI,랩72,e-영업3
D7R4,아페쎄,e-영업3
D7RZ,아쉬,e-영업3
D7S4,발렌시아가,e-영업3
D7SJ,버버리,e-영업3
D7T1,끌로에,e-영업3
D7TM,디스퀘어드2,e-영업3
D7TO,엘리자베타프랑키,e-영업3
D7TQ,엠포리오 아르마니,e-영업3
D7TV,에트로,e-영업3
D7TW,파비아나 필리피,e-영업3
D7U8,훌라,e-영업3
D7UB,가니,e-영업3
D7UK,골든구스,e-영업3
D7UM,구찌,e-영업3
D7US,에르노,e-영업3
D7UT,헤론 프레스톤,e-영업3
D7UV,호간,e-영업3
D7VA,야콥코헨,e-영업3
D7VB,자크뮈스,e-영업3
D7VC,질샌더,e-영업3
D7VI,겐조,e-영업3
D7VT,로에베,e-영업3
D7VX,메종키츠네,e-영업3
D7VZ,메종 마르지엘라,e-영업3
D7W9,마린세르,e-영업3
D7WB,마르니,e-영업3
D7WN,미우미우,e-영업3
D7WQ,몽클레르,e-영업3
D7WT,모스키노,e-영업3
D7X9,오프화이트,e-영업3
D7XC,오르치아니,e-영업3
D7XT,폴로 랄프로렌,e-영업3
D7XU,프라다,e-영업3
D7Y0,리던,e-영업3
D7YG,살바토레 페라가모,e-영업3
D7YL,씨 바이 끌로에,e-영업3
D7YM,셀프포트레이트,e-영업3
D7YX,스텔라 매카트니,e-영업3
D7YY,스톤아일랜드,e-영업3
D7Z3,딸리아토레,e-영업3
D7Z7,더모아레,e-영업3
D7ZK,발렌티노,e-영업3
D7ZM,베자,e-영업3
D7ZN,베르사체,e-영업3
D808,지방시,e-영업3
D80F,히얼이즈낫어카페,e-영업4
D80H,생활살림,e-영업3
D80K,오와이,e-영업4
D80N,신상,e-영업4
D80O,제이알리게샴푸바,e-영업4
D80T,엠에스지엠,e-영업3
D80V,로얄우스터,e-영업4
D80Z,버켄스탁,e-영업3
D817,캐나다구스,e-영업3
D819,코치,e-영업3
D81K,엔21,e-영업3
D81L,오프화이트,e-영업3
D81R,프리미아타,e-영업3
D81V,샤프란,e-영업4
D81W,아우라,e-영업4
D81X,테크,e-영업4
D81Y,심플키친,e-영업4
D820,크리스찬 루부탱,e-영업3
D824,토리버치,e-영업3
D826,토즈,e-영업3
D828,톰브라운,e-영업3
D829,톰포드,e-영업3
D82A,로얄스타,e-영업3
D82C,에스쿠다마,e-영업3
D82F,구찌,e-영업3
D82G,루이비통,e-영업3
D82H,프라다,e-영업3
D82K,디올,e-영업3
D82L,오메가,e-영업3
D82Y,테일러메이드,e-영업4
D832,파라점퍼스,e-영업3
D834,팜엔젤스,e-영업3
D835,살바토레 페라가모,e-영업3
D837,펜디,e-영업3
D83B,솔트워터,e-영업3
D83D,맥우드건,e-영업3
D841,폴스미스,e-영업3
D842,프라다,e-영업3
D84H,필립모델,e-영업3
D84Q,모스키노,e-영업3
D84X,휴도,e-영업4
D84Y,휴도,e-영업4
D854,필립플레인,e-영업3
D85A,휴도,e-영업4
D85H,쥐씨 녹십자,e-영업4
D85S,펜소닉,e-영업4
D85Y,스타터,e-영업3
D85Z,컬럼비아,e-영업3
D861,아크네,e-영업3
D862,알렉산더 맥퀸,e-영업3
D864,아미,e-영업3
D866,리플라이퍼키,e-영업3
D868,아쿠아주라,e-영업3
D869,발렌시아가,e-영업3
D86A,린나이,e-영업4
D86D,몽블랑,e-영업3
D86E,프라다,e-영업3
D86F,구찌,e-영업3
D86G,버버리,e-영업3
D86H,살바토레 페라가모,e-영업3
D86I,보테가 베네타,e-영업3
D86J,에트로,e-영업3
D86L,발리,e-영업3
D86M,생 로랑,e-영업3
D86P,아이픽,e-영업4
D86Q,바쏘,e-영업3
D86R,바쏘옴므,e-영업3
D86S,비바셔스,e-영업3
D86W,문수권세컨,e-영업3
D86Y,리이,e-영업3
D86Z,티오유,e-영업3
D870,구찌,e-영업3
D872,살바토레 페라가모,e-영업3
D874,프라다,e-영업3
D875,에트로,e-영업3
D878,생 로랑,e-영업3
D87A,스칼렛또블랙,e-영업3
D87E,닥터스킨,e-영업4
D87F,보뚜,e-영업4
D87H,바로업,e-영업4
D87J,더하라,e-영업4
D87L,로시,e-영업4
D87O,로스돔,e-영업4
D87Q,순수백과,e-영업3
D87R,포에지담,e-영업3
D87S,말렌,e-영업3
D87T,키친아트,e-영업4
D87U,옹기종기,e-영업4
D87V,톰포드,e-영업3
D87W,컨버스,e-영업3
D87X,프라이,e-영업3
D882,보테가 베네타,e-영업3
D883,버버리,e-영업3
D886,셀린느,e-영업3
D889,끌로에,e-영업3
D88W,키스미,e-영업4
D88X,유어피스,e-영업4
D88Y,가히,e-영업4
D892,꼼데가르송,e-영업3
D89J,모어댄엑스,e-영업3
D89K,라퐁프,e-영업4
D89N,모아엣알,e-영업3
D89R,카이,e-영업3
D89U,썸잇,e-영업4
D89V,삼성금거래소,e-영업3
D89W,파세코,e-영업4
D89Y,루이비통,e-영업3
D8A0,브렌우드,e-영업3
D8A1,바이오에비뉴,e-영업4
D8AJ,시호일,e-영업4
D8AO,아크네 스튜디오,e-영업3
D8AP,아미,e-영업3
D8B4,골든구스,e-영업3
D8B7,준지,e-영업3
D8BD,메종 마르지엘라,e-영업3
D8BG,몽클레르,e-영업3
D8BH,무스너클,e-영업3
D8BM,닐 바렛,e-영업3
D8BT,프라다,e-영업3
D8BW,스톤아일랜드,e-영업3
D8BX,톰브라운,e-영업3
D8BZ,발렌티노,e-영업3
D8C3,주세페자노티,e-영업3
D8C6,캐피디자인,e-영업3
D8C7,리바이스,e-영업3
D8C8,메종 마르지엘라,e-영업3
D8C9,골든구스,e-영업3
D8CA,스톤아일랜드,e-영업3
D8CB,몽클레르,e-영업3
D8CD,톰브라운,e-영업3
D8CE,발렌시아가,e-영업3
D8CF,발렌티노,e-영업3
D8CG,메종키츠네,e-영업3
D8CI,아미,e-영업3
D8CJ,생 로랑,e-영업3
D8CK,알렉산더 맥퀸,e-영업3
D8CL,커먼프로잭트,e-영업3
D8CM,아크네 스튜디오,e-영업3
D8CN,구찌,e-영업3
D8CO,부테로,e-영업3
D8CP,꼼데가르송,e-영업3
D8CQ,버버리,e-영업3
D8CR,피어오브갓,e-영업3
D8CS,보테가 베네타,e-영업3
D8CU,시피컴퍼니,e-영업3
D8CX,셀린느,e-영업3
D8D0,프라다,e-영업3
D8D1,아워 레가시,e-영업3
D8D8,브루넬로쿠치넬리,e-영업3
D8D9,디스퀘어드2,e-영업3
D8DB,펜디,e-영업3
D8DL,겐조,e-영업3
D8DQ,나이키,e-영업3
D8DU,파리텍사스,e-영업3
D8DX,아페쎄,e-영업3
D8E7,폴로 랄프로렌,e-영업3
D8ED,스투시,e-영업3
D8EN,끌로에,e-영업3
D8EX,미우미우,e-영업3
D8FH,르메르,e-영업3
D8FJ,비비안웨스트우드,e-영업3
D8FK,질샌더,e-영업3
D8FS,켈빈클라인,e-영업3
D8FU,아토99,e-영업4
D8FV,락,e-영업4
D8FY,나이키,e-영업3
D8G1,코렐,e-영업4
D8G2,갤러리 디파트먼트,e-영업3
D8G3,와이 프로젝트,e-영업3
D8G5,가히,e-영업4
D8G6,언더아머,e-영업3
D8GC,폴로 랄프로렌,e-영업3
D8GD,아디다스,e-영업3
D8GI,오니츠카타이거,e-영업3
D8GJ,뉴발란스,e-영업3
D8GM,호카오네오네,e-영업3
D8GR,리틀 밥독,e-영업3
D8HC,가마요,e-영업4
D8HE,디스이즈,e-영업4
D8HG,휠라,e-영업4
D8HJ,에멜시,e-영업4
D8HL,자일렉,e-영업4
D8HQ,비비드온,e-영업4
D8HR,데일리콤마,e-영업4
D8HS,오닐,e-영업4
D8HV,베르사체,e-영업3
D8HX,마이클코어스,e-영업3
D8HY,보테가 베네타,e-영업3
D8I3,폴스미스,e-영업3
D8IA,무스너클,e-영업3
D8IF,메종키츠네,e-영업3
D8IJ,노비스,e-영업3
D8IK,버버리,e-영업3
D8IP,파라점퍼스,e-영업3
D8IS,톰브라운,e-영업3
D8IU,메종 마르지엘라,e-영업3
D8IV,스톤아일랜드,e-영업3
D8IW,미우미우,e-영업3
D8IX,폴로 랄프로렌,e-영업3
D8IZ,토리버치,e-영업3
D8J0,끌로에,e-영업3
D8J1,에르노,e-영업3
D8J3,프라다,e-영업3
D8J4,겐조,e-영업3
D8J5,발리,e-영업3
D8JD,돌체앤가바나,e-영업3
D8JJ,발렌시아가,e-영업3
D8JP,살바토레 페라가모,e-영업3
D8JR,프라이탁,e-영업3
D8JU,씨피컴퍼니,e-영업3
D8JX,롱샴,e-영업3
D8K3,에트로,e-영업3
D8K4,토즈,e-영업3
D8K6,마크제이콥스,e-영업3
D8K8,아미,e-영업3
D8K9,파타고니아,e-영업3
D8KC,지방시,e-영업3
D8KF,구찌,e-영업3
D8KG,멀버리,e-영업3
D8KV,코치,e-영업3
D8L2,골든구스,e-영업3
D8L5,세인트제임스,e-영업3
D8L6,꼼데가르송,e-영업3
D8LB,몽블랑,e-영업3
D8LC,아페쎄,e-영업3
D8LE,몽클레르,e-영업3
D8LI,발렌티노,e-영업3
D8LJ,레페토,e-영업3
D8M1,후머,e-영업4
D8M4,지미추,e-영업3
D8MB,발리,e-영업3
D8MC,버버리,e-영업3
D8MD,끌로에,e-영업3
D8MF,커먼프로잭트,e-영업3
D8MH,에트로,e-영업3
D8MI,살바토레 페라가모,e-영업3
D8MJ,지방시,e-영업3
D8MK,헨리베글린,e-영업3
D8MN,마크제이콥스,e-영업3
D8MO,미우미우,e-영업3
D8MP,프라다,e-영업3
D8MR,생 로랑,e-영업3
D8MU,발렌티노,e-영업3
D8MV,발렉스트라,e-영업3
D8MW,이올로,e-영업3
D8MY,클라온,e-영업3
D8MZ,부이부이,e-영업3
D8N1,와이비푸드테크,e-영업4
D8N2,와이비푸드테크,e-영업4
D8N6,스킨1004,e-영업4
D8N7,키스포 걸스,e-영업3
D8NG,앤서나인틴,e-영업4
D8NI,아페쎄,e-영업3
D8NK,피에노솔레1960,e-영업3
D8NM,엠부쉬,e-영업3
D8NR,빅야드,e-영업4
D8NW,힐더비,e-영업4
D8O0,이뮤,e-영업3
D8O1,멜리사,e-영업3
D8O2,미니 멜리사,e-영업3
D8O5,씨실,e-영업4
D8OE,코치넬레,e-영업3
D8OF,구찌,e-영업3
D8OG,우드레이,e-영업4
D8OI,엠포리오 아르마니,e-영업3
D8OJ,발렌티노 루디,e-영업3
D8OM,톰포드,e-영업3
D8OR,씨실,e-영업4
D8OS,내셔널지오그래픽,e-영업3
D8OT,유씨 버클리,e-영업3
D8OW,이태리 로시,e-영업4
D8OX,대우,e-영업4
D8OY,롤렉스,e-영업3
D8OZ,까르띠에,e-영업3
D8P0,오메가,e-영업3
D8P3,기타브랜드,e-영업3
D8P4,에르메스,e-영업3
D8P9,아노블리어,e-영업3
D8PA,엠에스알,e-영업4
D8PB,첨스,e-영업4
D8PC,잠발란,e-영업4
D8PD,써머레스트,e-영업4
D8PE,유코,e-영업4
D8PF,날진,e-영업4
D8PG,랩,e-영업3
D8PH,단터프,e-영업4
D8PI,라바,e-영업4
D8PJ,리버클래시,e-영업3
D8PK,벤톨레이션,e-영업3
D8PN,지오송지오,e-영업3
D8PO,엑스톤즈,e-영업3
D8PQ,글랙,e-영업3
D8PU,헤이마르티니,e-영업3
D8PZ,체이싱래빗,e-영업4
D8Q0,키니키니,e-영업4
D8Q1,에코,e-영업4
D8QA,하리보,e-영업4
D8QE,로에카,e-영업3
D8QF,롤렉스,e-영업3
D8RC,파텍필립,e-영업3
D8RH,토리버치,e-영업3
D8RT,아크네 스튜디오,e-영업3
D8RU,아더에러,e-영업3
D8RV,아디다스,e-영업3
D8SL,알렉산더 맥퀸,e-영업3
D8SM,알렉산더 왕,e-영업3
D8SP,알리기에리,e-영업3
D8SQ,알리타,e-영업3
D8SU,알파 인더스트리,e-영업3
D8T4,앤더슨,e-영업3
D8TN,아쿠아주라,e-영업3
D8TU,아르마,e-영업3
D8TX,아르마니 익스체인지,e-영업3
D8U1,아쉬,e-영업3
D8U2,아식스,e-영업3
D8U4,아스페시,e-영업3
D8U9,오트리,e-영업3
D8UH,발렌시아가,e-영업3
D8UI,발리,e-영업3
D8UJ,발망,e-영업3
D8UM,바라쿠타,e-영업3
D8V0,벨스타프,e-영업3
D8VP,블루걸,e-영업3
D8VQ,블루마린,e-영업3
D8VV,보그너,e-영업3
D8W0,보르살리노,e-영업3
D8W4,보테가 베네타,e-영업3
D8WO,브루넬로쿠치넬리,e-영업3
D8WQ,버버리,e-영업3
D8X0,켈빈클라인,e-영업3
D8X2,캠퍼,e-영업3
D8X3,캐나다구스,e-영업3
D8XA,칼하트,e-영업3
D8XC,까르띠에,e-영업3
D8XI,까스따네르,e-영업3
D8XN,세실리에 반센,e-영업3
D8XO,셀린느,e-영업3
D8Y5,크리스찬 루부탱,e-영업3
D8YC,클락스,e-영업3
D8YM,코치,e-영업3
D8YX,꼼데가르송,e-영업3
D8YY,컨버스,e-영업3
D8Z6,크록스,e-영업3
D8ZB,컬트 가이아,e-영업3
D900,에트로,e-영업3
D902,펜디,e-영업3
D903,살바토레 페라가모,e-영업3
D906,지안니코,e-영업3
D908,지방시,e-영업3
D909,골든구스,e-영업3
D90E,덴츠,e-영업3
D90I,디아도라,e-영업3
D90J,디젤,e-영업3
D90L,디올 옴므,e-영업3
D910,구찌,e-영업3
D911,에르노,e-영업3
D914,조슈아 샌더스,e-영업3
D917,겐조,e-영업3
D91A,드래곤 디퓨전,e-영업3
D91D,디스퀘어드2,e-영업3
D91J,듀베티카,e-영업3
D91O,에드워드 그린,e-영업3
D920,로렌스디케이드,e-영업3
D922,메종 마르지엘라,e-영업3
D924,마크제이콥스,e-영업3
D926,마르니,e-영업3
D927,마이클코어스,e-영업3
D928,미우미우,e-영업3
D929,몽클레르,e-영업3
D92B,엠포리오 아르마니,e-영업3
D92K,에트로,e-영업3
D92S,파비아나 필리피,e-영업3
D92Z,펜디,e-영업3
D937,파라점퍼스,e-영업3
D940,프라다,e-영업3
D944,레페토,e-영업3
D948,생 로랑,e-영업3
D94B,프레드 페리,e-영업3
D94I,가브리엘라허스트,e-영업3
D94K,가니,e-영업3
D94W,지암바티스타 발리,e-영업3
D94Y,지안비토로씨,e-영업3
D951,스톤아일랜드,e-영업3
D952,스튜어트와이츠먼,e-영업3
D953,톰브라운,e-영업3
D956,토리버치,e-영업3
D957,발렌티노,e-영업3
D95G,지방시,e-영업3
D95Q,그렌슨,e-영업3
D95W,구찌,e-영업3
D968,버버리,e-영업3
D96V,에르메스,e-영업3
D96W,에르노,e-영업3
D96Y,헤보,e-영업3
D97A,호간,e-영업3
D97B,호카오네오네,e-영업3
D97K,휴고보스,e-영업3
D98Q,자크뮈스,e-영업3
D994,클리브랜드,e-영업4
D996,르샤트라1802,e-영업4
D99D,지미추,e-영업3
D9A7,카르텔,e-영업3
D9AE,겐조,e-영업3
D9AP,키톤,e-영업3
D9B5,라코스테,e-영업3
D9BA,란셀,e-영업3
D9BD,랑방,e-영업3
D9BN,르스펙스,e-영업3
D9C1,리우조,e-영업3
D9C2,리비아나 콘티,e-영업3
D9C6,로에베,e-영업3
D9C8,롱샴,e-영업3
D9CV,맥케이지,e-영업3
D9CY,메종키츠네,e-영업3
D9CZ,메종 마르지엘라,e-영업3
D9DC,마크제이콥스,e-영업3
D9DK,마르니,e-영업3
D9DZ,맹기,e-영업3
D9E6,마이클코어스,e-영업3
D9EI,미우미우,e-영업3
D9ER,몽클레르,e-영업3
D9EW,몽블랑,e-영업3
D9EZ,문부츠,e-영업3
D9F0,무스너클,e-영업3
D9F4,모스키노,e-영업3
D9F5,마더,e-영업3
D9FA,멀버리,e-영업3
D9FU,뉴발란스,e-영업3
D9FV,나이키,e-영업3
D9GA,누디진,e-영업3
D9GS,오르치아니,e-영업3
D9HC,파라점퍼스,e-영업3
D9HH,파타고니아,e-영업3
D9HX,필립모델,e-영업3
D9I5,핑코,e-영업3
D9ID,폴로 랄프로렌,e-영업3
D9II,프라다,e-영업3
D9IK,프리미아타,e-영업3
D9IY,레인스,e-영업3
D9J8,레페토,e-영업3
D9JC,릭오웬스,e-영업3
D9JG,로아,e-영업3
D9K4,사카이,e-영업3
D9K6,살로몬,e-영업3
D9K7,살로니,e-영업3
D9KS,씨 바이 끌로에,e-영업3
D9LG,스노우피크,e-영업3
D9LP,스프레이그라운드,e-영업3
D9LV,스타우드,e-영업3
D9MV,더로우,e-영업3
D9MX,띠어리,e-영업3
D9NF,토템,e-영업3
D9NO,투미,e-영업3
D9NP,트윈셋,e-영업3
D9O0,발렌티노,e-영업3
D9O4,반스,e-영업3
D9O7,베자,e-영업3
D9OC,베르사체,e-영업3
D9OF,베트멍,e-영업3
D9OJ,빅토리아 베컴,e-영업3
D9OW,비비안웨스트우드,e-영업3
D9PD,울리치,e-영업3
D9PM,유제피,e-영업3
D9PP,자넬라토,e-영업3
D9PT,제냐,e-영업3
D9Q3,몰튼브라운,e-영업4
D9Q4,크럼프,e-영업3
D9Q6,디파르베,e-영업3
D9Q8,헤르조그,e-영업4
D9Q9,로얄그래프톤,e-영업4
D9QB,바겐슈타이거,e-영업4
D9QD,프로보케이션,e-영업3
D9QE,머치머니,e-영업3
D9QF,삭스,e-영업3
D9QM,몽클레르,e-영업3
D9QO,에크릿,e-영업3
D9QP,알릭스,e-영업3
D9QQ,투엑스유,e-영업3
D9QR,포투포,e-영업3
D9QT,아페쎄,e-영업3
D9QX,아미,e-영업3
D9QY,아크테릭스,e-영업3
D9QZ,발란타인,e-영업3
D9R2,빌리네어 보이즈 클럽,e-영업3
D9R5,부테로,e-영업3
D9R6,시피컴퍼니,e-영업3
D9R8,폴스미스,e-영업3
D9R9,끌로에,e-영업3
D9RA,클럽 모나코,e-영업3
D9RB,커먼프로잭트,e-영업3
D9RG,제이더블유앤더슨,e-영업3
D9RJ,질샌더,e-영업3
D9RL,폴로 랄프로렌,e-영업3
D9RM,르메르,e-영업3
D9RN,리바이스,e-영업3
D9RO,미쏘니,e-영업3
D9RP,마린세르,e-영업3
D9RQ,마틴로즈,e-영업3
D9RS,미즈모,e-영업3
D9RU,닐 바렛,e-영업3
D9RW,오프화이트,e-영업3
D9RY,팜엔젤스,e-영업3
D9S0,푸마,e-영업3
D9S3,레드발렌티노,e-영업3
D9S4,로저비비에,e-영업3
D9S5,세인트제임스,e-영업3
D9S6,생 로랑,e-영업3
D9S7,살바토레 페라가모,e-영업3
D9S9,토즈,e-영업3
D9SA,톰포드,e-영업3
D9SD,토리버치,e-영업3
D9SN,유메유메,e-영업3
D9SR,한미헬스케어,e-영업4
D9SS,비비안,e-영업3
D9SV,발렌시아가,e-영업3
D9SW,보테가 베네타,e-영업3
D9SX,로에베,e-영업3
D9SY,몽클레르,e-영업3
D9SZ,스톤아일랜드,e-영업3
D9T1,펜디,e-영업3
D9T2,빌헬미나 가르시아,e-영업3
D9T3,메종키츠네,e-영업3
D9T4,버버리,e-영업3
D9T6,아페쎄,e-영업3
D9T9,아미,e-영업3
D9TA,생 로랑,e-영업3
D9TD,구찌,e-영업3
D9TE,톰브라운,e-영업3
D9TF,부테로,e-영업3
D9TH,씨피컴퍼니,e-영업3
D9TI,알렉산더 맥퀸,e-영업3
D9TJ,발렌티노,e-영업3
D9TK,헬렌카민스키,e-영업3
D9TM,메종 마르지엘라,e-영업3
D9TN,끌로에,e-영업3
D9TQ,에트로,e-영업3
D9TT,프라다,e-영업3
D9TV,백컨트리,e-영업4
D9TX,악셀 아리가토,e-영업3
D9TY,에트로,e-영업3
D9TZ,삼성전자,e-영업4
D9U0,아비스,e-영업4
D9U1,스토에버,e-영업4
D9U2,베르사체1969,e-영업4
D9U3,삼성전자,e-영업4
D9U8,기타브랜드,e-영업3
D9U9,랩스,e-영업3
D9VC,코멕스,e-영업4
D9VD,샤넬,e-영업3
D9VL,지포어,e-영업4
D9VQ,매드마르스,e-영업3
D9W1,폴 메이저,e-영업3
D9W5,쉐모아,e-영업4
D9W7,파이콜로지,e-영업4
D9WA,아크네스,e-영업3
D9WE,피어오브갓,e-영업3
D9WG,엘케블룸,e-영업3
D9Y8,크리션,e-영업4
D9YC,컨버스,e-영업3
D9YD,골든구스,e-영업3
D9YH,플러터 스튜디오,e-영업3
D9YI,에디포스,e-영업3
D9YK,돌체앤가바나,e-영업3
D9YL,주세페자노티,e-영업3
D9YM,골든구스,e-영업3
D9YN,헤론 프레스톤,e-영업3
D9YQ,엠에스지엠,e-영업3
D9YR,스톤아일랜드,e-영업3
D9YV,톰브라운,e-영업3
D9YW,라프시몬스,e-영업3
D9YZ,엔젤 알라르콘,e-영업3
D9Z3,까스따네르,e-영업3
D9Z4,닥터마틴,e-영업3
D9Z9,세르지오로시,e-영업3
D9ZA,스텔라 매카트니,e-영업3
D9ZB,스튜어트와이츠먼,e-영업3
D9ZC,더모아레,e-영업3
D9ZD,어그,e-영업3
D9ZJ,처치스,e-영업3
D9ZL,제임스펄스,e-영업3
D9ZM,존 스메들리,e-영업3
D9ZO,노스페이스,e-영업3
D9ZP,토넬로,e-영업3
D9ZQ,파파스터프,e-영업3
D9ZU,팩세이프,e-영업3
D9ZV,글리스커,e-영업4
DA01,유한양행,e-영업4
DA03,제타,e-영업4
DA06,러버메이드,e-영업4
DA0G,마르니,e-영업3
DA0K,티쏘,e-영업3
DA0N,스파온,e-영업4
DA0V,세컨드라운드,e-영업3
DA0X,에스텐즈,e-영업3
DA11,라코스테,e-영업3
DA12,마르니,e-영업3
DA14,비레디,e-영업4
DA15,프라도어,e-영업4
DA17,토스,e-영업4
DA18,파마,e-영업3
DA1D,필랩,e-영업4
DA1I,메디큐브,e-영업4
DA1J,준우드,e-영업4
DA1L,카스,e-영업4
DA1M,라비센,e-영업4
DA1N,사노피아,e-영업3
DA1O,롤서,e-영업4
DA1Q,아조바이아조,e-영업3
DA1R,유니스디자인,e-영업3
DA1S,라라펠,e-영업3
DA1U,롱샴,e-영업3
DA1V,아이닉,e-영업4
DA1Y,와이비푸드테크,e-영업4
DA1Z,스톤아일랜드,e-영업3
DA21,윌(싱글),e-영업4
DA22,"윌(더블,콤보)",e-영업4
DA27,오드스튜디오,e-영업4
DA2B,비앤비골드,e-영업3
DA2C,라인프렌즈,e-영업4
DA2D,루이비통,e-영업3
DA2E,구찌,e-영업3
DA2F,모온,e-영업4
DA2G,까르띠에,e-영업3
DA2I,샤넬,e-영업3
DA2N,살바토레 페라가모,e-영업3
DA2Q,론진,e-영업3
DA2S,아르델,e-영업3
DA2U,펜디,e-영업3
DA2X,불가리,e-영업3
DA31,소문난패드,e-영업4
DA38,힐링타임(5만무배),e-영업4
DA3A,기타브랜드,e-영업3
DA3B,에르메스,e-영업3
DA3H,바로톡,e-영업4
DA3I,케네스콜 뉴욕,e-영업3
DA3J,코나모르,e-영업3
DA3L,어콜드월,e-영업3
DA3Q,아미,e-영업3
DA3U,발렌시아가,e-영업3
DA3V,발리,e-영업3
DA3Z,보테가 베네타,e-영업3
DA40,위위,e-영업4
DA47,더마픽스,e-영업4
DA49,엘에프푸드,e-영업4
DA4A,버버리,e-영업3
DA4H,끌로에,e-영업3
DA4J,코치,e-영업3
DA4K,꼼데가르송,e-영업3
DA4M,시피컴퍼니,e-영업3
DA4T,에트로,e-영업3
DA4U,펜디,e-영업3
DA4V,살바토레 페라가모,e-영업3
DA50,모노키친,e-영업4
DA51,조성아22,e-영업4
DA53,네이처드림,e-영업4
DA55,올즙,e-영업4
DA56,한국삼,e-영업4
DA5A,골든구스,e-영업3
DA5C,구찌,e-영업3
DA5J,이세이미야케,e-영업3
DA5K,질샌더,e-영업3
DA5N,겐조,e-영업3
DA5U,롱샴,e-영업3
DA5V,로로피아나,e-영업3
DA5Y,메종키츠네,e-영업3
DA5Z,마크제이콥스,e-영업3
DA6C,메종 마르지엘라,e-영업3
DA6E,마이클코어스,e-영업3
DA6G,미우미우,e-영업3
DA6I,몽블랑,e-영업3
DA6N,엔21,e-영업3
DA6S,오프화이트,e-영업3
DA6W,폴스미스,e-영업3
DA6Z,프라다,e-영업3
DA72,페르몹,e-영업4
DA7F,레페토,e-영업3
DA7J,생 로랑,e-영업3
DA7P,스톤아일랜드,e-영업3
DA7U,톰브라운,e-영업3
DA7V,토즈,e-영업3
DA7Y,토리버치,e-영업3
DA7Z,투미,e-영업3
DA84,리벨롭,e-영업4
DA86,후아유,e-영업3
DA87,삼성제약,e-영업4
DA88,닥터플러스,e-영업4
DA8B,발렌티노,e-영업3
DA8E,비비안웨스트우드,e-영업3
DA8J,샤카웨어,e-영업3
DA8K,스토,e-영업3
DA8M,아페쎄,e-영업3
DA8O,엠에스지엠,e-영업3
DA8Q,젠트웰,e-영업3
DA8S,알렉산더 맥퀸,e-영업3
DA8T,아미,e-영업3
DA8U,발렌시아가,e-영업3
DA8V,보테가 베네타,e-영업3
DA8W,버버리,e-영업3
DA8Y,디올,e-영업3
DA8Z,골든구스,e-영업3
DA9C,맥케이지,e-영업3
DA9D,메종 마르지엘라,e-영업3
DA9F,몽클레르,e-영업3
DA9G,무스너클,e-영업3
DA9J,프라다,e-영업3
DA9L,톰브라운,e-영업3
DA9M,발렌티노,e-영업3
DA9R,알렉산더 맥퀸,e-영업3
DA9S,발망,e-영업3
DA9T,발렌시아가,e-영업3
DA9U,보테가 베네타,e-영업3
DA9V,버버리,e-영업3
DA9W,몽클레르,e-영업3
DA9X,톰포드,e-영업3
DA9Y,구찌,e-영업3
DA9Z,몽블랑,e-영업3
DAA0,오클리,e-영업3
DAA1,레이밴,e-영업3
DAA2,아르마니,e-영업3
DAA3,디젤,e-영업3
DAA4,안나수이,e-영업3
DAA6,지방시,e-영업3
DAA8,프라다,e-영업3
DAA9,메종 마르지엘라,e-영업3
DAAG,구린 브로스,e-영업3
DAAJ,브라이언데일즈,e-영업3
DAAM,뉴에라,e-영업3
DAAN,셀프포트레이트,e-영업3
DAAP,쟈딕앤볼테르,e-영업3
DAAR,비티에스,e-영업3
DAAX,유니온스카웃,e-영업3
DAAZ,모스크 스튜디오,e-영업4
DAB0,닥터탑,e-영업4
DAB6,슈가워시,e-영업4
DABD,뽀로로,e-영업4
DABE,상아제약,e-영업4
DABF,성이바이오,e-영업4
DABG,타요,e-영업4
DABH,핑크퐁,e-영업4
DABJ,한샘조명,e-영업4
DABK,플로랩,e-영업4
DABL,코일리,e-영업3
DABM,앨빈클로,e-영업3
DABO,제이린드버그,e-영업3
DABP,양키캔들,e-영업4
DABQ,터치워머,e-영업4
DABR,디티에스,e-영업4
DABS,조셉트,e-영업3
DABU,흐꺙,e-영업3
DABZ,마네비,e-영업3
DACL,아르마니,e-영업3
DACP,발리,e-영업3
DACT,보테가 베네타,e-영업3
DACU,버버리,e-영업3
DACX,캐나다구스,e-영업3
DAD3,꼼데가르송,e-영업3
DAD8,디스퀘어드2,e-영업3
DAD9,펜디,e-영업3
DADB,주세페자노티,e-영업3
DADC,지방시,e-영업3
DADD,골든구스,e-영업3
DADE,구찌,e-영업3
DADK,랑방,e-영업3
DADM,맥케이지,e-영업3
DADN,메종 마르지엘라,e-영업3
DADQ,몽클레르,e-영업3
DADU,닐 바렛,e-영업3
DADY,필립플레인,e-영업3
DADZ,프라다,e-영업3
DAE1,생 로랑,e-영업3
DAE4,톰포드,e-영업3
DAE5,발렌티노,e-영업3
DAEA,메종키츠네,e-영업3
DAEB,토즈,e-영업3
DAEC,솔금,e-영업4
DAEG,아쉬,e-영업3
DAEH,발렌시아가,e-영업3
DAEO,부테로,e-영업3
DAES,키아라 페라그니,e-영업3
DAEU,크리스찬 디올,e-영업3
DAEV,크리스찬 루부탱,e-영업3
DAEX,커먼프로잭트,e-영업3
DAF3,살바토레 페라가모,e-영업3
DAFB,지미추,e-영업3
DAFC,겐조,e-영업3
DAFK,무스너클,e-영업3
DAFO,오프화이트,e-영업3
DAFQ,파라점퍼스,e-영업3
DAFV,스톤아일랜드,e-영업3
DAFW,톰브라운,e-영업3
DAG7,네스티단테,e-영업4
DAG8,블루밍앤미,e-영업4
DAGB,플레오맥스,e-영업4
DAGC,알렉산더 맥퀸,e-영업3
DAGD,혼마,e-영업4
DAGE,프라다,e-영업3
DAGF,버버리,e-영업3
DAGG,구찌,e-영업3
DAGJ,살바토레 페라가모,e-영업3
DAGN,보테가 베네타,e-영업3
DAGO,바이마르,e-영업4
DAPX,프리미아타,e-영업3
DAQX,스와로브스키,e-영업3
DAQY,플라이토,e-영업3
DAQZ,루나리스,e-영업4
DAR4,브릴러리,e-영업3
DAR6,베비언스,e-영업4
DAR8,에코체,e-영업4
DARA,시루콧토,e-영업4
DARC,노르딕 캠프,e-영업4
DARD,버팔로,e-영업4
DARE,몽크로스,e-영업4
DARH,루미트론,e-영업4
DARJ,아페쎄,e-영업3
DARS,콜롬보,e-영업3
DARU,씨피컴퍼니,e-영업3
DAS1,구찌,e-영업3
DAS2,에르메스,e-영업3
DAS9,루이비통,e-영업3
DASD,몽클레르,e-영업3
DASJ,스포티앤리치,e-영업3
DASP,오트리,e-영업3
DASQ,알렉산더 맥퀸,e-영업3
DASS,버버리,e-영업3
DAST,시피컴퍼니,e-영업3
DASU,디스퀘어드2,e-영업3
DASV,살바토레 페라가모,e-영업3
DASW,골든구스,e-영업3
DASX,구찌,e-영업3
DASY,겐조,e-영업3
DASZ,메종키츠네,e-영업3
DAT2,몽클레르,e-영업3
DAT3,무스너클,e-영업3
DAT4,오프화이트,e-영업3
DATB,생 로랑,e-영업3
DATD,이로,e-영업3
DATF,폴리,e-영업3
DATX,미크릿,e-영업4
DAU0,포쉬프로젝트,e-영업3
DAU1,판도라,e-영업3
DAU3,판도라,e-영업3
DAU6,제드블랙,e-영업4
DAU7,파라다이스에어,e-영업4
DAU9,풋센스,e-영업4
DAUB,발렌시아가,e-영업3
DAUC,클라뷰,e-영업4
DAUH,아페쎄,e-영업3
DAUI,마놀로 블라닉,e-영업3
DAUJ,라비오뜨,e-영업4
DAUL,골드윈,e-영업3
DAUP,브리츠,e-영업4
DAUQ,이고야,e-영업4
DAUR,이엘오,e-영업4
DAUU,투미,e-영업3
DAUV,가스트로플러스,e-영업4
DAUX,뉴클,e-영업4
DAUY,맥로이드,e-영업4
DAV0,미식백과,e-영업4
DAV1,밀리홈,e-영업4
DAV2,바겐슈타이거,e-영업4
DAV4,보쉬,e-영업4
DAV6,스미다,e-영업4
DAVB,카밀리안트,e-영업3
DAVD,앳홈,e-영업4
DAVF,웅진,e-영업4
DAVH,제벤,e-영업4
DAVI,지지엘,e-영업4
DAVL,투썸,e-영업4
DAW2,프로엔자슐러,e-영업3
DAW3,니콜라스 커크우드,e-영업3
DAWB,알파인터,e-영업4
DAWC,피어오브갓,e-영업3
DAWD,이세이 미야케,e-영업3
DAWE,와이쓰리,e-영업3
DAWF,더블알엘,e-영업3
DAWI,헤스테라,e-영업3
DAWQ,잼 홈메이드,e-영업3
DAXH,미스터 피,e-영업3
DAXM,갤러리 댑,e-영업3
DAXW,올레바 브라운,e-영업3
DAXZ,스투시,e-영업3
DAYB,프레임 데님,e-영업3
DAYH,오트리,e-영업3
DAYJ,아렌시아,e-영업4
DAYL,플릭,e-영업4
DAYM,프로스펙스,e-영업4
DAYO,오트리,e-영업3
DAYQ,루오딘,e-영업4
DAYS,엘엘빈,e-영업3
DAYT,디원밀라노,e-영업3
DAYU,라도,e-영업3
DAYX,부테로,e-영업3
DAYY,질샌더,e-영업3
DAYZ,카웨코,e-영업3
DAZ0,톰포드,e-영업3
DAZ1,엠에스지엠,e-영업3
DAZ2,베르사체,e-영업3
DAZ3,스투시,e-영업3
DAZ6,피토메르,e-영업4
DAZ7,발몽드,e-영업4
DAZ8,자빈드서울,e-영업4
DAZA,쉐프본,e-영업4
DAZB,오이오이,e-영업3
DAZC,클래딘,e-영업4
DAZD,바닐라빌리지,e-영업4
DAZH,아멜리에,e-영업4
DAZI,뉴발란스,e-영업3
DAZL,빅팍,e-영업3
DAZM,카미노,e-영업3
DAZO,코티 에어스펀,e-영업4
DAZS,르샤트라,e-영업4
DB,닥스,e-영업1
DB18,보루네오,e-영업4
DB19,인터데코,e-영업4
DB1F,스투시,e-영업3
DB1I,나이키,e-영업3
DB1L,아크네스튜디오,e-영업3
DB1N,아미,e-영업3
DB1Q,보테가 베네타,e-영업3
DB1R,버버리,e-영업3
DB1T,네파,e-영업3
DB1X,르메르,e-영업3
DB1Y,셀린느,e-영업3
DB1Z,파타고니아,e-영업3
DB22,제이준,e-영업4
DB23,닥터제이준,e-영업4
DB24,소유하리,e-영업4
DB25,정관장,e-영업4
DB26,니나리치,e-영업4
DB27,론론,e-영업3
DB2E,구찌,e-영업3
DB2G,메종키츠네,e-영업3
DB2H,메종 마르지엘라,e-영업3
DB2J,몽클레르,e-영업3
DB2K,미우미우,e-영업3
DB2N,스톤아일랜드,e-영업3
DB2O,생 로랑,e-영업3
DB2P,프라다,e-영업3
DB2Q,톰브라운,e-영업3
DB2U,랄프로렌,e-영업4
DB3D,포비치스,e-영업3
DB3I,팔로마바르셀로,e-영업3
DB3J,리메인,e-영업3
DB3M,리쏘,e-영업3
DB3W,헬렌카민스키,e-영업3
DB3X,헨더 스킴,e-영업3
DB3Y,에르베 샤펠리에,e-영업3
DB4N,키앙,e-영업3
DB4O,프라다,e-영업3
DB4P,셀린느,e-영업3
DB4Q,살바토레 페라가모,e-영업3
DB4R,버버리,e-영업3
DB4V,오프화이트,e-영업3
DB4W,메종 마르지엘라,e-영업3
DB4X,발렌티노,e-영업3
DB5G,톰포드,e-영업3
DB5J,아크네,e-영업3
DB5L,아미,e-영업3
DB5O,버버리,e-영업3
DB5Q,셀린느,e-영업3
DB5R,샤넬,e-영업3
DB5W,시피컴퍼니,e-영업3
DB5X,디올,e-영업3
DB63,미니 멜리사,e-영업3
DB64,핑크파인애플,e-영업3
DB67,페이스인네이처,e-영업4
DB6D,에르메스,e-영업3
DB6K,메종키츠네,e-영업3
DB6L,메종 마르지엘라,e-영업3
DB6M,몽클레르,e-영업3
DB6R,기타브랜드,e-영업3
DB6S,파라점퍼스,e-영업3
DB6T,파타고니아,e-영업3
DB6U,스톤아일랜드,e-영업3
DB6X,톰브라운,e-영업3
DB6Z,톰포드,e-영업3
DB74,듀오락,e-영업4
DB75,락토클리어,e-영업4
DB7G,아페쎄,e-영업3
DB7H,아크네 스튜디오,e-영업3
DB7I,아디다스,e-영업3
DB7N,알라이아,e-영업3
DB7O,알렉산더 맥퀸,e-영업3
DB7P,알렉산더 왕,e-영업3
DB7S,아미,e-영업3
DB7T,아미나 무아디,e-영업3
DB7U,아미리,e-영업3
DB7V,에이션트그릭샌들,e-영업3
DB7W,앤드뭘미스터,e-영업3
DB7X,안야 힌드마치,e-영업3
DB8A,아식스,e-영업3
DB8D,발렌시아가,e-영업3
DB8E,발망,e-영업3
DB8G,바오바오,e-영업3
DB8I,벨스타프,e-영업3
DB8J,벨루티,e-영업3
DB8K,버켄스탁,e-영업3
DB8M,보테가 베네타,e-영업3
DB8N,브루넬로쿠치넬리,e-영업3
DB8O,버버리,e-영업3
DB8Q,씨피컴퍼니,e-영업3
DB8R,켈빈클라인,e-영업3
DB8S,캐나다구스,e-영업3
DB8T,카사블랑카,e-영업3
DB8U,까스따네르,e-영업3
DB8V,셀린느,e-영업3
DB8X,끌로에,e-영업3
DB8Y,크리스찬 루부탱,e-영업3
DB9B,꼼데가르송,e-영업3
DB9F,돌체앤가바나,e-영업3
DB9I,드래곤 디퓨저,e-영업3
DB9K,릭오웬스,e-영업3
DB9L,디스퀘어드2,e-영업3
DB9M,던힐,e-영업3
DB9N,엠포리오 아르마니,e-영업3
DB9O,에르메네질도 제냐,e-영업3
DB9Q,에트로,e-영업3
DB9S,이티스,e-영업3
DB9U,피어오브갓,e-영업3
DB9X,펜디,e-영업3
DBA0,갤러리 디파트먼트,e-영업3
DBA2,가니,e-영업3
DBA4,지안비토로씨,e-영업3
DBA5,조르지오 아르마니,e-영업3
DBA7,지방시,e-영업3
DBA9,골든구스,e-영업3
DBAC,구찌,e-영업3
DBAE,헤레우,e-영업3
DBAF,에르노,e-영업3
DBAI,호카오네오네,e-영업3
DBAO,이세이미야케,e-영업3
DBAP,제이더블유앤더슨,e-영업3
DBAQ,자크뮈스,e-영업3
DBAR,질샌더,e-영업3
DBAS,지미추,e-영업3
DBAV,준야와타나베,e-영업3
DBAX,겐조,e-영업3
DBAY,케이트,e-영업3
DBAZ,수비,e-영업3
DBB2,르메르,e-영업3
DBB4,로에베,e-영업3
DBB6,로로피아나,e-영업3
DBB7,메종키츠네,e-영업3
DBB8,메종 마르지엘라,e-영업3
DBBG,마크제이콥스,e-영업3
DBBI,마린세르,e-영업3
DBBK,마르니,e-영업3
DBBO,엠씨큐,e-영업3
DBBQ,미우미우,e-영업3
DBBS,몰리 고다드,e-영업3
DBBT,몽클레르,e-영업3
DBBU,몽블랑,e-영업3
DBBY,무뉴,e-영업3
DBC2,니들스,e-영업3
DBC4,뉴발란스,e-영업3
DBC8,나이키,e-영업3
DBCD,오프화이트,e-영업3
DBCE,올레바 브라운,e-영업3
DBCF,아워 레가시,e-영업3
DBCI,폴스미스,e-영업3
DBCK,폴로 랄프로렌,e-영업3
DBCM,프라다,e-영업3
DBCQ,로렌 바이 랄프 로렌,e-영업3
DBCR,레드발렌티노,e-영업3
DBCU,로아,e-영업3
DBCW,로저비비에,e-영업3
DBD3,사카이,e-영업3
DBD4,생 로랑,e-영업3
DBD5,살로몬,e-영업3
DBD6,살바토레 페라가모,e-영업3
DBD8,씨 바이 끌로에,e-영업3
DBD9,셀프 포트레이트,e-영업3
DBDA,쉬림프,e-영업3
DBDB,시몬 로샤,e-영업3
DBDF,스타우드,e-영업3
DBDG,스텔라 매카트니,e-영업3
DBDH,스톤아일랜드,e-영업3
DBDL,스투시,e-영업3
DBDN,테클라,e-영업3
DBDO,마크제이콥스,e-영업3
DBDP,더로우,e-영업3
DBDR,톰브라운,e-영업3
DBDT,토즈,e-영업3
DBDV,톰포드,e-영업3
DBDX,토리버치,e-영업3
DBDY,토템,e-영업3
DBE1,발렌티노,e-영업3
DBE3,베자,e-영업3
DBE4,베르사체,e-영업3
DBE5,베트멍,e-영업3
DBE7,비비안웨스트우드,e-영업3
DBE8,웨일즈 보너,e-영업3
DBEB,와이쓰리,e-영업3
DBEC,와이엠씨,e-영업3
DBEF,기타브랜드,e-영업3
DBEI,라헨느,e-영업4
DBEK,올바이오,e-영업4
DBEM,에비에어,e-영업4
DBEO,보국,e-영업4
DBET,도루코,e-영업4
DBEU,에스틸로,e-영업4
DBEV,이츠웰,e-영업4
DBEW,이즈미,e-영업4
DBEY,킹폼,e-영업4
DBEZ,라미,e-영업4
DBF0,알부로얄포르테,e-영업4
DBF1,말랑이,e-영업4
DBF2,맥셀,e-영업4
DBF4,노비타,e-영업4
DBF6,오젠,e-영업4
DBF9,레벤호프,e-영업4
DBFA,스위스윈,e-영업4
DBFD,바즈,e-영업4
DBFE,경주생약,e-영업4
DBFF,김오곤,e-영업4
DBFG,손봉훈,e-영업4
DBFK,코오롱,e-영업4
DBFQ,아페쎄,e-영업3
DBG2,네스프레소,e-영업4
DBG3,소니,e-영업4
DBG8,아가명주,e-영업3
DBG9,나이키,e-영업4
DBGA,아디다스,e-영업4
DBGB,푸마,e-영업4
DBGC,뉴발란스,e-영업4
DBGD,반스,e-영업4
DBGE,컨버스,e-영업4
DBGF,라코스테,e-영업4
DBGG,프레드페리,e-영업4
DBGH,오니츠카타이거,e-영업4
DBGI,아식스,e-영업4
DBGK,크록스,e-영업4
DBGX,폴로 랄프로렌,e-영업3
DBHK,메이블린 뉴욕,e-영업4
DBHL,로레알 파리,e-영업4
DBHR,펜디,e-영업3
DBHS,아디다스,e-영업3
DBHT,발리,e-영업3
DBHV,보스,e-영업3
DBHX,제냐,e-영업3
DBHY,살바토레 페라가모,e-영업3
DBHZ,지미추,e-영업3
DBI0,마크제이콥스,e-영업3
DBI2,올리버피플스,e-영업3
DBI3,폴리스,e-영업3
DBI4,스미스,e-영업3
DBI6,던힐,e-영업3
DBI7,겐조,e-영업3
DBI8,리바이스,e-영업3
DBI9,랑방,e-영업3
DBIA,생 로랑,e-영업3
DBIE,테스트,e-영업3
DBIF,테스트,e-영업3
DBIG,테스트1,e-영업4
DBIH,테스트2,e-영업3
DBII,테스트3,e-영업4
DBJ8,나르시소,e-영업4
DBJ9,잇터,e-영업3
DBJA,스파워트,e-영업3
DBJG,닥터케어,e-영업4
DBJJ,르미아,e-영업3
DBJK,무스너클,e-영업3
DBJM,어그,e-영업3
DBJP,디오스피스,e-영업3
DBJT,랩코스,e-영업4
DBJU,비에메종,e-영업4
DBJZ,에리즈,e-영업3
DBL1,유니버셜 웍스,e-영업3
DBL3,기타,e-영업3
DBL6,펜디,e-영업3
DBL7,빅터 앤 롤프,e-영업3
DBLB,제스파,e-영업4
DBLC,나오테크,e-영업4
DBLD,코지마,e-영업4
DBP1,베른,e-영업4
DBP7,솔티,e-영업3
DBPA,메종 마르지엘라,e-영업3
DBPB,버버리,e-영업3
DBPC,아페쎄,e-영업3
DBPD,메종키츠네,e-영업3
DBPE,르메르,e-영업3
DBPF,몽클레르,e-영업3
DBPG,톰브라운,e-영업3
DBPH,질샌더,e-영업3
DBPI,발렌티노,e-영업3
DBPK,마르니,e-영업3
DBPL,스톤아일랜드,e-영업3
DBPM,아미,e-영업3
DBPO,슈하이,e-영업3
DBPU,뉴발란스,e-영업4
DBPV,크록스,e-영업3
DBPW,몬스터지,e-영업4
DBQ0,옵티멈뉴트리션,e-영업4
DBQ1,비에스엔,e-영업4
DBQ4,장수돌침대,e-영업4
DBQ5,미리,e-영업4
DBQ7,아웃엑소,e-영업3
DBQ8,로만손,e-영업3
DBQ9,데이워크,e-영업3
DBQA,삶은것처럼,e-영업4
DBQB,선덜랜드,e-영업4
DBQC,세인트나인,e-영업4
DBQE,비오비,e-영업4
DBQI,아다바트화이트,e-영업4
DBQL,아디다스,e-영업4
DBQM,인셀덤,e-영업4
DBQO,요넥스,e-영업3
DBQP,스펙스몬타나,e-영업3
DBQQ,매너앤대퍼,e-영업3
DBQR,매너앤대퍼,e-영업3
DBQT,테라픽,e-영업4
DBQV,파타고니아,e-영업3
DBQW,보타랩,e-영업4
DBQZ,건지울른스,e-영업3
DBR5,벤 데이비스,e-영업3
DBR7,샤카웨어,e-영업3
DBR9,수페르가,e-영업3
DBRA,슈프림,e-영업3
DBRE,아디다스,e-영업3
DBRK,이벳필드,e-영업3
DBRL,챔피온,e-영업3
DBRM,칼하트,e-영업3
DBRO,타미 힐피거,e-영업3
DBRT,파타고니아,e-영업3
DBRU,폴로 랄프로렌,e-영업3
DBRV,푸마,e-영업3
DBS0,47브랜드,e-영업3
DBS2,나이키,e-영업3
DBS6,르세지엠,e-영업3
DBS8,벤시몽,e-영업3
DBSA,제이비엘,e-영업4
DBSB,인피니티,e-영업4
DBSG,보테가 베네타,e-영업3
DBSH,생 로랑,e-영업3
DBSI,구찌,e-영업3
DBSJ,셀린느,e-영업3
DBSK,메종 마르지엘라,e-영업3
DBSL,파라점퍼스,e-영업3
DBSN,하만카돈,e-영업4
DBSU,블루필,e-영업4
DBSV,오블리크,e-영업4
DBSW,마이달리아,e-영업4
DBT0,반스,e-영업4
DBT1,엑셀시오르,e-영업4
DBT2,델릭,e-영업4
DBT3,프라그라소피,e-영업4
DBT6,모모슈슈,e-영업3
DBTA,마크제이콥스,e-영업3
DBTC,질샌더,e-영업3
DBTD,유제피,e-영업3
DBTF,비엘오,e-영업4
DBTU,나이키,e-영업4
DBTV,나이키,e-영업4
DBTW,아디다스,e-영업4
DBTX,아디다스,e-영업4
DBTY,뉴발란스,e-영업4
DBTZ,뉴발란스,e-영업4
DBU1,컨버스,e-영업4
DBU2,팀버랜드,e-영업4
DBU4,온러닝,e-영업4
DBU5,온러닝,e-영업4
DBU8,비에프엘,e-영업3
DBUB,파인캐디,e-영업4
DBUF,닥터라이프,e-영업4
DBUL,실버크레스트,e-영업4
DBUN,아이키,e-영업4
DBUO,올리,e-영업4
DBUQ,치고야,e-영업4
DBUU,홈비즈,e-영업4
DBUV,로벤조,e-영업4
DBUX,블랙스톤,e-영업4
DBUY,엠클라운,e-영업4
DBUZ,유로파크,e-영업4
DBV0,에어워크,e-영업3
DBV3,콜스킨,e-영업3
DBV5,생 로랑,e-영업3
DBV6,스톤아일랜드,e-영업3
DBV9,보테가 베네타,e-영업3
DBVA,프라다,e-영업3
DBVB,골든구스,e-영업3
DBVC,커먼프로잭트,e-영업3
DBVS,톰포드,e-영업4
DBVT,장아떼,e-영업4
DBVV,달팡,e-영업4
DBVW,크리니크,e-영업4
DBVX,비오템,e-영업4
DBVZ,올가니카,e-영업4
DBW2,이엔키 이엔키,e-영업3
DBW5,바디스핀,e-영업4
DBW6,에스세븐일루부,e-영업3
DBW9,노운,e-영업3
DBWA,코드그린,e-영업3
DBWD,유이크,e-영업4
DBWY,살바토레 페라가모,e-영업3
DBWZ,무스너클,e-영업3
DBX1,룩픽스,e-영업4
DBX3,오트리,e-영업3
DBX4,에스트라,e-영업4
DBX5,프롬초이스,e-영업3
DBXK,까스텔바작,e-영업4
DBXL,시우아트,e-영업4
DBXM,트웸코,e-영업4
DBXN,까스텔바작,e-영업4
DBXS,이노르노,e-영업4
DBXT,캡슐쏙쏙,e-영업4
DBXZ,언더아머,e-영업4
DBY2,타미힐피거,e-영업3
DBY8,푸마,e-영업4
DBYH,호카오네오네,e-영업3
DBYI,퍼스트랩,e-영업4
DBYN,알파카,e-영업4
DBYO,알프레도휘마스,e-영업4
DBYP,산수유,e-영업4
DBYQ,쥬리아,e-영업4
DBYR,루나리스,e-영업4
DBYU,로그네이처,e-영업4
DBYX,어썸비,e-영업3
DBYY,초록향기,e-영업4
DBZ1,홀마크,e-영업4
DBZ4,렉스한,e-영업4
DBZ5,탑스힐,e-영업4
DBZ9,니어핀,e-영업4
DBZB,지엘리,e-영업4
DBZC,맘스보드,e-영업3
DBZD,아마디,e-영업3
DBZE,씨케이디,e-영업4
DBZF,아미노 비오틴,e-영업4
DBZG,아쿠아 블렌디드,e-영업4
DBZH,락토덤,e-영업4
DBZI,닥터락토,e-영업4
DBZJ,포블랑시,e-영업4
DBZN,끌로에,e-영업3
DBZP,멀버리,e-영업3
DBZQ,발리,e-영업3
DBZR,벨스타프,e-영업3
DBZS,셀린느,e-영업3
DBZT,파쉬,e-영업3
DBZU,레이밴,e-영업3
DBZX,에넬카,e-영업4
DBZZ,크로슬리,e-영업4
DC,닥스,e-영업1
DC0A,델리아트,e-영업4
DC0B,자이언트펭,e-영업4
DC0E,미스터펑,e-영업4
DC0N,윌리엄스버그 뉴욕시티,e-영업3
DC0R,꼼데가르송,e-영업3
DC0S,구찌,e-영업3
DC0T,끌로에,e-영업3
DC0W,르메르,e-영업3
DC0X,메종 마르지엘라,e-영업3
DC0Z,메종키츠네,e-영업3
DC1A,무스너클,e-영업3
DC1B,몽클레르,e-영업3
DC1E,부테로,e-영업3
DC1H,셀린느,e-영업3
DC1I,스톤아일랜드,e-영업3
DC1J,아미,e-영업3
DC1K,아크네,e-영업3
DC1L,아페쎄,e-영업3
DC1M,오트리,e-영업3
DC1Q,파타고니아,e-영업3
DC1R,살바토레 페라가모,e-영업3
DC1S,프라다,e-영업3
DC1T,톰브라운,e-영업3
DC1X,로베르타피에리,e-영업3
DC1Y,라코스테,e-영업3
DC1Z,에버셀,e-영업4
DC20,안나수이 쥬얼리,e-영업3
DC23,비에스래빗,e-영업3
DC25,리브코이,e-영업4
DC29,카카오프렌즈,e-영업4
DC2B,유시몰,e-영업4
DC2D,디올,e-영업3
DC2E,비판톨,e-영업4
DC2I,버버리,e-영업3
DC2J,에스피피씨,e-영업4
DC2Q,퀸나,e-영업4
DC2T,메종키츠네,e-영업3
DC2Y,리벨,e-영업4
DC2Z,보뚜,e-영업4
DC39,아이클레보,e-영업4
DC3H,루이비통,e-영업3
DC3J,구찌,e-영업3
DC3K,프라다,e-영업3
DC3P,보테가 베네타,e-영업3
DC3Q,셀린느,e-영업3
DC3R,발리,e-영업3
DC3S,지방시,e-영업3
DC3T,끌로에,e-영업3
DC3V,발렌시아가,e-영업3
DC3W,살바토레 페라가모,e-영업3
DC3Y,멀버리,e-영업3
DC3Z,몽블랑,e-영업3
DC4C,기타브랜드,e-영업3
DC4G,엘레쎄,e-영업4
DC4I,커스텀에이드 리퍼블릭,e-영업3
DC4J,클레용,e-영업3
DC4K,커스텀에이드,e-영업3
DC4L,이엠케이,e-영업4
DC4P,닥터카본,e-영업4
DC4R,데이니즈,e-영업4
DC4T,파르페,e-영업4
DC5A,스튜디오 니콜슨,e-영업3
DC5B,구찌,e-영업3
DC5C,프라다,e-영업3
DC5D,살바토레 페라가모,e-영업3
DC5E,지방시,e-영업3
DC5F,골든구스,e-영업3
DC5G,몽클레르,e-영업3
DC5H,토즈,e-영업3
DC5J,아르마니,e-영업3
DC5L,알렉산더 맥퀸,e-영업3
DC5M,토리버치,e-영업3
DC5N,무스너클,e-영업3
DC5O,발리,e-영업3
DC5Q,베르사체,e-영업3
DC5T,생 로랑,e-영업3
DC5V,보테가 베네타,e-영업3
DC5Y,아쉬,e-영업3
DC60,메디힐,e-영업4
DC67,팜프링,e-영업4
DC6C,더보엠,e-영업3
DC6F,캘빈클라인,e-영업3
DC6G,아스토니쉬,e-영업4
DC6H,비젼,e-영업4
DC6N,메종 키츠네,e-영업3
DC6U,세르주르텐,e-영업4
DC6V,다담아이엔씨,e-영업4
DC7K,아페쎄,e-영업3
DC7N,바라,e-영업4
DC7Q,레이첼콕스 프리미엄 라벨,e-영업3
DC7R,메리노,e-영업4
DC7T,라메르,e-영업4
DC7U,달팡,e-영업4
DC7V,크리니크,e-영업4
DC7X,드제코,e-영업3
DC82,키스포,e-영업3
DC84,닥터에이지,e-영업4
DC86,메종 마르지엘라,e-영업3
DC8B,발리,e-영업3
DC8D,바두기,e-영업4
DC8L,스톤아일랜드,e-영업3
DC8M,발망,e-영업3
DC8N,브루넬로쿠치넬리,e-영업3
DC8P,루디프로젝트,e-영업3
DC8U,로즈몽,e-영업3
DC8X,순토,e-영업3
DC8Z,세이코,e-영업3
DC98,오프화이트,e-영업3
DC9A,루미녹스,e-영업3
DC9C,지샥,e-영업3
DCBS,어그,e-영업3
DCBU,미로,e-영업4
DCBV,피코,e-영업4
DCBZ,블랙클로버,e-영업4
DCC0,삼성전자,e-영업4
DCC1,마니칼데,e-영업3
DCC2,끌레드벨,e-영업4
DCC3,가의원,e-영업4
DCC4,삼성전자,e-영업4
DCC9,버버리,e-영업3
DCCB,나이키,e-영업3
DCCE,질샌더,e-영업3
DCCF,이세이미야케,e-영업3
DCCK,스케쳐스,e-영업4
DCCM,링서울,e-영업3
DCCP,겐조,e-영업3
DCCQ,몽클레르,e-영업3
DCCR,몽클레르,e-영업3
DCCX,켈티,e-영업4
DCCY,삼성전자,e-영업4
DCD2,루이비통,e-영업3
DCD5,구찌,e-영업3
DCD7,프라다,e-영업3
DCDA,라비엘,e-영업4
DCDC,골든매치스,e-영업4
DCDG,씨씨클럽,e-영업3
DCDO,펜디,e-영업3
DCDR,기타브랜드,e-영업3
DCDS,엣플레이,e-영업3
DCDW,이거머꼬,e-영업4
DCDX,푸디트,e-영업4
DCDY,티트리트,e-영업4
DCE1,이노페이스,e-영업4
DCE2,리치파머스,e-영업4
DCE3,이브로쉐,e-영업4
DCE4,카스마라,e-영업4
DCE5,트릴로지,e-영업4
DCE7,무스텔라,e-영업4
DCE9,팬톤삭스,e-영업3
DCEA,모어댄에잇,e-영업4
DCED,스톤아일랜드,e-영업3
DCEE,에어메이드,e-영업4
DCEF,블루마인드,e-영업4
DCEH,보다나,e-영업4
DCEM,코카콜라,e-영업3
DCEO,에스피엔케이,e-영업3
DCEQ,마틸라,e-영업3
DCER,메종 마르지엘라,e-영업4
DCES,휠라,e-영업3
DCET,휠라,e-영업3
DCEU,드제코,e-영업3
DCEZ,힐크릭,e-영업3
DCFK,플릭,e-영업4
DCFM,수부,e-영업3
DCFU,나이키,e-영업3
DCGF,바나나 리퍼블릭,e-영업3
DCH0,빅토리아 시크릿,e-영업3
DCH8,기타브랜드,e-영업3
DCHP,갭,e-영업3
DCI4,언더아머,e-영업3
DCJ6,자라,e-영업3
DCLB,반스,e-영업3
DCLV,라코스테,e-영업3
DCM0,뉴발란스,e-영업3
DCM8,발렉스트라,e-영업3
DCMD,헤드스파7,e-영업4
DCME,2080,e-영업4
DCMM,샤워메이트,e-영업4
DCMN,스니키,e-영업4
DCMR,케라시스,e-영업4
DCMS,플랑,e-영업3
DCMZ,프라이노크,e-영업3
DCN3,데비웨어,e-영업4
DCN4,스포틀러,e-영업4
DCN5,아디다스 피트니스,e-영업4
DCNG,메종 마르지엘라,e-영업3
DCNI,오프화이트,e-영업3
DCNJ,아워 레가시,e-영업3
DCNK,프라다,e-영업3
DCNN,톰브라운,e-영업3
DCNR,시피컴퍼니,e-영업3
DCNS,까소,e-영업4
DCOK,구찌,e-영업3
DCOM,아크네 스튜디오,e-영업3
DCOO,아미,e-영업3
DCOR,보테가베네타,e-영업3
DCOS,버버리,e-영업3
DCOT,캐나다구스,e-영업3
DCOU,끌로에,e-영업3
DCOY,가니,e-영업3
DCP1,질샌더,e-영업3
DCP3,로로피아나,e-영업3
DCP4,메종키츠네,e-영업3
DCP6,마린세르,e-영업3
DCP8,몽클레어,e-영업3
DCPC,파라점퍼스,e-영업3
DCPD,프라다,e-영업3
DCPF,스톤아일랜드,e-영업3
DCPG,톰브라운,e-영업3
DCPK,생 로랑,e-영업3
DCQC,보테가 베네타,e-영업3
DCQJ,버버리,e-영업3
DCQK,불가리,e-영업3
DCR1,코치,e-영업3
DCRC,도나카란,e-영업3
DCRJ,에트로,e-영업3
DCRW,고야드,e-영업3
DCRX,구찌,e-영업3
DCRY,해밀턴,e-영업3
DCSG,지미추,e-영업3
DCSQ,루이비통,e-영업3
DCSR,루이까또즈,e-영업3
DCTM,오메가,e-영업3
DCTO,판도라,e-영업3
DCUL,태그호이어,e-영업3
DCUS,타임,e-영업3
DCUT,티쏘,e-영업3
DCUW,토리버치,e-영업3
DCV2,반클리프 아펠,e-영업3
DCV9,생 로랑,e-영업3
DCVJ,아웃팅,e-영업4
DCVK,홍트리,e-영업4
DCVM,매드포코스,e-영업4
DCVP,유리드,e-영업4
DCVQ,튜맨,e-영업4
DCVR,튜맨티탄,e-영업4
DCVS,뉴발란스,e-영업3
DCVV,골든구스,e-영업3
DCVW,구찌,e-영업3
DCW6,디케이엔와이,e-영업3
DCWC,르메르,e-영업3
DCWM,메종키츠네,e-영업3
DCWN,몽끌레어,e-영업3
DCWS,바오바오,e-영업3
DCWU,발렌티노,e-영업3
DCWW,버버리,e-영업3
DCWY,보테가 베네타,e-영업3
DCWZ,비비안 웨스트우드,e-영업3
DCX7,스톤 아일랜드,e-영업3
DCXD,아미,e-영업3
DCXG,안나 수이,e-영업3
DCXJ,알렉산더 맥퀸,e-영업3
DCXN,에르메스,e-영업3
DCXU,쟈딕앤볼테르,e-영업3
DCY5,토리버치,e-영업3
DCY7,톰브라운,e-영업3
DCY9,파타고니아,e-영업3
DCYB,살바토레 페라가모,e-영업3
DCYH,디,e-영업3
DCYI,사운드룩,e-영업4
DCYJ,앤하프,e-영업3
DCYM,아크네스튜디오,e-영업3
DCYN,조성아뷰티,e-영업4
DCYS,듀베티카,e-영업3
DCYT,팜앤코,e-영업4
DCYV,엠사,e-영업4
DCYW,로얄우스터,e-영업4
DCYY,케리제이드,e-영업3
DCYZ,베티아노,e-영업3
DCZ0,오알,e-영업3
DCZ1,이피티,e-영업3
DCZ2,비달사순,e-영업4
DCZ3,스패로우,e-영업4
DCZ6,아크테릭스,e-영업4
DCZA,피지에이투어,e-영업4
DCZB,엘피지에이,e-영업4
DCZC,바세린,e-영업4
DCZF,포켓베드,e-영업4
DCZJ,쉬크,e-영업4
DCZK,삼성전자,e-영업4
DCZL,포레스트스토리,e-영업4
DCZM,켈티,e-영업4
DCZO,플랜잇,e-영업4
DCZP,타미힐피거,e-영업3
DCZQ,휠라,e-영업4
DCZR,휠라,e-영업3
DCZU,타미힐피거,e-영업3
DCZW,휠라,e-영업4
DCZX,휠라,e-영업4
DD08,비뮈에트,e-영업3
DD0E,마린세르,e-영업3
DD0G,양키캔들,e-영업4
DD0H,메인앤테일,e-영업4
DD0I,킹캠프,e-영업4
DD0J,씨제이이엔엠,e-영업4
DD13,로젠탈,e-영업4
DD15,코우코우,e-영업3
DD1E,캘빈클라인,e-영업4
DD1G,발렌시아가,e-영업3
DD1H,스톤아일랜드,e-영업3
DD1I,톰브라운,e-영업3
DD1K,피엘라벤,e-영업3
DD1N,제이린드버그,e-영업3
DD1P,마카리조,e-영업4
DD1T,텐바이텐,e-영업3
DD1W,루시크루,e-영업3
DD1Y,루이비통,e-영업3
DD2H,나이키,e-영업3
DD2N,아워아더스,e-영업3
DD2O,레이지선데이,e-영업3
DD2Q,구찌,e-영업3
DD2R,샤넬,e-영업3
DD2S,에르메스,e-영업3
DD2T,루이비통,e-영업3
DD2U,비비안웨스트우드,e-영업3
DD2V,살바토레 페라가모,e-영업3
DD2W,버버리,e-영업3
DD2X,펜디,e-영업3
DD3A,까르띠에,e-영업3
DD3B,셀린느,e-영업3
DD3D,지방시,e-영업3
DD3E,미우미우,e-영업3
DD3F,프라다,e-영업3
DD3K,발렌시아가,e-영업3
DD3M,끌로에,e-영업3
DD4F,요지야마모토,e-영업3
DD4G,기타,e-영업3
DD4H,아로마폴리스,e-영업4
DD4M,에르메스,e-영업3
DD4N,루이비통,e-영업3
DD4O,샤넬,e-영업3
DD4Q,구찌,e-영업3
DD4R,까르띠에,e-영업3
DD4V,디올,e-영업3
DD5A,몽블랑,e-영업3
DD5G,발렌티노,e-영업3
DD5J,버버리,e-영업3
DD5Q,생로랑,e-영업3
DD5Z,오메가,e-영업3
DD69,칼라거펠트,e-영업3
DD6B,제니스,e-영업3
DD6K,티파니,e-영업3
DD6P,펜디,e-영업3
DD6Q,프라다,e-영업3
DD6U,기타,e-영업3
DD6V,엠디지티,e-영업3
DD70,블랙몬스터,e-영업4
DD71,닥터원더,e-영업4
DD73,올즙 건강즙,e-영업4
DD7D,오트리,e-영업3
DD7E,자크뮈스,e-영업3
DD7F,써네이,e-영업3
DD7H,알두카 다오스카 1902,e-영업3
DD80,에피그램,e-영업3
DD9E,우유에 빠지다,e-영업4
DD9I,바스칼,e-영업4
DDJE,아레나,e-영업4
DDJF,에이엠지티타늄,e-영업4
DDJG,스탠드 스튜디오,e-영업3
DDJH,짐머만,e-영업3
DDJI,헤일리가구,e-영업4
DDJK,지라프,e-영업4
DDJM,질경이,e-영업4
DDJR,리얼라엘,e-영업4
DDKC,써네이,e-영업3
DDKE,브리오니,e-영업3
DDKG,피어오브갓,e-영업3
DDKH,톰포드,e-영업3
DDKI,스탠드 스튜디오,e-영업3
DDKJ,키톤,e-영업3
DDKK,스투시,e-영업3
DDKL,끌로에,e-영업3
DDKM,아페쎄,e-영업3
DDKN,비비안 웨스트우드,e-영업3
DDKP,아워레가시,e-영업3
DDKQ,하스,e-영업3
DDKR,알렉스,e-영업3
DDKS,구찌,e-영업3
DDKV,내츄럴퓨어,e-영업4
DDKY,디젤,e-영업3
DDKZ,DKNY,e-영업3
DDL0,루미녹스,e-영업3
DDL1,마이클코어스,e-영업3
DDL2,마크제이콥스,e-영업3
DDL4,세이코,e-영업3
DDL5,세이코5,e-영업3
DDL6,세이코알바,e-영업3
DDL7,시티즌,e-영업3
DDLA,타이맥스,e-영업3
DDLB,파슬,e-영업3
DDLC,아르마니,e-영업3
DDLF,지샥,e-영업3
DDLG,카시오,e-영업3
DDLH,포체,e-영업3
DDLI,티쏘,e-영업3
DDLJ,가이거,e-영업3
DDLL,발렌티노루디,e-영업3
DDLN,비비안웨스트우드,e-영업3
DDLS,순토,e-영업3
DDLT,CALVINKLEIN,e-영업3
DDLU,해밀턴,e-영업3
DDLY,칼하트,e-영업3
DDLZ,버버리,e-영업3
DDM3,폴스미스,e-영업3
DDM4,몽블랑,e-영업3
DDM5,프레드릭콘스탄트,e-영업3
DDM6,로즈몽,e-영업3
DDMC,오메가,e-영업3
DDMF,판도라,e-영업3
DDMJ,에테르노,e-영업3
DDML,몬데인,e-영업3
DDMM,론진,e-영업3
DDMY,오리스,e-영업3
DDN1,투미,e-영업3
DDN4,스와로브스키,e-영업3
DDN5,오바쿠,e-영업3
DDN9,살바토레 페라가모,e-영업3
DDNA,울프1834,e-영업3
DDNB,라코스테,e-영업3
DDND,미사키,e-영업3
DDNE,폴브리알,e-영업3
DDNF,파쉬,e-영업3
DDNG,에르메스,e-영업3
DDNJ,지포,e-영업3
DDNK,에스.티. 듀퐁,e-영업3
DDNO,프라다,e-영업3
DDNP,타이틀리스트,e-영업3
DDNQ,라미,e-영업3
DDNR,스카겐,e-영업3
DDNT,클로이,e-영업3
DDNV,바오바오,e-영업3
DDNW,골든구스,e-영업3
DDNY,필슨,e-영업3
DDO1,키플링,e-영업3
DDO2,자코모발렌티니,e-영업3
DDO3,클라레오,e-영업3
DDO4,캉골,e-영업3
DDO5,스와치,e-영업3
DDOC,티파니 앤코,e-영업3
DDOE,보테가베네타,e-영업3
DDOF,돌핀,e-영업3
DDOG,오리엔트,e-영업3
DDOI,톰브라운,e-영업3
DDOJ,지방시,e-영업3
DDOK,코치,e-영업3
DDOL,타미힐피거,e-영업3
DDOR,겐조,e-영업3
DDOT,펜디,e-영업3
DDOV,마르니,e-영업3
DDOW,커먼프로젝트,e-영업3
DDOX,생로랑,e-영업3
DDOY,알렉산더맥퀸,e-영업3
DDOZ,구찌,e-영업3
DDP2,아페쎄,e-영업3
DDP3,스톤아일랜드,e-영업3
DDP4,아미,e-영업3
DDP5,메종키츠네,e-영업3
DDP6,롱샴,e-영업3
DDP7,발렌시아가,e-영업3
DDP8,토리버치,e-영업3
DDP9,팩세이프,e-영업3
DDPA,벨루티,e-영업3
DDPD,르네모리스,e-영업3
DDPE,발렌티노,e-영업3
DDPG,브라운,e-영업3
DDPJ,메종마르지엘라,e-영업3
DDPM,꼼데가르송,e-영업3
DDPO,솔트워터,e-영업3
DDPP,엘엘빈,e-영업3
DDPQ,엠에스지엠,e-영업3
DDPR,로로피아나,e-영업3
DDPS,디원밀라노,e-영업3
DDPT,쇼핑백,e-영업3
DDPV,부테로,e-영업3
DDPX,카웨코,e-영업3
DDPZ,멀버리,e-영업3
DDQ0,톰포드,e-영업3
DDQ2,라도,e-영업3
DDQ4,발리,e-영업3
DDQ8,컨버스,e-영업3
DDQ9,플릭플락,e-영업3
DDQC,제이린드버그,e-영업3
DDQE,무스너클,e-영업3
DDQK,크레모아,e-영업4
DDQL,마요하,e-영업4
DDQN,아페쎄,e-영업3
DDQQ,알렉산더 왕,e-영업3
DDQR,아미,e-영업3
DDQU,발리,e-영업3
DDQV,보테가 베네타,e-영업3
DDQW,버버리,e-영업3
DDR2,꼼데가르송,e-영업3
DDR3,시피 컴퍼니,e-영업3
DDR6,살바토레 페라가모,e-영업3
DDR8,지방시,e-영업3
DDR9,골든구스,e-영업3
DDRC,에르노,e-영업3
DDRD,겐조,e-영업3
DDRE,메종 키츠네,e-영업3
DDRF,메종 마르지엘라,e-영업3
DDRJ,무스너클,e-영업3
DDRO,폴스미스,e-영업3
DDRS,프라다,e-영업3
DDRW,톰브라운,e-영업3
DDRX,토즈,e-영업3
DDRY,토리버치,e-영업3
DDRZ,발렌티노,e-영업3
DDS0,베르사체,e-영업3
DDS4,입생로랑,e-영업3
DDSC,블루닷,e-영업4
DDSD,마르마르디,e-영업4
DDSF,더쿠션,e-영업4
DDSG,어그,e-영업3
DDSH,마크제이콥스,e-영업3
DDSI,델보,e-영업3
DDSJ,톰브라운,e-영업3
DDSL,위윌,e-영업3
DDSV,길텐,e-영업4
DDSW,휴테크,e-영업4
DDSZ,귀뚜라미,e-영업4
DDT0,클럭,e-영업4
DDT3,나오테크,e-영업4
DDT4,피큐알,e-영업4
DDT5,프린세스,e-영업4
DDT7,스마트와,e-영업4
DDT8,스팔라,e-영업4
DDTA,유비세이프,e-영업4
DDTD,제스파,e-영업4
DDTJ,피아트,e-영업4
DDTK,휘슬러,e-영업4
DDTL,헹켈,e-영업4
DDTM,쟈니마르켈,e-영업4
DDTO,펄세스,e-영업4
DDTP,리조,e-영업4
DDTQ,사파 쿠체,e-영업4
DDTR,비전,e-영업4
DDTS,구포국수,e-영업4
DDTT,에스더포뮬러,e-영업4
DDU8,화이트볼,e-영업4
DDUE,스팀보이,e-영업4
DDUF,에어워셔,e-영업4
DDUI,발렌시아가,e-영업3
DDUK,버버리,e-영업3
DDUN,끌로에,e-영업3
DDUO,에트로,e-영업3
DDUP,펜디,e-영업3
DDUQ,살바토레 페라가모,e-영업3
DDUS,구찌,e-영업3
DDUT,롱샴,e-영업3
DDUU,메종마르지엘라,e-영업3
DDUW,미우미우,e-영업3
DDUX,몽블랑,e-영업3
DDUY,멀버리,e-영업3
DDV0,프라다,e-영업3
DDV1,생로랑,e-영업3
DDV5,토리버치,e-영업3
DDV8,마리떼프랑소와저버,e-영업3
DDW4,노바리빙,e-영업4
DDW5,트레텐,e-영업3
DDW6,톰슨,e-영업4
DDW9,에르메스,e-영업3
DDWA,샤넬,e-영업3
DDWD,까르띠에,e-영업3
DDWH,루이비통,e-영업3
DDWI,로저비비에,e-영업3
DDWK,고야드,e-영업3
DDWM,롤렉스,e-영업3
DDWQ,피아제,e-영업3
DDWT,기타,e-영업3
DDWW,이지드롭,e-영업4
DDX0,삼성전자,e-영업4
DDXA,오페로,e-영업4
DDXU,티아이디 와치스,e-영업3
DDXZ,그라비씬,e-영업3
DDYK,비티이십일,e-영업4
DDYL,스누피,e-영업4
DDYM,오센틱드레싱,e-영업3
DDZ0,헬렌카민스키,e-영업3
DDZ3,무스너클,e-영업3
DDZ6,포인터 웍스,e-영업3
DDZ8,아페쎄,e-영업3
DDZB,아크네,e-영업3
DDZF,꼼데가르송,e-영업3
DDZH,프라다,e-영업3
DDZL,폴로 랄프로렌,e-영업3
DDZM,스투시,e-영업3
DDZQ,메종마르지엘라,e-영업3
DDZR,피어오브갓,e-영업3
DE02,보연,e-영업3
DE0D,무스너클,e-영업3
DE0E,베트멍,e-영업3
DE0F,CP컴퍼니,e-영업3
DE0G,릭오웬스,e-영업3
DE0P,세인트제임스,e-영업3
DE0S,몽클레어,e-영업3
DE0T,어콜드월,e-영업3
DE0X,버버리,e-영업3
DE0Z,메종키츠네,e-영업3
DE1A,아미,e-영업3
DE1E,스톤 아일랜드,e-영업3
DE1I,비비안 웨스트우드,e-영업3
DE1K,제이리시안,e-영업3
DE1M,스톤아일랜드,e-영업3
DE1N,메종 키츠네,e-영업3
DE1P,몽클레어,e-영업3
DE1Q,프라다,e-영업3
DE1U,버버리,e-영업3
DE1V,골든구스,e-영업3
DE2B,폴스미스,e-영업3
DE2F,톰브라운,e-영업3
DE2H,보테가 베네타,e-영업3
DE2J,메종 마르지엘라,e-영업3
DE2K,시피 컴퍼니,e-영업3
DE2N,질샌더,e-영업3
DE2O,엑스트라오디너리,e-영업3
DE2Q,아디다스,e-영업3
DE2R,버뮤다그래스,e-영업4
DE2V,폴스미스,e-영업3
DE2X,토리버치,e-영업3
DE2Z,노스피크,e-영업4
DE30,즈톤,e-영업3
DE3A,레키,e-영업4
DE3E,코베아,e-영업4
DE3F,클라터뮤젠,e-영업4
DE3G,탑앤탑,e-영업4
DE3J,도플갱어,e-영업4
DE3M,에이엠지티타늄,e-영업4
DE3N,노르디스크,e-영업4
DE3O,노마드,e-영업4
DE3Q,듀랑고,e-영업4
DE3R,마운트리버,e-영업4
DE3S,말라코프스키,e-영업4
DE3U,몬테라,e-영업4
DE3V,미니멀웍스,e-영업4
DE49,플러그티,e-영업3
DE4C,소토,e-영업4
DE4E,스탠리,e-영업4
DE4F,알타이기어,e-영업4
DE4H,위너웰,e-영업4
DE4J,유니프레임,e-영업4
DE4N,지프,e-영업4
DE4V,텐트마크디자인,e-영업4
DE4X,트란지아,e-영업4
DE59,멜리니,e-영업3
DE5B,퓨어핸드,e-영업4
DE5D,헬리녹스,e-영업4
DE5F,힐맨,e-영업4
DE5H,기어팩,e-영업4
DE5J,보테가 베네타,e-영업3
DE5V,아미니,e-영업4
DE5Y,코베아,e-영업4
DE5Z,스노우라인,e-영업4
DE63,팁 토이 조이,e-영업3
DE64,보그스,e-영업3
DE65,휘마스크,e-영업4
DE66,아파트32 홈,e-영업4
DE67,브리니클,e-영업4
DE69,아파트32,e-영업4
DE6A,카즈미,e-영업4
DE6B,노마드,e-영업4
DE6C,탑앤탑,e-영업4
DE6D,레펙스,e-영업4
DE6E,고투,e-영업4
DE6F,툴콘,e-영업4
DE6G,커스커즈,e-영업4
DE6H,텐바이텐,e-영업3
DE6I,오스프리,e-영업4
DE6J,라스포르티바,e-영업4
DE6M,차코,e-영업4
DE6Q,알타이기어,e-영업4
DE6S,쿤타,e-영업4
DE6T,핫콤,e-영업4
DE6V,테크니카,e-영업4
DE6W,원티그리스,e-영업4
DE6X,불레부,e-영업3
DE6Y,세모레,e-영업4
DE76,아웃런,e-영업4
DE78,휠라,e-영업4
DE7I,캠프라인,e-영업4
DE7J,써미트,e-영업4
DE7Q,레트로핑거,e-영업3
DE7R,FREESPACE,e-영업4
DE7V,더블유엠에프,e-영업4
DE7W,플레이뎁,e-영업4
DE83,몰리올리,e-영업3
DE89,스케쳐스,e-영업3
DE8D,타미힐피거,e-영업3
DE8I,뎁,e-영업3
DE8J,콜라보토리,e-영업3
DE8K,골드모아,e-영업3
DE8L,온주얼,e-영업3
DE8N,콕스타,e-영업4
DE8O,가이타이너,e-영업4
DE8P,코첼라,e-영업4
DE8R,리치앤홈,e-영업4
DE8S,리본제이,e-영업4
DE8T,네스티킥,e-영업3
DE8V,마운틴로버,e-영업4
DE90,케이투,e-영업3
DE92,키튼브릿지,e-영업3
DE95,팬콧,e-영업3
DE96,팬콧,e-영업3
DE98,에이든,e-영업4
DE99,해피랜드,e-영업3
DE9B,발렌티노,e-영업3
DE9D,펜디,e-영업3
DE9E,크나이프,e-영업4
DE9F,지아자,e-영업4
DE9G,이스딘,e-영업4
DE9H,제이미브론즈,e-영업3
DE9J,일렉트로룩스,e-영업4
DE9O,생활백서,e-영업4
DE9S,바나코,e-영업4
DE9T,미하라야스히로,e-영업3
DE9U,올포유,e-영업3
DEAD,생활쉼표,e-영업4
DEAH,나이키,e-영업3
DEAI,아디다스,e-영업3
DEAK,휠라,e-영업3
DEAL,뉴발란스,e-영업3
DEAN,나이키,e-영업3
DEAO,아디다스,e-영업4
DEAP,뉴발란스,e-영업4
DEAQ,언더아머,e-영업4
DEAR,휠라,e-영업4
DEAS,데상트,e-영업4
DEAT,미즈노,e-영업4
DEAU,아식스,e-영업4
DEAW,라코스테,e-영업4
DEAY,윌슨,e-영업4
DF,더블플래그,e-영업1
DF00,압소바,e-영업3
DF01,엠유스포츠,e-영업4
DF02,스릭슨,e-영업4
DF03,겜맥,e-영업4
DF05,닌텐도,e-영업4
DF10,입생로랑,e-영업3
DF11,프라다,e-영업3
DF44,동서가구,e-영업4
DF46,엑스젤,e-영업4
DF47,러브넛,e-영업3
DF64,게스,e-영업3
DF66,울트라브이,e-영업4
DF68,타운젠트,e-영업3
DF70,밀크바오밥,e-영업4
DF73,더마라인,e-영업4
DF78,글라스락,e-영업4
DF79,베카,e-영업4
DF80,마라홈,e-영업4
DF81,서피니아,e-영업4
DF82,탠디,e-영업3
DF85,버버리,e-영업3
DF89,톰브라운,e-영업3
DFDQ,언파,e-영업4
DFDS,호카오네오네,e-영업3
DFDT,허스키,e-영업4
DFDV,박술녀,e-영업4
DFDW,퀼트앤,e-영업4
DFDX,꼬또네,e-영업4
DFDY,알러클린,e-영업4
DFDZ,동구밭,e-영업4
DFE0,제이린드버그,e-영업3
DFE1,파사바체,e-영업4
DFE2,분코,e-영업4
DFE3,도모,e-영업4
DFE9,프린세스,e-영업4
DFEB,브에노,e-영업4
DFEG,엘로엘,e-영업4
DFEJ,준지,e-영업3
DFEL,코치넬레,e-영업3
DFEN,랄프로렌,e-영업3
DFEO,어프레쉬,e-영업4
DFF0,스토조,e-영업4
DFOD,게스,e-영업3
DG,닥스,e-영업1
DG03,세스띠,e-영업3
DG08,헤이두드,e-영업3
DG09,미셸바이탠디,e-영업3
DG11,이브라인,e-영업4
DG15,다이노킹즈,e-영업3
DG18,두아니,e-영업3
DG19,트레몰로,e-영업3
DG20,브루노바피,e-영업3
DG21,인디안,e-영업3
DG25,반에이크,e-영업3
DG26,미센스,e-영업3
DG27,올리비아비,e-영업3
DG28,데일리스트,e-영업3
DG29,비비올리비아,e-영업3
DG30,올리비아로렌,e-영업3
DG31,오브이디와이,e-영업3
DG32,크리스크리스티,e-영업3
DG33,발렌티노 루디,e-영업3
DG34,크로노스,e-영업3
DG36,아남,e-영업4
DG42,코오롱스포츠,e-영업3
DG43,맥클린코스메틱,e-영업4
DG44,자이언트펭수,e-영업3
DG48,크리니크,e-영업4
DG49,마스터바니에디션,e-영업3
DG56,버미큘라,e-영업4
DG59,커플레인,e-영업3
DG60,파뷔에,e-영업4
DG79,한국도자기,e-영업4
DGLD,닥스런던,e-영업1
DGUB,프리바,e-영업4
DGUD,씨 바이 끌로에,e-영업3
DGUE,버버리,e-영업4
DGUF,캘빈클라인,e-영업4
DGUH,다비도프,e-영업4
DGUI,디올,e-영업4
DGUJ,페라리,e-영업4
DGUK,구찌,e-영업4
DGUL,에르메스,e-영업4
DGUM,드라반,e-영업3
DGUN,포레오,e-영업4
DGUO,제니퍼로페즈,e-영업4
DGUP,지미추,e-영업4
DGUQ,랑방,e-영업4
DGUT,마크제이콥스,e-영업4
DGUU,몽블랑,e-영업4
DGUV,베르사체,e-영업4
DGUX,입생로랑,e-영업4
DGUY,심플먼트,e-영업4
DGUZ,에스티로더,e-영업4
DGV0,불가리,e-영업4
DGV1,톰포드,e-영업4
DGV2,나르시소 로드리게즈,e-영업4
DGV3,돌체앤가바나,e-영업4
DGV4,딥디크,e-영업4
DGV5,크리드,e-영업4
DGV6,조말론,e-영업4
DGV7,안나수이,e-영업4
DGV9,애프터홈파티,e-영업3
DGVA,메종마르지엘라,e-영업4
DGVB,바이레도,e-영업4
DGVC,아틀리에 코롱,e-영업4
DGVD,아닉구딸,e-영업4
DGVE,메모,e-영업4
DGVF,클린,e-영업4
DGVG,조르지오 아르마니,e-영업4
DGVI,세르주루텐,e-영업4
DGVJ,아리아나그란데,e-영업4
DGVK,까사렐,e-영업4
DGVL,스킨푸드,e-영업4
DGVN,파코라반,e-영업4
DGVO,록시땅,e-영업4
DGVT,오트리,e-영업3
DH22,파타고니아,e-영업3
DH33,아이로드,e-영업4
DH35,다본다,e-영업4
DH43,라온아띠,e-영업3
DH44,실버스타,e-영업4
DH45,까사무띠,e-영업4
DH49,트윙고,e-영업4
DH52,루시드쿡,e-영업4
DH56,발망헤어,e-영업4
DH66,토니스콧,e-영업3
DH68,라이크리빙,e-영업4
DH70,엔아이아이,e-영업3
DH73,비케이스,e-영업4
DH74,파타고니아,e-영업3
DH80,모어,e-영업3
DH90,나이키,e-영업4
DH91,뉴발란스,e-영업4
DH92,부테로,e-영업3
DH93,벤시몽,e-영업3
DI08,데렉 램,e-영업4
DI09,폴로 랄프로렌,e-영업4
DI13,니얼지,e-영업4
DI26,조성아티엠,e-영업4
DI27,조성아뷰티,e-영업4
DI28,루이까또즈,e-영업3
DI2D,빅터앤롤프,e-영업4
DI2F,에코,e-영업4
DI2H,세서미프린츠,e-영업4
DI31,세인트스코트,e-영업3
DI33,발상,e-영업4
DI38,티르리르,e-영업3
DI43,비젼나이키,e-영업4
DI45,이지리빙,e-영업4
DI46,아이닉스,e-영업4
DI47,타미힐피거,e-영업3
DI48,코치,e-영업3
DI49,라코스테,e-영업3
DI50,나인웨스트,e-영업3
DI52,락포트,e-영업3
DI53,샘에델만,e-영업3
DI54,스티브매든,e-영업3
DI60,토리버치,e-영업3
DI62,앤클라인,e-영업3
DI64,돌체비타,e-영업3
DI67,파슬,e-영업3
DI68,에코,e-영업3
DI69,마이클코어스,e-영업3
DI6G,무스너클,e-영업3
DI6H,아이덴,e-영업4
DI6W,본투샤인,e-영업4
DI6X,뉴메이슨,e-영업4
DI6Y,바이아미,e-영업4
DI70,켈빈클라인,e-영업3
DI72,어그,e-영업3
DI73,캠퍼,e-영업3
DI74,알도,e-영업3
DI76,크록스,e-영업3
DI78,소렐,e-영업3
DI79,클락스,e-영업3
DI7S,UGG,e-영업3
DI7T,베자,e-영업3
DI81,닥터마틴,e-영업3
DI85,칼하트,e-영업3
DI86,캉골,e-영업3
DI87,폴로 랄프로렌,e-영업3
DI89,헌터,e-영업3
DI8A,노비스,e-영업3
DI8B,헌터,e-영업3
DI8C,위트맨,e-영업3
DI8D,툴리프,e-영업4
DI8E,제너럴 아이디어,e-영업3
DI8F,트루슬립,e-영업4
DI8G,몽쉐어,e-영업4
DI8H,따스한,e-영업4
DI8I,글라스락,e-영업4
DI8J,셰프토프,e-영업4
DI8K,테팔,e-영업4
DI8N,닥터벨타,e-영업4
DI8P,알엔엠에스,e-영업3
DI8S,꼼데가르송,e-영업3
DI8W,피어오브갓,e-영업3
DI91,록시,e-영업3
DI94,시티즌,e-영업3
DI96,티쏘,e-영업3
DI98,카시오,e-영업3
DI9Y,블랙야크,e-영업4
DIA0,써니메이,e-영업3
DIA8,로에베,e-영업4
DIA9,브라운,e-영업3
DIAA,플릭플락,e-영업3
DIAD,샤넬,e-영업3
DIAE,셀린느,e-영업3
DIAF,디올,e-영업3
DIAG,프라다,e-영업3
DIAI,구찌,e-영업3
DIAJ,생 로랑,e-영업3
DIAK,루이비통,e-영업3
DIAL,페라가모,e-영업3
DIAN,버버리,e-영업3
DIAO,기타,e-영업3
DIAR,페이스커넥션,e-영업3
DIAT,미우미우,e-영업3
DIAU,뉴에라,e-영업3
DIAV,컨버스,e-영업3
DIAW,코치,e-영업3
DIAX,아디다스,e-영업3
DIAY,기타 브랜드,e-영업3
DIAZ,코스,e-영업3
DIB0,스투시,e-영업3
DIB2,멜로우터치,e-영업4
DIB3,육수장인,e-영업4
DIB4,로얄알버트,e-영업4
DIB5,에스테,e-영업4
DIBG,넷소셜클럽,e-영업3
DIBN,소소느루,e-영업4
DIBO,니켄트,e-영업4
DIBR,안나 몰리나리,e-영업3
DIBT,오트리,e-영업3
DIC0,톰브라운,e-영업3
DIC1,디올,e-영업3
DIC3,샤플,e-영업4
DIC4,오닐웻슈트,e-영업4
DIC5,요닝,e-영업3
DIC6,헬렌카민스키,e-영업3
DIC8,더블쿼츠,e-영업3
DIC9,엘레나하임,e-영업4
DICG,나누슈카,e-영업3
DICK,헬렌카민스키,e-영업3
DICN,슈스토리,e-영업3
DICO,코튼클라우드,e-영업4
DICQ,아모레퍼시픽,e-영업4
DICR,가구의가치,e-영업4
DICT,스튜디오 다리,e-영업3
DICU,미니로디니,e-영업3
DICW,365메소드,e-영업4
DICX,에르메스,e-영업3
DICY,샤넬,e-영업3
DICZ,까르띠에,e-영업3
DID0,디올,e-영업3
DID1,반클리프 아펠,e-영업3
DID5,다미아니,e-영업3
DID9,롤렉스,e-영업3
DIDD,루이비통,e-영업3
DIDE,펜디,e-영업3
DIDG,버버리,e-영업3
DIDH,로로피아나,e-영업3
DIDN,프라다,e-영업3
DIDQ,바나날,e-영업4
DIDR,라코스테,e-영업3
DIDT,디알해리스,e-영업4
DIDV,캉골,e-영업3
DIDX,더베르,e-영업4
DIDY,끌로에,e-영업3
DIDZ,캐나다구스,e-영업3
DIE0,MARINECOS,e-영업4
DIE1,랑벨,e-영업4
DIE3,나이젤카본,e-영업3
DIE4,이세이미야케,e-영업3
DIEA,포레스트에덴,e-영업4
DIEC,제이비엘,e-영업4
DIED,파로마,e-영업4
DIEE,아이앤,e-영업4
DIEH,자크뮈스,e-영업3
DIEJ,헬렌카민스키,e-영업3
DIEK,오트리,e-영업3
DIEL,질샌더,e-영업3
DIER,퓨리라이프,e-영업4
DIF3,사강,e-영업3
DIF5,셀큐어,e-영업4
DIFF,던롭,e-영업4
DIFG,테일러메이드,e-영업4
DIFH,핑,e-영업4
DIFI,피알지알,e-영업4
DIFK,마제스티,e-영업4
DIFL,미즈노,e-영업4
DIFM,야마하,e-영업4
DIFN,지브이투어,e-영업4
DIFO,코브라,e-영업4
DIFP,포틴,e-영업4
DIFQ,밀라숀,e-영업4
DIFR,더메이크,e-영업4
DIFS,혼마,e-영업4
DIFT,스릭슨,e-영업4
DIFU,요넥스,e-영업4
DIFV,버크,e-영업4
DIFW,브릿지스톤,e-영업4
DIFY,보타니티,e-영업4
DIG1,드래곤 디퓨전,e-영업3
DIG2,아이케어,e-영업4
DIG6,블레스,e-영업4
DIG7,캠브리지 멤버스,e-영업3
DIG8,피터젠슨,e-영업4
DIGB,훼르자,e-영업4
DIGN,[테스트] 버디,e-영업3
DIGS,민트스푼,e-영업4
DIHC,아틀리에코롱,e-영업4
DIHD,에코,e-영업3
DIHH,뷰,e-영업3
DIHJ,뷰,e-영업3
DIHK,씨앤피 알엑스,e-영업4
DIHL,카이,e-영업4
DIHN,중외제약,e-영업4
DIHO,란체티,e-영업3
DIHP,가온애,e-영업4
DIHX,애명작,e-영업4
DIHY,영괄굴비,e-영업4
DIHZ,블랙라벨,e-영업4
DII0,횡성한우,e-영업4
DII1,리빙하우스,e-영업4
DII8,토템,e-영업3
DII9,로마,e-영업4
DIIL,올리,e-영업4
DIIM,스완,e-영업4
DIIO,아페쎄,e-영업3
DIIP,아크네 스튜디오,e-영업3
DIIS,아미,e-영업3
DIIV,버버리,e-영업3
DIJ1,피어오브갓,e-영업3
DIJ3,가니,e-영업3
DIJ4,구찌,e-영업3
DIJ8,쟈크뮈스,e-영업3
DIJ9,릭오웬스,e-영업3
DIJF,생로랑,e-영업3
DIJI,살로몬,e-영업3
DIJK,르메르,e-영업3
DIJQ,모스키노,e-영업3
DIJR,메종키츠네,e-영업3
DIJV,메종마르지엘라,e-영업3
DIK5,발렌티노,e-영업3
DIK6,폴로 랄프로렌,e-영업3
DIK9,바비숑,e-영업4
DIKB,빌레로이앤보흐,e-영업4
DIKC,올리비아버튼,e-영업3
DIKK,헤즈,e-영업3
DIKL,오트리,e-영업3
DIKM,가니,e-영업3
DIKN,랄프로렌,e-영업4
DIKP,꼼데가르송,e-영업3
DIKZ,톰브라운,e-영업3
DIL0,디타,e-영업3
DIL4,포인트앤,e-영업4
DIL5,도노,e-영업4
DIL7,AHC,e-영업4
DIL8,호카오네오네,e-영업3
DILA,프로스펙스,e-영업3
DILH,토즈,e-영업3
DILI,어그,e-영업3
DILN,락포트,e-영업3
DILV,루이비통,e-영업3
DILX,구찌,e-영업3
DILZ,셀린느,e-영업3
DIM0,발렌시아가,e-영업3
DIMK,셀린느,e-영업3
DIMM,세비톨,e-영업4
DIMQ,옵티컬W,e-영업3
DIMR,셉울브스,e-영업3
DIMS,나트리스,e-영업4
DIMW,버커루,e-영업3
DIMX,피어오브갓,e-영업3
DIMY,NIKE,e-영업3
DIN1,Vans,e-영업3
DIN3,Lacoste,e-영업3
DIN5,UnderArmour,e-영업3
DIO5,Coach,e-영업3
DION,New Balance,e-영업3
DIOO,Calvin Klein,e-영업3
DIP8,Versace,e-영업3
DIR9,Kipling,e-영업3
DITC,UGG®,e-영업3
DJ04,나이키,e-영업3
DJ05,아디다스,e-영업3
DJ06,언더아머,e-영업3
DJ07,스케쳐스,e-영업3
DJ08,아식스,e-영업3
DJ10,뉴발란스,e-영업3
DJ11,푸마,e-영업3
DJ12,리복,e-영업3
DJ16,휠라,e-영업3
DJ17,반스,e-영업3
DJ21,컨버스,e-영업3
DJ22,노스페이스,e-영업3
DJ28,머렐,e-영업3
DJ29,컬럼비아,e-영업3
DJ35,캘러웨이,e-영업3
DJ54,테일러메이드,e-영업3
DJ68,리바이스,e-영업3
DJ84,데미지니모닉,e-영업3
DJD5,Victoria's Secret,e-영업3
DJLE,Coccinelle,e-영업3
DJNJ,& Other Stories,e-영업3
DJTJ,ZARA,e-영업3
DJW9,MLB COLLECTION,e-영업3
DJZB,다이아피아,e-영업4
DJZO,패니제로,e-영업3
DKXQ,몽클레어 베이비,e-영업3
DL,닥스,e-영업1
DL74,제이투엠투,e-영업4
DL75,머지,e-영업4
DL76,미팩토리,e-영업4
DL79,트렌드글라스,e-영업4
DL82,보에나,e-영업4
DL83,바디홀릭,e-영업4
DL84,어니시,e-영업4
DL90,아쿠아픽,e-영업4
DL94,바디킹,e-영업3
DLBR,Adidas,e-영업3
DLCF,ASICS,e-영업3
DLDD,Mammut,e-영업3
DLGE,Banana Republic,e-영업3
DLGY,Stussy,e-영업3
DLJI,파라점퍼스,e-영업3
DLZF,리빙하우스,e-영업4
DLZK,스마일리,e-영업3
DLZQ,퍼펙트스킨,e-영업4
DLZR,베러모어,e-영업4
DLZY,토리버치,e-영업3
DLZZ,누,e-영업4
DM,닥스,e-영업1
DM04,임페리얼모션,e-영업4
DM09,밸런스온,e-영업4
DM0C,엘르,e-영업4
DM0D,베노베로,e-영업3
DM0F,바이파,e-영업3
DM0G,살림시대,e-영업4
DM0H,궁중비책,e-영업4
DM0K,빌레로이앤보흐(유료배송),e-영업4
DM0M,발렌시아가,e-영업3
DM0N,보보쇼즈,e-영업3
DM0O,쿠쿠키드,e-영업3
DM0P,마르니,e-영업3
DM0Q,엠엠6,e-영업3
DM0R,엠에스지엠,e-영업3
DM0S,엔21,e-영업3
DM0T,폴 스미스,e-영업3
DM0U,타오,e-영업3
DM0V,베자,e-영업3
DM10,살바토레 페라가모,e-영업3
DM12,리던,e-영업3
DM1C,시라쿠스,e-영업4
DM1D,알씨알,e-영업4
DM1J,라띠수애,e-영업4
DM1K,마체레토,e-영업4
DM1L,세인트구스,e-영업4
DM1M,에어울,e-영업4
DM1P,크라운구스,e-영업4
DM1S,어긋난몰,e-영업4
DM1T,아미앙스,e-영업3
DM1U,수아도,e-영업3
DM1W,콤마나인,e-영업4
DM1X,이스트팩,e-영업3
DM1Y,듀베티카,e-영업3
DM26,닥터파베,e-영업4
DM27,프로포제트,e-영업4
DM29,퀵3,e-영업4
DM2A,쥬베라,e-영업4
DM2B,오하브,e-영업4
DM2D,엠엘비,e-영업3
DM2N,더티 런드리,e-영업4
DM2P,더블유엠에프,e-영업4
DM2R,플렌스테드모빌,e-영업4
DM2S,라 멜랑주,e-영업3
DM2T,수페르가,e-영업3
DM2U,포토막,e-영업3
DM2V,엑스티아이,e-영업3
DM2W,인셀덤,e-영업4
DM2X,멀버리,e-영업3
DM2Z,뉴데이일일건강,e-영업4
DM30,루치,e-영업4
DM31,마카토,e-영업4
DM35,쓰리젝트,e-영업3
DM36,디,e-영업3
DM39,키친플라워,e-영업4
DM3A,마이앙스,e-영업3
DM3B,몰트보니크,e-영업3
DM3D,레인보우볼,e-영업3
DM3G,폴 스미스,e-영업3
DM3H,가니,e-영업3
DM3I,미도,e-영업3
DM3Z,덴,e-영업3
DM46,쎄라덤,e-영업4
DM4A,룰루레몬,e-영업3
DM4B,디오네,e-영업4
DM4F,구찌,e-영업3
DM4G,까르띠에,e-영업3
DM4T,루이비통,e-영업3
DM54,고트만,e-영업4
DM56,라미,e-영업4
DM59,비쎌,e-영업4
DM5A,멀버리,e-영업3
DM5F,몽클레어,e-영업3
DM5N,버버리,e-영업3
DM5Q,보테가 베네타,e-영업3
DM5S,불가리,e-영업3
DM5W,생로랑,e-영업3
DM5X,샤넬,e-영업3
DM5Y,셀린느,e-영업3
DM62,펠드아포테케,e-영업4
DM64,바바코코,e-영업4
DM69,영시,e-영업4
DM6I,에르메스,e-영업3
DM6T,지방시,e-영업3
DM71,쿠라코마에,e-영업4
DM72,아이나코,e-영업4
DM73,누벨르,e-영업4
DM76,자이구루 데바옴,e-영업3
DM77,루이공,e-영업4
DM78,이디야,e-영업4
DM79,코스타노바,e-영업4
DM7H,펜디,e-영업3
DM7J,살바토레 페라가모,e-영업3
DM7K,프라다,e-영업3
DM7O,기타,e-영업3
DM7Q,루첸리,e-영업3
DM7R,트루러브,e-영업4
DM7S,티티펫,e-영업4
DM7U,프리락토스,e-영업4
DM7X,엄마의도시락,e-영업4
DM7Z,캣몽,e-영업4
DM80,킨토,e-영업4
DM81,모노뜨,e-영업3
DM82,카사피나,e-영업4
DM83,에스빗,e-영업4
DM84,덜튼,e-영업4
DM88,벨로핏,e-영업4
DM89,헤이브릴랑,e-영업4
DM8B,필루,e-영업4
DM8C,아이테크,e-영업4
DM8D,푸디웜,e-영업4
DM8F,뉴트리오,e-영업4
DM8G,논다,e-영업4
DM8H,이나바,e-영업4
DM8I,벨버드,e-영업4
DM8J,브리더,e-영업4
DM8M,컴패니언,e-영업4
DM8O,아티스,e-영업4
DM8T,인셀덤,e-영업4
DM8U,에스티듀퐁,e-영업3
DM8W,크리타,e-영업4
DM90,페이스인네이처,e-영업4
DM94,락포트,e-영업3
DM9D,미니로디니,e-영업3
DM9F,리에락,e-영업4
DM9G,쌍띠엘,e-영업4
DM9I,오트리,e-영업3
DM9K,세이코,e-영업3
DM9L,마크제이콥스,e-영업3
DM9N,시티즌,e-영업3
DM9O,라메르,e-영업4
DM9P,르네휘테르,e-영업4
DM9R,비얼라우,e-영업4
DM9S,구찌,e-영업4
DM9V,보타랩,e-영업4
DM9X,어그,e-영업3
DM9Y,프로스펙스,e-영업4
DM9Z,메종 키츠네,e-영업3
DMA0,마크 제이콥스,e-영업3
DMA3,닥터올가,e-영업4
DMA5,에르노,e-영업3
DMA6,아쿠아 디 파르마,e-영업4
DMA7,에스티 듀퐁,e-영업3
DMA9,케라스타즈,e-영업4
DMAC,크리스탈 헤이즈,e-영업3
DMB1,유큅,e-영업4
DMB2,보스카,e-영업4
DMB4,룩캐스트,e-영업3
DMB5,이지비타,e-영업4
DMB6,헬스브로,e-영업4
DMB8,알리기에리,e-영업3
DMB9,큐라에스,e-영업4
DMBA,달팡,e-영업4
DMBB,플젠하우스,e-영업4
DMBE,아이디인유,e-영업4
DMBQ,데이즈온,e-영업4
DMBR,비어랩,e-영업4
DMBS,크리스탈라인알엑스,e-영업4
DMBX,스틸로건,e-영업3
DMC0,텁트럭스,e-영업4
DMC1,피엑스지,e-영업4
DMC2,서울엑센트,e-영업3
DMC3,컴젠,e-영업3
DMC8,피치씨,e-영업4
DMC9,몰리즈,e-영업3
DMCH,질샌더,e-영업3
DMCN,릴리푸리,e-영업3
DMCO,에코체,e-영업4
DMCT,르메르,e-영업3
DMD0,마이에리,e-영업4
DMD2,몽벨,e-영업4
DMD4,프레드,e-영업3
DMD5,닥터펩티,e-영업4
DMD6,허그플러스,e-영업3
DMD7,세이프,e-영업4
DMDA,퐁퐁,e-영업4
DMDB,홈스타,e-영업4
DMDC,베비언스,e-영업4
DMDR,수퍼타이,e-영업4
DMDS,자연퐁,e-영업4
DMDT,고야드,e-영업3
DMDU,골든구스,e-영업3
DMDV,구찌,e-영업3
DMDW,까르띠에,e-영업3
DMDY,끌로에,e-영업3
DME1,돌체앤가바나,e-영업3
DME4,디올,e-영업3
DME5,디올 옴므,e-영업3
DME9,론진,e-영업3
DMEA,롤렉스,e-영업3
DMEB,루이비통,e-영업3
DMEE,마이클코어스,e-영업3
DMEF,마크제이콥스,e-영업3
DMEG,멀버리,e-영업3
DMEJ,몽블랑,e-영업3
DMEL,미우미우,e-영업3
DMEN,발렌시아가,e-영업3
DMEO,발렌티노,e-영업3
DMEP,발리,e-영업3
DMER,버버리,e-영업3
DMET,보테가베네타,e-영업3
DMEV,불가리,e-영업3
DMEY,생로랑,e-영업3
DMEZ,샤넬,e-영업3
DMF0,셀린느,e-영업3
DMF5,에르메스,e-영업3
DMF6,에트로,e-영업3
DMF7,엠씨엠,e-영업3
DMF8,오메가,e-영업3
DMFB,지방시,e-영업3
DMFC,코치,e-영업3
DMFF,태그호이어,e-영업3
DMFG,토즈,e-영업3
DMFI,티쏘,e-영업3
DMFJ,티파니앤코,e-영업3
DMFL,살바토레 페라가모,e-영업3
DMFM,펜디,e-영업3
DMFN,프라다,e-영업3
DMFT,로베르토 카발리,e-영업3
DMFW,토리버치,e-영업3
DMG1,겐조,e-영업3
DMG4,디젤,e-영업3
DMG5,루이까또즈,e-영업3
DMG7,알라이아,e-영업3
DMGA,제이에스티나,e-영업3
DMGD,스와로브스키,e-영업3
DMGF,이세이 미야케,e-영업3
DMGG,스텔라 매카트니,e-영업3
DMGL,랑방,e-영업3
DMGW,스톤 아일랜드,e-영업3
DMH2,아이그너,e-영업3
DMH6,기타 브랜드,e-영업3
DMHS,스튜디오 리포소,e-영업3
DMHV,찰스퍼니처,e-영업4
DMHY,세균아 꼼짝마,e-영업4
DMHZ,쏘피,e-영업4
DMI0,마미포코,e-영업3
DMI1,피지,e-영업4
DMI2,에프킬라,e-영업4
DMI3,지퍼락,e-영업4
DMI4,라이프리,e-영업3
DMI5,한.입,e-영업4
DMI6,콜게이트,e-영업4
DMI9,닥터지,e-영업4
DMIC,뷰센,e-영업4
DMID,에이티티,e-영업3
DMIF,나이키,e-영업4
DMIG,뉴발란스,e-영업4
DMIH,아디다스,e-영업4
DMII,푸마,e-영업4
DMIJ,라코스테,e-영업4
DMIK,컨버스,e-영업4
DMIL,휠라,e-영업4
DMIN,미샤,e-영업4
DMIR,미하라 야스히로,e-영업3
DMIT,블루마운틴,e-영업4
DMIW,사라밀러,e-영업3
DMIY,빠니깔레,e-영업3
DMJ3,라운드랩,e-영업4
DMJ5,컨버스,e-영업3
DMJ9,제이더블유 앤덜슨,e-영업3
DMJA,엠에스지엠,e-영업3
DMJB,엔21,e-영업3
DMJC,필립모델,e-영업3
DMJD,프리미아타,e-영업3
DMJK,마틴,e-영업4
DMJL,시그니씨,e-영업4
DMJO,피어오브갓,e-영업3
DMJP,메종 키츠네,e-영업3
DMJQ,아페쎄,e-영업3
DMJR,로에베,e-영업3
DMJS,아미,e-영업3
DMJU,로저비비에,e-영업3
DMJV,에트로,e-영업3
DMJW,가니,e-영업3
DMJX,질샌더,e-영업3
DMJY,바이파,e-영업3
DMJZ,알릭스,e-영업3
DMK1,꼼데가르송,e-영업3
DMK2,마르니,e-영업3
DMK3,팜엔젤스,e-영업3
DMK5,커먼프로젝트,e-영업3
DMK6,와이쓰리,e-영업3
DMK7,호카오네오네,e-영업3
DMKA,씨피컴퍼니,e-영업3
DMKB,에르노,e-영업3
DMKD,베르사체,e-영업3
DMKI,자크뮈스,e-영업3
DMKJ,텐씨,e-영업3
DMKP,메종 미쉘,e-영업3
DMKS,오라리,e-영업3
DMKT,미하라야스히로,e-영업3
DMKU,파라부트,e-영업3
DMKV,디올,e-영업3
DMKX,코스,e-영업3
DMLA,자크뮈스,e-영업3
DMLB,레이놀즈,e-영업4
DMLD,톰포드,e-영업3
DMLE,파이렉스,e-영업4
DMLF,인스턴트,e-영업4
DMLG,시카고커틀러리,e-영업4
DMLH,미니로디니,e-영업3
DMLJ,스톤아일랜드,e-영업3
DMLK,크리스탈 헤이즈,e-영업3
DMLN,메이네티,e-영업4
DMLO,4711,e-영업4
DMUO,샹테카이,e-영업4
DMVN,시슬리,e-영업4
DMWC,아쿠아 디 파르마,e-영업4
DN,닥스,e-영업1
DN05,커먼프로잭트,e-영업3
DN1R,크리니크,e-영업4
DN21,크나이프,e-영업4
DN24,볼로플랜,e-영업3
DN32,나눔,e-영업4
DN53,쿠아비노,e-영업4
DN55,질샌더,e-영업3
DN56,바이오이펙트,e-영업4
DN5S,메디테라피,e-영업4
DN5V,티아이포맨,e-영업3
DN5W,코벳블랑,e-영업3
DN5X,에타페,e-영업4
DN5Y,써스데이아일랜드,e-영업3
DN5Z,필프리,e-영업4
DN77,르아르,e-영업3
DN85,피넛,e-영업4
DN88,미유,e-영업4
DN92,위들린,e-영업3
DN93,콜링우드,e-영업4
DN95,포엘지,e-영업4
DN96,퓨어코치,e-영업4
DN98,기타,e-영업4
DNHZ,아하바,e-영업4
DNIE,어딕션,e-영업4
DNIG,어반 디케이,e-영업4
DNIX,이솝,e-영업4
DNKK,입생로랑,e-영업4
DNLD,닥스런던,e-영업1
DNM8,케라스타즈,e-영업4
DNP4,필로소피,e-영업4
DNPO,가와이,e-영업4
DNPR,베리썸,e-영업4
DNPS,알렉산더맥퀸,e-영업3
DNPT,토즈,e-영업3
DNPU,비비안웨스트우드,e-영업3
DNPV,라운지셀,e-영업4
DNPW,세르주 루텐,e-영업4
DNQ2,디필,e-영업4
DNQ4,로우로우,e-영업3
DNQ5,하바이아나스,e-영업4
DNQ7,듀이트리,e-영업4
DNQB,디올,e-영업3
DNQD,집탑,e-영업4
DNQH,트웰브그랩스,e-영업4
DNQI,마미버드,e-영업3
DNQJ,멀버리,e-영업3
DNQL,아디다스,e-영업3
DNQM,더할리,e-영업4
DNQN,뉴온,e-영업4
DNQO,나이키,e-영업3
DNQQ,아디다스,e-영업4
DNQR,크록스,e-영업4
DNQS,언더아머,e-영업4
DNQT,뉴발란스,e-영업4
DNQU,노스페이스,e-영업4
DNQV,휠라,e-영업4
DNQW,컨버스,e-영업3
DNQX,수부,e-영업3
DNQZ,잔스포츠,e-영업4
DNR2,디,e-영업3
DNR4,스포티앤리치,e-영업3
DNR7,캉골,e-영업3
DNR8,폴로 랄프로렌,e-영업3
DNR9,헬렌카민스키,e-영업3
DNRA,메듀즈,e-영업3
DNRB,어그,e-영업3
DNRI,머스트바인,e-영업3
DNRK,스테디,e-영업4
DNRL,노몬,e-영업4
DNRM,우메이,e-영업4
DNRP,게스,e-영업3
DNRT,에르고휴먼,e-영업4
DNRW,파르카이,e-영업3
DNRY,르네제이,e-영업3
DNRZ,이세이미야케,e-영업3
DNS0,어다울,e-영업3
DNS1,조르지오 아르마니,e-영업4
DNS3,모로칸,e-영업4
DNS4,록시땅,e-영업4
DNS6,락포트,e-영업3
DNS7,솔트워터,e-영업3
DNSC,크로우캐년,e-영업4
DNSD,라위,e-영업4
DNSE,아식스,e-영업4
DNSJ,9.81,e-영업3
DNSK,카레라,e-영업3
DNSN,스칼큐,e-영업4
DNSQ,오트리,e-영업3
DNSU,메종미하라야스히로,e-영업3
DNSV,보보쇼즈,e-영업3
DNSW,보테가 베네타,e-영업3
DNSX,생로랑,e-영업3
DNT2,아몽,e-영업3
DNT5,산테코,e-영업4
DNT6,가니,e-영업3
DNT7,유에프씨스포츠,e-영업4
DNT9,썬실크,e-영업4
DNTA,헤드앤숄더,e-영업4
DNTB,비케이쿡웨어,e-영업4
DNTE,조성아,e-영업4
DNTH,리프로덕션 오브 파운드,e-영업3
DNTK,골든베어,e-영업3
DNTP,휴고,e-영업3
DNTR,플리다,e-영업4
DNTU,제이더블유페이,e-영업3
DNTV,라로슈포제,e-영업4
DNTW,에이구,e-영업4
DNTX,클리어,e-영업4
DNTZ,톰브라운,e-영업3
DNU0,씨피컴퍼니,e-영업3
DNU1,우드윅,e-영업4
DNU4,아미,e-영업3
DNU6,아페쎄,e-영업3
DNUB,칼리코,e-영업3
DNUD,시세이도,e-영업3
DNUG,아네피그라프,e-영업3
DNUK,엑셀시오르,e-영업3
DNUN,메르세데스-벤츠,e-영업4
DNUO,나우,e-영업4
DNUP,쥬욕,e-영업3
DNUS,아일랜드 슬리퍼,e-영업3
DNUV,에르메스,e-영업4
DNUY,반하트,e-영업3
DNUZ,눈독들이다,e-영업4
DNV1,골든듀,e-영업3
DNV3,피지에이투어,e-영업3
DNV4,웨지우드,e-영업4
DNV5,아틀리에 코롱,e-영업4
DNVX,엠디스픽,e-영업4
DNVZ,카베엘라,e-영업4
DNW0,휘엔느,e-영업4
DNW1,닥터윌리엄제이,e-영업4
DNW3,예일,e-영업3
DNW4,하버드,e-영업3
DNW5,티,e-영업3
DNW7,데이즈온,e-영업4
DNW8,바라쿠타,e-영업3
DNXP,홈바이템퍼,e-영업4
DNXQ,벨로디네라,e-영업3
DNXS,바스틀리,e-영업4
DNXW,리얼라엘,e-영업4
DNXX,라엘,e-영업4
DNY3,플린,e-영업4
DNY4,밤코스메틱,e-영업4
DNY6,무토,e-영업4
DNY9,아르마니익스체인지,e-영업3
DNYA,디젤,e-영업3
DNYC,하우스오브써니,e-영업3
DNYD,띠어리,e-영업3
DNYF,탑걸,e-영업3
DNYG,트루릴리전,e-영업3
DNYL,마틴싯봉,e-영업3
DNYM,방돔,e-영업3
DNYO,브이펫,e-영업4
DNYS,온다숲,e-영업4
DNYT,아크네,e-영업3
DNYV,아미,e-영업3
DNYW,아페쎄,e-영업3
DNZ1,훌라,e-영업3
DNZ2,지포어,e-영업3
DNZ3,구찌,e-영업3
DNZ4,헬렌카민스키,e-영업3
DNZ5,옴므플리쎄,e-영업3
DNZ7,질샌더,e-영업3
DNZ9,겐조,e-영업3
DNZB,메종키츠네,e-영업3
DNZC,메종마르지엘라,e-영업3
DNZF,무스너클,e-영업3
DNZH,엠에스지엠,e-영업3
DNZJ,파라점퍼스,e-영업3
DNZK,프라다,e-영업3
DNZL,피티제로우노,e-영업3
DNZQ,톰브라운,e-영업3
DNZS,발렌티노,e-영업3
DNZU,비비안 웨스트우드,e-영업3
DNZW,프리야,e-영업4
DO02,까사니,e-영업4
DO03,파쏘나블,e-영업4
DO04,에칸,e-영업3
DO07,투에이엔,e-영업4
DO08,닥터스,e-영업4
DO0A,버버리,e-영업3
DO0B,셀린,e-영업3
DO0C,샤넬,e-영업3
DO0D,디올,e-영업3
DO0G,에르메스,e-영업3
DO0V,루이비통,e-영업3
DO0X,프라다,e-영업3
DO0Y,생 로랑,e-영업3
DO12,마이로즈,e-영업4
DO16,뉴발란스,e-영업3
DO1A,구찌,e-영업3
DO1G,구스앤홈,e-영업4
DO1H,레인보우153,e-영업4
DO1J,골든구스,e-영업3
DO1M,에이지엘,e-영업3
DO1O,워즈유얼스워즈마인,e-영업3
DO1P,에이골디,e-영업3
DO1Q,알리기에리,e-영업3
DO1R,애니 루,e-영업3
DO1T,바이 파,e-영업3
DO1Y,바디버든 프로젝트,e-영업4
DO25,닥스,e-영업3
DO28,아이노트,e-영업4
DO29,테리파머,e-영업4
DO2F,포르테 포르테,e-영업3
DO2K,하우스오브써니,e-영업3
DO2P,맹기,e-영업3
DO2R,뮤지엄 오브 피스 앤 콰이엇,e-영업3
DO2X,페드로가르시아,e-영업3
DO2Z,리던,e-영업3
DO30,안달로우 내추럴스,e-영업4
DO32,스피도,e-영업4
DO3C,씨뉴욕,e-영업3
DO3G,베자,e-영업3
DO3J,원헌드레드,e-영업3
DO3K,바움운드페르드가르텐,e-영업3
DO3P,홀츠베일러,e-영업3
DO3W,더모티브,e-영업4
DO3Y,슬라운드,e-영업4
DO40,리올그,e-영업3
DO41,베르사체,e-영업4
DO46,샐큐라,e-영업4
DO48,프라다,e-영업3
DO49,구찌,e-영업3
DO4A,펫츠락,e-영업4
DO4C,파맥스랩,e-영업4
DO4D,메종 미하라 야스히로,e-영업3
DO4E,르메르,e-영업3
DO4M,커먼브렐라,e-영업3
DO4P,리틀펍,e-영업4
DO4T,알렉산더맥퀸,e-영업3
DO4U,아미,e-영업3
DO4V,아르마니,e-영업3
DO4X,발렌시아가,e-영업3
DO4Y,발리,e-영업3
DO4Z,발망,e-영업3
DO55,네오플램,e-영업4
DO56,프렌치불,e-영업4
DO5B,버버리,e-영업3
DO5C,부테로,e-영업3
DO5E,셀린느,e-영업3
DO5F,크리스찬루부탱,e-영업3
DO5G,꼼데가르송,e-영업3
DO5H,커먼프로젝트,e-영업3
DO5I,컨버스,e-영업3
DO5J,씨피컴퍼니,e-영업3
DO5K,디스퀘어드,e-영업3
DO5L,펜디,e-영업3
DO5M,골든구스,e-영업3
DO5N,구찌,e-영업3
DO5O,에르노,e-영업3
DO5Q,질샌더,e-영업3
DO5R,겐조,e-영업3
DO5S,랑방,e-영업3
DO5T,로에베,e-영업3
DO5U,롱샴,e-영업3
DO5V,메종키츠네,e-영업3
DO5X,몽클레어,e-영업3
DO5Y,무스너클,e-영업3
DO5Z,엠에스지엠,e-영업3
DO61,앤니즈,e-영업3
DO63,아페쎄,e-영업3
DO64,셀미인,e-영업4
DO6A,닐바렛,e-영업3
DO6C,파라부트,e-영업3
DO6D,파라점퍼스,e-영업3
DO6E,프라다,e-영업3
DO6F,스톤아일랜드,e-영업3
DO6G,톰브라운,e-영업3
DO6H,발렌티노,e-영업3
DO6J,생로랑,e-영업3
DO6K,호카오네오네,e-영업3
DO6N,돌체앤가바나,e-영업3
DO6Q,가니,e-영업3
DO6R,크리스찬디올,e-영업3
DO6S,페라가모,e-영업3
DO6Z,리프리젠트,e-영업3
DO76,애스플래폼,e-영업4
DO79,언에디트,e-영업3
DO7C,벨스타프,e-영업3
DO7D,멀버리,e-영업3
DO7E,폴 스미스,e-영업3
DO7G,딸리아또레,e-영업3
DO7M,호카오네오네,e-영업3
DO7O,끌로에,e-영업3
DO7Q,토리버치,e-영업3
DO7S,톰포드,e-영업3
DO7U,알13,e-영업3
DO7W,르메르,e-영업3
DO7X,디올,e-영업3
DO7Y,마르니,e-영업3
DO7Z,호카오네오네,e-영업3
DO82,134엠엠,e-영업3
DO8A,토즈,e-영업3
DO8C,살바토레 페라가모,e-영업3
DO8E,샤넬,e-영업3
DO8F,베르사체1969,e-영업4
DO8H,그로쉬,e-영업4
DO8I,스와로브스키,e-영업3
DO8J,판도라,e-영업3
DO8K,어그,e-영업3
DO8L,랩스,e-영업3
DO8N,제이린드버그,e-영업3
DO8O,흐꺙,e-영업3
DO8P,노스페이스,e-영업3
DO8R,뉴발란스,e-영업3
DO8S,팀버랜드,e-영업3
DO8T,락포트,e-영업3
DO8V,쌤소나이트,e-영업3
DO8Z,골든구스,e-영업3
DO96,아디다스,e-영업4
DO99,컬럼비아,e-영업3
DO9B,노비스,e-영업3
DO9F,나이키,e-영업3
DO9M,폴로랄프로렌,e-영업3
DO9U,웰리카,e-영업4
DO9V,네모탭,e-영업4
DO9X,구찌,e-영업3
DO9Y,디올,e-영업3
DOA0,아쿠아알레로제,e-영업4
DOA1,메디코사노,e-영업4
DOA2,휴캄,e-영업4
DOA3,스타셔,e-영업4
DOA4,야미다,e-영업4
DOA5,장듀보 라귀올,e-영업4
DOA6,까사무띠,e-영업4
DOA7,다팅턴,e-영업4
DOA8,씨엘로,e-영업3
DOA9,헹켈,e-영업4
DOAA,에스엔에프,e-영업4
DOAE,티블레스,e-영업4
DOAF,티케,e-영업4
DOAH,구찌,e-영업3
DOAJ,입생로랑,e-영업3
DOAK,페라가모,e-영업3
DOAM,톰브라운,e-영업3
DOAO,베르사체,e-영업3
DOAP,발렌티노,e-영업3
DOAQ,몽블랑,e-영업3
DOAV,커먼프로젝트,e-영업3
DOAW,엠에스지엠,e-영업3
DOAX,스톤아일랜드,e-영업3
DOB1,프라다,e-영업3
DOB6,마르니,e-영업3
DOB7,몽클레어,e-영업3
DOB9,바디판타지,e-영업4
DOBA,엠씨엠,e-영업3
DOBB,아리아나그란데,e-영업4
DOBC,타미힐피거,e-영업3
DOBE,오클리,e-영업3
DOBF,마사키 마츠시마,e-영업3
DOBG,아페쎄,e-영업3
DOBH,엠포리오 아르마니,e-영업3
DOBI,스텝어라운드,e-영업3
DOBQ,씨피컴퍼니,e-영업3
DOBR,보보쇼즈,e-영업3
DOBU,악셀아리가토,e-영업3
DOBW,허먼밀러,e-영업4
DOBX,까사무띠,e-영업4
DOC0,프리누아,e-영업4
DOC3,타무르,e-영업4
DOC4,디올,e-영업3
DOC9,오지엑스,e-영업4
DOCA,입생로랑,e-영업3
DOCB,구찌,e-영업3
DOCC,프라다,e-영업3
DOCD,입생로랑,e-영업3
DOCE,루이비통,e-영업3
DOCF,버버리,e-영업3
DOCG,메종키츠네,e-영업3
DOCI,발렌시아가,e-영업3
DOCJ,셀린느,e-영업3
DOCK,디올,e-영업3
DOCL,아크네스튜디오,e-영업3
DOCM,보테가베네타,e-영업3
DOCN,스톤아일랜드,e-영업3
DOCO,멜리사,e-영업3
DOCS,꼴레트멍멍,e-영업4
DOCT,베르사체진 꾸뛰르,e-영업3
DOCU,컨버스,e-영업3
DOCW,마우,e-영업3
DOCZ,마르셀,e-영업3
DOD1,메종 미하라 야스히로,e-영업3
DOD4,파비아나 필리피,e-영업3
DOD7,파타고니아,e-영업3
DOD9,가니,e-영업3
DODC,알베르타 페레티,e-영업3
DODG,제로쓰리투씨,e-영업3
DODH,브루넬로 쿠치넬리,e-영업3
DODI,제냐,e-영업3
DODJ,아크테릭스,e-영업3
DODK,드루모어,e-영업3
DODM,앤더슨벨,e-영업3
DODN,보르살리노,e-영업3
DODR,어그,e-영업3
DODS,크리스찬 루부탱,e-영업3
DODU,알릭스,e-영업3
DOE1,디젤,e-영업3
DOE4,피어오브갓,e-영업3
DOEA,까웨,e-영업3
DOEC,베트멍,e-영업3
DOEF,라코스테,e-영업3
DOEG,버버리,e-영업3
DOEH,스테어,e-영업3
DOEI,파타고니아,e-영업3
DOEJ,칼하트,e-영업4
DOEN,프라다,e-영업3
DOEP,드래곤디퓨전,e-영업3
DOEQ,아틀리에퀸스,e-영업4
DOER,해피콜,e-영업4
DOEY,소이지,e-영업4
DOF1,라피타,e-영업4
DOF2,구찌,e-영업3
DOFB,리델,e-영업4
DOFD,블랙야크,e-영업4
DOFF,화이트볼,e-영업4
DOFG,씨유클린업,e-영업4
DOFL,컴인사이드미,e-영업4
DOFO,레이스,e-영업3
DOFQ,아페쎄,e-영업3
DOFR,아크네스튜디오,e-영업3
DOFS,알라이아,e-영업3
DOFT,알렉산더맥퀸,e-영업3
DOFW,발렌시아가,e-영업3
DOFX,발망,e-영업3
DOFY,보테가베네타,e-영업3
DOG0,버버리,e-영업3
DOG2,끌로에,e-영업3
DOG3,크리스찬 루부탱,e-영업3
DOG5,돌체앤가바나,e-영업3
DOG8,에트로,e-영업3
DOGB,가니,e-영업3
DOGE,구찌,e-영업3
DOGF,자크뮈스,e-영업3
DOGG,질샌더,e-영업3
DOGH,지미추,e-영업3
DOGL,케이트,e-영업3
DOGM,르메르,e-영업3
DOGN,로에베,e-영업3
DOGO,로로피아나,e-영업3
DOGP,메종마르지엘라,e-영업3
DOGQ,마린세르,e-영업3
DOHJ,허스키,e-영업4
DORC,반들러,e-영업3
DORD,엠므,e-영업3
DORE,자크뮈스,e-영업3
DORH,딕슈,e-영업3
DORI,프레데릭 말,e-영업4
DORZ,야오,e-영업4
DOS0,맥케이지,e-영업3
DOS2,퍼피갤러리,e-영업4
DOS3,로얄티라인,e-영업4
DOS4,공간홈데코,e-영업4
DOS6,겐조,e-영업3
DOS9,까스따네르,e-영업3
DOSB,나이키,e-영업3
DOSE,노스페이스,e-영업3
DOSK,닐리 로탄,e-영업3
DOSM,다이앤본퍼스텐버그,e-영업3
DOSR,드래곤디퓨전,e-영업3
DOT0,랙앤본,e-영업3
DOT3,레지나표,e-영업3
DOT8,룰루레몬,e-영업3
DOTA,르스펙스,e-영업3
DOTG,릭오웬스,e-영업3
DOTR,문부츠,e-영업3
DOTT,미쏘니,e-영업3
DOTY,발리,e-영업3
DOTZ,배리,e-영업3
DOU0,버켄스탁,e-영업3
DOUI,사카이,e-영업3
DOUN,살로몬,e-영업3
DOUS,셀프포트레이트,e-영업3
DOUX,스톤아일랜드,e-영업3
DOV2,썬스펠,e-영업3
DOV3,씨뉴욕,e-영업3
DOV6,아디다스,e-영업3
DOV8,아미,e-영업3
DOVD,아크테릭스,e-영업3
DOVF,알라누이,e-영업3
DOVN,앤시언트 그릭 샌들,e-영업3
DOWD,이티스,e-영업3
DOWF,자크마리마지,e-영업3
DOWG,제냐,e-영업3
DOWH,제이린드버그,e-영업3
DOWS,캐나다구스,e-영업3
DOX6,톰브라운,e-영업3
DOX9,팜엔젤스,e-영업3
DOXG,헤레우,e-영업3
DOXM,케이브홈,e-영업4
DOXS,칼앤한스,e-영업4
DOXU,르크루제,e-영업4
DOXW,바오먼트,e-영업4
DOYB,셀린느,e-영업3
DOYC,스와로브스키,e-영업3
DOYD,쎄라모,e-영업4
DOYG,비브라스,e-영업4
DOYH,티티에이티,e-영업4
DOYN,써네이,e-영업3
DOYO,델보,e-영업3
DOYP,엔에프엘,e-영업4
DP00,카파,e-영업4
DP01,헤드,e-영업4
DP03,스코노,e-영업3
DP14,제너럴아이디어,e-영업3
DP16,벰버,e-영업3
DP22,해리메이슨,e-영업3
DP23,산드로,e-영업3
DP24,페리엘리스,e-영업3
DP30,브레라,e-영업3
DP31,라빠레뜨,e-영업3
DP33,서포트라이트,e-영업3
DP34,오프로드,e-영업3
DP39,더후,e-영업4
DP43,기라로쉬,e-영업4
DP46,맥클린코스메틱,e-영업4
DP51,온포트,e-영업3
DP52,랑벨,e-영업4
DP53,아미,e-영업3
DP60,스와로브스키,e-영업3
DP62,모노큐브,e-영업4
DP65,부테로,e-영업3
DP71,데미안,e-영업3
DP73,라이프타임,e-영업4
DP74,블랭크공삼,e-영업3
DP75,옐로우나이프,e-영업4
DP88,메디하임,e-영업4
DP89,인스턴트펑크,e-영업3
DP90,메이브라운,e-영업4
DP91,엠에이치케어,e-영업4
DQ00,히트가구,e-영업4
DQ02,베네통,e-영업4
DQ03,롤리타 렘피카,e-영업4
DQ05,랭앤루,e-영업3
DQ10,보쉐,e-영업4
DQ11,바네따,e-영업4
DQ12,카시오,e-영업3
DQ13,지샥,e-영업3
DQ23,바디비,e-영업4
DQ35,오바쿠,e-영업3
DQ53,스와로브스키,e-영업3
DQ54,마르코시에나,e-영업3
DQ55,제이에프지 셀렉트,e-영업3
DQ56,네버마인드올,e-영업4
DQ69,네오젠,e-영업4
DQ70,써메딕,e-영업4
DQ72,데이멜로우,e-영업4
DQ85,엠리밋 스포츠,e-영업4
DQ86,밀레,e-영업4
DQ89,푸마,e-영업3
DQ93,헤드,e-영업4
DQ94,헬레나앤크리스티,e-영업3
DQ96,카파,e-영업4
DQJ3,겐조,e-영업3
DR02,한샘,e-영업4
DR03,버츠비,e-영업4
DR04,코랄리크,e-영업3
DR05,먼데인먼데이,e-영업3
DR07,베리케이트,e-영업3
DR60,마크제이콥스,e-영업4
DR61,투웬티원어거스트,e-영업3
DR66,47베이지,e-영업3
DR67,포렌,e-영업3
DR6A,기타 브랜드,e-영업3
DR72,스타미디홈,e-영업4
DR75,지아니루포,e-영업3
DR77,헨리코튼,e-영업3
DR84,실크테라피,e-영업4
DR86,조성아22,e-영업4
DR90,트윙클팝,e-영업4
DR92,나오미 캠벨,e-영업4
DS03,가까이,e-영업3
DS06,커리쉴,e-영업4
DS08,올시즌,e-영업4
DS09,포시즌,e-영업4
DS14,에트로,e-영업4
DS18,레네레이드,e-영업3
DS28,펄케어,e-영업4
DS32,카카오프렌즈,e-영업4
DS41,엑스트라 디그리,e-영업4
DS42,크레도,e-영업4
DS44,4711,e-영업4
DS45,매그파이,e-영업3
DS46,디토,e-영업3
DS47,에버비키니,e-영업4
DS54,아날로그무드,e-영업3
DS57,주당비책,e-영업4
DS58,메리모티브,e-영업3
DS59,세라마인,e-영업4
DS62,에이전트픽,e-영업3
DS78,디에고,e-영업4
DS86,와르,e-영업3
DS89,코리타,e-영업3
DSWX,킴스쿡,e-영업4
DSX0,메소드,e-영업4
DSX9,일비아,e-영업4
DSXA,제스젭,e-영업4
DSXB,앵글포이즈,e-영업4
DSXD,올루체,e-영업4
DSXE,포스카리니,e-영업4
DSXH,이카룩,e-영업3
DSXI,아메리칸니들,e-영업3
DSXL,아페쎄,e-영업3
DSXP,발렌시아가,e-영업3
DSXQ,발리,e-영업3
DSXS,보테가 베네타,e-영업3
DSXT,버버리,e-영업3
DSXU,셀린,e-영업3
DSXW,꼼데가르송,e-영업3
DSXY,디올,e-영업3
DSXZ,에트로,e-영업3
DSY0,펜디,e-영업3
DSY1,페라가모,e-영업3
DSY2,지방시,e-영업3
DSY3,골든구스,e-영업3
DSY4,구찌,e-영업3
DSY7,겐조,e-영업3
DSY8,메종키츠네,e-영업3
DSYA,마이클 코어스,e-영업3
DSYB,미우미우,e-영업3
DSYC,몽끌레어,e-영업3
DSYE,무스너클,e-영업3
DSYF,엠에스지엠,e-영업3
DSYG,멀버리,e-영업3
DSYH,오프화이트,e-영업3
DSYJ,프라다,e-영업3
DSYL,생 로랑,e-영업3
DSYM,스텔라 맥카트니,e-영업3
DSYO,톰브라운,e-영업3
DSYP,토즈,e-영업3
DSYQ,토리버치,e-영업3
DSYR,발렌티노,e-영업3
DSYT,보스,e-영업3
DSYU,톰포드,e-영업3
DSZ2,제이린드버그,e-영업4
DSZ8,알렉산더맥퀸,e-영업3
DSZF,디올,e-영업3
DSZH,발렌시아가,e-영업3
DSZL,골든구스,e-영업3
DSZM,메종키츠네,e-영업3
DSZN,몽클레어,e-영업3
DSZQ,나이키,e-영업3
DSZR,버버리,e-영업3
DSZU,톰브라운,e-영업3
DSZV,프라다,e-영업3
DSZW,생로랑,e-영업3
DSZZ,메종마르지엘라,e-영업3
DT01,미쟝센,e-영업4
DT02,려,e-영업4
DT03,프레시팝,e-영업4
DT04,댄트롤,e-영업4
DT05,해피바스,e-영업4
DT06,일리윤,e-영업4
DT07,메디안,e-영업4
DT09,플로랑스네이쳐,e-영업4
DT0B,에트로,e-영업3
DT0C,토리버치,e-영업3
DT0E,미우미우,e-영업3
DT0F,살바토레페라가모,e-영업3
DT0Z,코치,e-영업3
DT10,플라센타 베제딸,e-영업4
DT11,에데낭스,e-영업4
DT12,비꼼비오,e-영업4
DT13,파파야골드,e-영업4
DT14,모이스올가,e-영업4
DT15,텐드스킨,e-영업4
DT18,미즈노,e-영업4
DT1F,폴스미스,e-영업3
DT1G,아워레가시,e-영업3
DT1O,세인트제임스,e-영업3
DT1P,노스페이스,e-영업3
DT1Q,파타고니아,e-영업3
DT1W,폴스미스,e-영업3
DT1X,아크네스튜디오,e-영업3
DT1Y,아미,e-영업3
DT1Z,라라츄,e-영업4
DT20,뉴트리디데이,e-영업4
DT24,엘더블유엘,e-영업3
DT2A,코이,e-영업4
DT2C,오트리,e-영업3
DT2D,엠부쉬,e-영업3
DT2F,칼하트,e-영업3
DT2G,어콜드월,e-영업3
DT2H,세인트 제임스,e-영업3
DT2I,바이퍼,e-영업3
DT2J,디케이엔와이,e-영업3
DT2K,돈덥,e-영업3
DT2M,르메르,e-영업3
DT2O,클락스,e-영업3
DT2W,하이오,e-영업4
DT2X,토니노 람보르기니,e-영업3
DT33,라보에이치,e-영업4
DT35,파르사,e-영업4
DT37,클락스,e-영업4
DT38,바스,e-영업3
DT3B,프라다,e-영업3
DT3D,메가맥스,e-영업4
DT3L,마크앤로나,e-영업3
DT3M,지포어,e-영업3
DT3N,스톰런던,e-영업3
DT3P,아이라이크,e-영업4
DT3Q,어반디케이,e-영업4
DT3R,벤시몽,e-영업3
DT3S,달바,e-영업4
DT40,예나야,e-영업4
DT41,리바트,e-영업4
DT43,코스텔,e-영업4
DT45,리앤쿡,e-영업4
DT46,한국금거래소,e-영업3
DT4I,마르니,e-영업3
DT4L,마트라시움,e-영업4
DT4N,네파,e-영업3
DT4Y,니들스,e-영업3
DT51,덴탈픽,e-영업4
DT52,아로마센스,e-영업4
DT55,스틸라이트,e-영업4
DT56,부루앤쥬디,e-영업3
DT57,팬톤 삭스,e-영업3
DT5C,기타 브랜드,e-영업3
DT5D,몽클레어,e-영업3
DT5E,미우미우,e-영업3
DT5G,입생로랑,e-영업3
DT5H,오프화이트,e-영업3
DT5J,몽클레르,e-영업3
DT5L,우즈,e-영업4
DT5M,골든구스,e-영업3
DT5N,버버리,e-영업3
DT5P,스톤아일랜드,e-영업3
DT5Q,몽클레어,e-영업3
DT5R,마르니,e-영업3
DT5T,와일드 동키,e-영업3
DT5W,하울린,e-영업3
DT5X,루비암 1911,e-영업3
DT60,아더로브,e-영업3
DT62,디강블리,e-영업4
DT66,4711,e-영업4
DT68,판도라,e-영업3
DT6A,우영미,e-영업3
DT6H,오트리,e-영업3
DT6I,안드레 베르디에,e-영업4
DT6J,포트메리온,e-영업4
DT6K,졸링겐,e-영업4
DT6L,벨보이스튜디오,e-영업4
DT6O,써네이,e-영업3
DT6Q,텐꼬르소모,e-영업3
DT6R,자크뮈스,e-영업3
DT6T,코코스타,e-영업4
DT6V,베루툼,e-영업4
DT6Y,르메르,e-영업3
DT6Z,흐꺙,e-영업3
DT74,몽블랑,e-영업3
DT75,버버리,e-영업3
DT76,에트로,e-영업3
DT77,살바토레 페라가모,e-영업3
DT78,폴스미스,e-영업3
DT79,코치,e-영업3
DT7A,아리조나 러브,e-영업3
DT7B,마이프랜드,e-영업4
DT7F,오즈네일,e-영업4
DT7G,루미녹스,e-영업3
DT7J,제냐,e-영업3
DT7O,가니,e-영업3
DT7V,볼컴,e-영업3
DT7X,제이린드버그,e-영업3
DT83,스와로브스키,e-영업3
DT8C,닥터슈라맥,e-영업4
DT8F,르,e-영업3
DT8H,라르고,e-영업3
DT8N,궁중비책,e-영업4
DT8P,엑스넬스,e-영업4
DT8Y,크리스탈 헤이즈,e-영업3
DT95,겐조,e-영업4
DT96,겔랑,e-영업4
DT97,고세,e-영업4
DT98,골드웰,e-영업4
DT99,나이키,e-영업3
DT9A,퓨어케이,e-영업4
DT9Y,마크앤로나,e-영업3
DT9Z,질샌더,e-영업3
DTA0,지포어,e-영업3
DTA1,빅앤트,e-영업4
DTA2,허블룸,e-영업4
DTA3,루악,e-영업4
DTA4,야마하,e-영업4
DTA5,앤무오유,e-영업3
DTAA,발리,e-영업3
DTAB,펜디,e-영업3
DTAC,스와로브스키,e-영업3
DTAE,페라가모,e-영업3
DTAL,살바토레 페라가모,e-영업3
DTAU,에트로,e-영업3
DTAV,노미네이션,e-영업3
DTAW,에르메네질도,e-영업3
DTAY,제냐,e-영업3
DTAZ,꼬르넬리아니,e-영업3
DTB1,처치스,e-영업3
DTB2,피어오브갓,e-영업3
DTB5,트리커즈,e-영업3
DTB8,캠퍼,e-영업3
DTB9,까스따네르,e-영업3
DTBE,듀베티카,e-영업3
DTBG,간트,e-영업3
DTBI,롱샴,e-영업3
DTBJ,필로소피,e-영업3
DTBL,크리스조이,e-영업3
DTBM,리바이스,e-영업3
DTBO,폴로랄프로렌,e-영업3
DTBT,아더에러,e-영업3
DTBW,쟈딕 앤 볼테르,e-영업3
DTC1,세바고,e-영업3
DTC5,갤러리 디파트먼트,e-영업3
DTC6,토템,e-영업3
DTC8,존 롭,e-영업3
DTC9,와이 프로젝트,e-영업3
DTCB,젠하이저,e-영업4
DTCC,조지스피리츠,e-영업4
DTCD,예스,e-영업4
DTCE,미사일,e-영업4
DTCF,클리브랜드,e-영업4
DTCH,엠아잠,e-영업4
DTCI,씨엔엔 어패럴,e-영업3
DTCM,지포어,e-영업4
DTCN,나누슈카,e-영업3
DTCR,레코브,e-영업3
DTCS,볼빅어패럴,e-영업4
DTCV,제이엠더블유,e-영업4
DTCW,써네이,e-영업3
DTCX,가니,e-영업3
DTD0,벨락,e-영업4
DTD3,르메르,e-영업3
DTD7,지포어,e-영업3
DTE9,맥케이슨,e-영업4
DTEB,맥,e-영업4
DTEJ,몰튼브라운,e-영업4
DTEO,멜비타,e-영업4
DTF1,이보,e-영업4
DTF4,맬린앤게츠,e-영업4
DTF6,후다 뷰티,e-영업4
DTFF,올라플렉스,e-영업4
DTFJ,메종 마르지엘라,e-영업4
DTFO,닥터 바바라 스텀,e-영업4
DTFP,샬롯 틸버리,e-영업4
DTG7,데우스 엑스 마키나,e-영업3
DTG8,이세이미아케,e-영업3
DTGH,쏘헤어,e-영업4
DTGL,베른,e-영업4
DTGO,제니아 테일러,e-영업4
DTGP,오트리,e-영업3
DTGS,돈덥,e-영업3
DTGU,꼼데가르송,e-영업3
DTGW,골든구스,e-영업3
DTGY,발렌시아가,e-영업3
DTGZ,버버리,e-영업3
DTH0,톰브라운,e-영업3
DTH1,페레가모,e-영업3
DTH5,입생로랑,e-영업3
DTH6,아미,e-영업3
DTH7,아페쎄,e-영업3
DTHA,씨피컴퍼니,e-영업3
DTHB,피어오브갓,e-영업3
DTHC,엘바,e-영업4
DTHD,휴고보스,e-영업3
DTHE,메이크업포에버,e-영업4
DTHF,비오템,e-영업4
DTHG,랩시리즈,e-영업4
DTHH,베네피트,e-영업4
DTHI,코렐(조건부무료),e-영업4
DTHJ,톰포드,e-영업4
DTHK,구일9,e-영업4
DTHM,지포어,e-영업3
DTHY,액티비타민,e-영업4
DTIE,니봇,e-영업4
DTIF,샤넬,e-영업3
DTIG,제이린드버그,e-영업3
DTIH,소나이트,e-영업4
DTIJ,드래곤디퓨전,e-영업3
DTIN,란카,e-영업4
DTIO,아우로이,e-영업4
DTIR,제이린드버그,e-영업3
DTIT,로저비비에,e-영업3
DTIV,단톤,e-영업3
DTIW,로로피아나,e-영업3
DTJ5,트레블러스,e-영업3
DTJ6,세컨스킨,e-영업3
DTJ7,샷네비,e-영업4
DTJ9,프라다,e-영업4
DTJI,보보쇼즈,e-영업3
DTJJ,갤러리 디파트먼트,e-영업3
DTJX,슈프림,e-영업3
DTK0,톰포드,e-영업3
DTK1,로즈몽,e-영업3
DTK2,카시오,e-영업3
DTK4,닥터오라클,e-영업4
DTK5,태그호이어,e-영업3
DTK7,샤넬,e-영업3
DTK8,다미아니,e-영업3
DTK9,아이더블유씨,e-영업3
DTKA,론진,e-영업3
DTKF,제이린드버그,e-영업3
DTKJ,젠티스,e-영업4
DTKK,엠에스지엠,e-영업3
DTKN,마지스,e-영업4
DTKO,도터스,e-영업4
DTKP,페자니,e-영업4
DTKQ,플레이뎁,e-영업4
DTKW,메종 미하라 야스히로,e-영업3
DTKX,셀린온,e-영업4
DTKZ,릭오웬스,e-영업3
DTL0,오트리,e-영업3
DTL2,오트리,e-영업3
DTL3,악셀아리가토,e-영업3
DTL5,아이나비스포츠,e-영업4
DTL8,유로텍스,e-영업4
DTLA,루이스폴센,e-영업4
DTLB,오슈디자인스,e-영업3
DTLH,비비안 웨스트우드,e-영업3
DTLJ,지포어,e-영업3
DTLO,불가리,e-영업3
DTLP,라코스테,e-영업3
DTLQ,쟈딕앤볼테르,e-영업3
DTLR,루이비통,e-영업3
DTLS,에르메스,e-영업3
DTLT,샤넬,e-영업3
DTLU,아페쎄,e-영업3
DTLW,크리스찬디올,e-영업3
DTLX,보테가 베네타,e-영업3
DTLY,셀린느,e-영업3
DTLZ,끌로에,e-영업3
DTM0,구찌,e-영업3
DTM1,생 로랑,e-영업3
DTM2,닥터볼프,e-영업4
DTM4,프라다,e-영업3
DTM5,르메르,e-영업3
DTM6,메종 마르지엘라,e-영업3
DTM7,몽클레어,e-영업3
DTM8,파라부트,e-영업3
DTM9,스파워트,e-영업3
DTME,미하라 야스히로,e-영업3
DTMO,제이더블유 앤더슨,e-영업3
DTMP,스탠드 스튜디오,e-영업3
DTMQ,헬렌카민스키,e-영업3
DTMU,게리앤프레키,e-영업4
DTMY,하이드로 플라스크,e-영업4
DTMZ,본 에나멜,e-영업4
DTN1,오트리,e-영업3
DTN2,레노마수영복,e-영업4
DTN4,베르그호프,e-영업4
DTN6,혼가먼트,e-영업4
DTN7,마크앤로나,e-영업4
DTN8,제이린드버그,e-영업4
DTN9,오트리,e-영업3
DTNA,모로칸오일,e-영업4
DTNF,엠포리오아르마니,e-영업3
DTNH,크래쉬배기지,e-영업3
DTNM,로즈몽,e-영업3
DTNQ,삼성전자,e-영업4
DTNT,유리프,e-영업4
DTO9,키톤,e-영업3
DTOB,디스퀘어드2,e-영업3
DTOC,오트리,e-영업3
DTOD,뉴발란스,e-영업3
DTOH,불가리,e-영업4
DTOI,나툴리크,e-영업4
DTOJ,알도,e-영업4
DTOM,김정문알로에,e-영업4
DTOO,펜슬하우스,e-영업4
DTOP,로저비비에,e-영업3
DTOQ,한미양행,e-영업4
DTOR,한미생활건강,e-영업4
DTOV,베드기어,e-영업4
DTP0,마틴로즈,e-영업3
DTP1,캅카,e-영업4
DTP9,프레데릭 말,e-영업4
DTPM,꼼데가르송,e-영업3
DTPN,커먼프로젝트,e-영업3
DTPO,시피컴퍼니,e-영업3
DTPS,골든구스,e-영업3
DTPV,메종키츠네,e-영업3
DTQ1,폴스미스,e-영업3
DTQ5,스톤아일랜드,e-영업3
DTQB,스톤아일랜드,e-영업3
DTQE,골든구스,e-영업3
DTQH,씨피컴퍼니,e-영업3
DTQJ,메종키츠네,e-영업3
DTQK,아미,e-영업3
DTQO,아페쎄,e-영업3
DTQP,몽클레어,e-영업3
DTQT,버버리,e-영업3
DTR0,시안,e-영업4
DTR7,노티그,e-영업3
DTR9,한지희클래식,e-영업4
DTRF,스튜디오세라,e-영업3
DTRG,로레이,e-영업4
DTRI,우비강,e-영업4
DTRJ,베나모르,e-영업4
DTRL,스윙도츠,e-영업4
DTRM,유리프,e-영업4
DTRN,부테로,e-영업3
DTRP,코스코디,e-영업4
DTRQ,노워터,e-영업4
DTRT,써네이,e-영업3
DTS6,안티치 로마니,e-영업3
DTS8,레브레브,e-영업3
DTSB,튜맨,e-영업4
DTSC,튜맨티탄,e-영업4
DTTJ,모씨,e-영업4
DTTP,제나벨,e-영업4
DTTR,로로피아나,e-영업3
DTTS,슈틸루스터,e-영업4
DTTT,뉴온,e-영업4
DTTW,유니참,e-영업4
DTU0,이지오,e-영업3
DTU1,이지오,e-영업3
DTU5,히비스커스 블룸,e-영업3
DTUB,정샘물,e-영업4
DTUC,분더캄머,e-영업3
DTUD,타미힐피거,e-영업4
DTUE,비르반테,e-영업3
DTUF,나이키,e-영업4
DTUG,아디다스,e-영업4
DTUO,샤넬,e-영업3
DTUP,에르메스,e-영업3
DTUQ,루이비통,e-영업3
DTUR,보그슈,e-영업3
DTUS,자신,e-영업4
DTUU,랑방,e-영업4
DTUV,몽블랑,e-영업4
DTUW,지미추,e-영업4
DTUX,겐조,e-영업4
DTUY,불가리,e-영업4
DTV3,버버리,e-영업4
DTV5,다비도프,e-영업4
DTV8,캘빈클라인,e-영업4
DTV9,끌로에,e-영업4
DTVA,랑콤,e-영업4
DTVB,클린,e-영업4
DTVC,존바바토스,e-영업4
DTVD,제니퍼로페즈,e-영업4
DTVE,베르사체,e-영업4
DTVG,나르시소,e-영업4
DTVH,돌체엔가바나,e-영업4
DTVJ,엘리자베스아덴,e-영업4
DTVK,롤리타렘피카,e-영업4
DTVL,필로소피,e-영업4
DTVM,베라왕,e-영업4
DTVO,딥디크,e-영업4
DTVP,미스디올,e-영업4
DTVR,조말론,e-영업4
DTVS,에르메스,e-영업4
DTVU,산타마리아노벨라,e-영업4
DTVV,아리아나그란데,e-영업4
DTVX,고야드,e-영업3
DTWC,제이린드버그,e-영업3
DTWG,펜할리곤스,e-영업4
DTWH,아무아쥬,e-영업4
DTWI,까사렐,e-영업4
DTWJ,조르지오 아르마니,e-영업4
DTWO,알렉산더 맥퀸,e-영업3
DTWQ,아미,e-영업3
DTWT,발리,e-영업3
DTWU,발망,e-영업3
DTWV,보테가 베네타,e-영업3
DTX2,셀린,e-영업3
DTX3,끌로에,e-영업3
DTX6,꼼데가르송,e-영업3
DTX8,시피 컴퍼니,e-영업3
DTXH,펜디,e-영업3
DTXI,살바토레 페라가모,e-영업3
DTXL,지방시,e-영업3
DTXM,골든구스,e-영업3
DTXN,구찌,e-영업3
DTXT,겐조,e-영업3
DTXV,로에베,e-영업3
DTXW,메종키츠네,e-영업3
DTY0,마르니,e-영업3
DTY1,마이클 코어스,e-영업3
DTY2,미우미우,e-영업3
DTY3,몽끌레어,e-영업3
DTYH,필립모델,e-영업3
DTYI,프라다,e-영업3
DTYJ,프리미아타,e-영업3
DTYQ,생 로랑,e-영업3
DTYU,스튜어트 와이츠먼,e-영업3
DTYW,토즈,e-영업3
DTYY,토리버치,e-영업3
DTYZ,발렌티노,e-영업3
DTZ2,비비안 웨스트우드,e-영업3
DTZ7,조쉬,e-영업3
DTZ8,마리안느,e-영업3
DTZA,수잇수잇,e-영업3
DTZB,복스,e-영업3
DTZF,닥터바이오,e-영업4
DTZH,댕댕이가게,e-영업4
DTZJ,메디올리,e-영업4
DTZK,제이엠솔루션,e-영업4
DTZL,로나머레이,e-영업3
DTZO,솔트워터,e-영업3
DTZP,왁,e-영업4
DTZR,르메르,e-영업3
DTZS,세니트,e-영업3
DTZT,헤레우,e-영업3
DTZU,가니,e-영업3
DTZW,제이린드버그,e-영업4
DTZY,와일드동키,e-영업3
DU02,크록스,e-영업3
DU04,아닉구딸,e-영업4
DU05,구찌,e-영업4
DU06,그란데래쉬,e-영업4
DU07,크록스,e-영업3
DU08,그레,e-영업4
DU09,그로운 알케미스트,e-영업4
DU0A,마팔다델라스칼라,e-영업3
DU0D,듀엠,e-영업4
DU0E,지포어,e-영업3
DU0H,두센두센,e-영업4
DU0I,케이제이피,e-영업4
DU0P,다니엘크레뮤,e-영업3
DU10,글래스하우스,e-영업4
DU11,글램글로우,e-영업4
DU15,기노,e-영업4
DU16,기라로쉬,e-영업4
DU17,까르띠에,e-영업4
DU19,까사렐,e-영업4
DU1P,미우미우,e-영업3
DU1Q,구딸파리,e-영업4
DU1R,세르주루텐,e-영업4
DU1S,아쿠아디파르마,e-영업4
DU1T,에르메스,e-영업4
DU1U,입생로랑,e-영업4
DU1V,조르지오아르마니,e-영업4
DU1Y,톰포드,e-영업4
DU1Z,까르뱅,e-영업4
DU20,꼬달리,e-영업4
DU21,꼼데가르송,e-영업4
DU22,끌레드뽀,e-영업4
DU23,끌로에,e-영업4
DU25,디자인스킨,e-영업3
DU26,나르시소 로드리게스,e-영업4
DU27,비브르,e-영업4
DU2B,마리나드부르봉,e-영업4
DU2C,모노템,e-영업4
DU2D,살바도르달리,e-영업4
DU2G,호카 오네오네,e-영업3
DU2P,휠라,e-영업4
DU2Q,지포어,e-영업3
DU2R,제이린드버그,e-영업4
DU2V,지센,e-영업3
DU30,안방그릴,e-영업4
DU31,레노마,e-영업3
DU33,프로스펙스,e-영업3
DU34,휠라,e-영업3
DU38,크록스,e-영업3
DU3A,아페쎄,e-영업3
DU3S,프라다,e-영업3
DU3W,아미,e-영업3
DU49,코이바나,e-영업4
DU4A,오브베이스,e-영업4
DU4C,비버리힐즈 폴로클럽,e-영업3
DU4F,티엘티씨,e-영업4
DU4G,클레이탄,e-영업4
DU4K,런드레스,e-영업4
DU4L,헨리 스튜어트,e-영업4
DU4S,스컴버,e-영업3
DU4T,홀리카 홀리카,e-영업4
DU4U,엔프라니,e-영업4
DU4W,수수루스,e-영업4
DU4X,으네,e-영업3
DU4Y,자크뮈스,e-영업3
DU4Z,브이비씨까사,e-영업4
DU52,나소마토,e-영업4
DU53,나스,e-영업4
DU55,바잘,e-영업3
DU59,네스트,e-영업4
DU5B,엽페,e-영업3
DU5G,도미나스,e-영업4
DU5H,미꼬,e-영업3
DU5J,이아이레,e-영업4
DU5L,세인트 제임스,e-영업3
DU5W,오트리,e-영업3
DU5Y,투스티,e-영업4
DU60,네스티단테,e-영업4
DU62,네오스트라타,e-영업4
DU63,네츄라 비세,e-영업4
DU67,노티카,e-영업4
DU68,누들 앤 부,e-영업4
DU69,눅스,e-영업4
DU6B,폴로랄프로렌,e-영업3
DU6C,스투시,e-영업3
DU6D,플라주,e-영업3
DU6E,노엘로힐스,e-영업4
DU6G,나인위시스,e-영업4
DU6U,테리스페셜,e-영업4
DU71,닉스,e-영업4
DU74,니옥신,e-영업4
DU76,다비네스,e-영업4
DU77,다비도프,e-영업4
DU7K,프레드페리,e-영업3
DU7L,셀린느,e-영업3
DU7M,비비안웨스트우드,e-영업3
DU7Q,아크네 스튜디오,e-영업3
DU7R,알렉산더 맥퀸,e-영업3
DU7S,아미,e-영업3
DU7T,아페쎄,e-영업3
DU7U,오트리,e-영업3
DU7W,바라쿠타,e-영업3
DU7X,보테가 베네타,e-영업3
DU7Z,버버리,e-영업3
DU81,뉴트랄럭스 엠디,e-영업4
DU83,닥터 세바,e-영업4
DU84,닥터브란트,e-영업4
DU85,닥터 데니스 그로스,e-영업4
DU86,닥터 모리타,e-영업4
DU88,달팡,e-영업4
DU89,메종드쉬,e-영업3
DU8A,셀린느,e-영업3
DU8B,끌로에,e-영업3
DU8C,디올,e-영업3
DU8D,꼼데가르송,e-영업3
DU8F,씨피 컴퍼니,e-영업3
DU8G,디스퀘어드2,e-영업3
DU8H,피어오브갓,e-영업3
DU8I,펜디,e-영업3
DU8J,살바토레 페라가모,e-영업3
DU8K,가니,e-영업3
DU8L,지방시,e-영업3
DU8M,골든구스,e-영업3
DU8N,구찌,e-영업3
DU8P,겐조,e-영업3
DU8Q,로로피아나,e-영업3
DU8S,메종 마르지엘라,e-영업3
DU8T,메종 키츠네,e-영업3
DU8W,몽클레어,e-영업3
DU8X,무스너클,e-영업3
DU95,더마이,e-영업4
DU96,더마콜,e-영업4
DU98,더말로지카,e-영업4
DU99,더마힐,e-영업4
DU9B,파라점퍼스,e-영업3
DU9D,폴로 랄프로렌,e-영업3
DU9E,프라다,e-영업3
DU9F,스포티앤리치,e-영업3
DU9G,스톤아일랜드,e-영업3
DU9H,톰브라운,e-영업3
DU9I,톰포드,e-영업3
DU9J,발렌티노,e-영업3
DU9K,비비안 웨스트우드,e-영업3
DU9M,생 로랑,e-영업3
DU9N,캐트리스,e-영업4
DU9O,제이숲,e-영업4
DU9P,닥터제이콥스,e-영업4
DU9Q,아쿠아 디 소이,e-영업4
DU9T,엠지엠씨,e-영업4
DU9U,코딩,e-영업4
DU9Y,라스코,e-영업4
DUA1,가스트로박,e-영업4
DUA2,메종 마르지엘라,e-영업3
DUA3,노스페이스,e-영업4
DUA4,쿠피,e-영업4
DUA8,쉐프윈,e-영업4
DUA9,바슈롬,e-영업4
DUAG,헤일리,e-영업4
DUAH,엔에스알,e-영업4
DUAI,브리오니,e-영업4
DUAJ,헬렌카민스키,e-영업3
DUAK,브리오신,e-영업4
DUAM,그란츠,e-영업4
DUAN,솔금,e-영업4
DUAP,글렌뮤어,e-영업4
DUAQ,제이린드버그,e-영업3
DUB0,브랜즈,e-영업3
DUB1,모멘티,e-영업4
DUB2,토마스켄트,e-영업4
DUB3,마이크로매트,e-영업4
DUB4,메버릭,e-영업3
DUB5,나이스클랍,e-영업3
DUB6,카파,e-영업4
DUB7,까웨,e-영업4
DUB8,카인드베리,e-영업3
DUB9,셀린느,e-영업3
DUBB,토모,e-영업4
DUBC,메종드에디션,e-영업4
DUBD,포커시스,e-영업4
DUBE,포트메리온,e-영업4
DUBF,레녹스,e-영업4
DUBG,로얄알버트,e-영업4
DUBH,웨지우드,e-영업4
DUBJ,빌레로이앤보흐,e-영업4
DUBQ,니들스,e-영업3
DUBR,스투시,e-영업3
DUBS,프라다,e-영업3
DUBU,오라 타임피스,e-영업3
DUBV,태그 호이어,e-영업3
DUBW,오메가,e-영업3
DUBY,해밀턴,e-영업3
DUBZ,프레드릭콘스탄트,e-영업3
DUC0,세이코,e-영업3
DUC1,스와로브스키,e-영업3
DUC2,오리엔트,e-영업3
DUC3,몽블랑,e-영업3
DUC4,루미녹스,e-영업3
DUC5,티쏘,e-영업3
DUC6,다니엘웰링톤,e-영업3
DUC8,르젠,e-영업4
DUC9,라이프로그,e-영업3
DUCA,지센옴므,e-영업3
DUCB,힌자,e-영업4
DUCC,썬젤리,e-영업4
DUCI,브룩스브라더스,e-영업3
DUCL,세이코,e-영업3
DUCN,지샥,e-영업3
DUCO,태그호이어,e-영업3
DUCP,티쏘,e-영업3
DUCQ,프레드릭콘스탄트,e-영업3
DUCR,해밀턴,e-영업3
DUCS,엠포리오아르마니,e-영업3
DUCT,구찌,e-영업3
DUCU,디케이엔와이,e-영업3
DUCW,카시오,e-영업3
DUCX,살바토레페라가모,e-영업3
DUCY,판도라,e-영업3
DUCZ,베리스톤,e-영업3
DUD0,베리스톤,e-영업3
DUD2,알렉산더맥퀸,e-영업3
DUD4,발리,e-영업3
DUD5,꼼데가르송플레이,e-영업3
DUD8,질샌더,e-영업3
DUD9,만수르가브리엘,e-영업3
DUDD,스와로브스키,e-영업3
DUDF,발렌티노,e-영업3
DUDG,마크제이콥스,e-영업3
DUDH,치터채터,e-영업3
DUDL,톰포드,e-영업3
DUDM,로베르토 카발리,e-영업3
DUDO,맨온더분.,e-영업3
DUDQ,물들임,e-영업4
DUDT,써네이,e-영업3
DUDX,뷰캔,e-영업4
DUDY,카를로타 레이,e-영업4
DUDZ,롤리타렘피카,e-영업4
DUE0,큐티폴,e-영업4
DUE3,온앤온,e-영업3
DUE4,폴로랄프로렌,e-영업3
DUE7,카루셀,e-영업4
DUEA,제뉴인스,e-영업3
DUEB,데이브앤데이즈,e-영업4
DUEC,우드올렌스,e-영업4
DUEH,체스키포슬란,e-영업4
DUEO,스트라이벡틴,e-영업4
DUEP,구찌,e-영업3
DUEX,온유바이오,e-영업4
DUEZ,레트로슈퍼퓨처,e-영업3
DUF0,랙앤본,e-영업3
DUF3,포버디,e-영업4
DUF5,르젠,e-영업4
DUF6,레인디어,e-영업4
DUF9,스와로브스키,e-영업3
DUFA,스케쳐스,e-영업4
DUFB,비티에스,e-영업3
DUFD,케이투,e-영업4
DUFE,아이더,e-영업4
DUFF,와이드앵글,e-영업4
DUFG,오트리,e-영업3
DUFH,미하라야스히로,e-영업3
DUFJ,끌로에,e-영업3
DUFK,스포티앤리치,e-영업3
DUFL,큘,e-영업3
DUFN,미니로디니,e-영업3
DUFO,보보쇼즈,e-영업3
DUFP,봉쁘앙,e-영업3
DUFQ,봉통,e-영업3
DUFR,타오,e-영업3
DUGT,딥티크,e-영업4
DUGV,화이트오가니아,e-영업4
DUGX,파타고니아,e-영업3
DUGZ,블루드쇼프,e-영업3
DUH1,마크제이콥스,e-영업3
DUH4,소이담,e-영업4
DUH5,아페쎄,e-영업3
DUH6,아크네 스튜디오,e-영업3
DUH8,발리,e-영업3
DUH9,보테가 베네타,e-영업3
DUHB,바이파,e-영업3
DUHE,꼼데가르송 플레이,e-영업3
DUHF,드홀드무슈,e-영업3
DUHG,살바토레 페라가모,e-영업3
DUHI,가니,e-영업3
DUHK,이자벨마랑,e-영업3
DUHM,제이더블유앤더슨,e-영업3
DUHP,메종 키츠네,e-영업3
DUHQ,메종 마르지엘라,e-영업3
DUHR,메종미하라야스히로,e-영업3
DUHS,마르니,e-영업3
DUHU,몽클레어,e-영업3
DUHW,폴스미스,e-영업3
DUHX,리프레젠트,e-영업3
DUHZ,스포티앤리치,e-영업3
DUI2,톰브라운,e-영업3
DUI3,토즈,e-영업3
DUI4,토리버치,e-영업3
DUI5,토템,e-영업3
DUI7,비비안 웨스트우드,e-영업3
DUI9,에이에이치씨,e-영업4
DUIB,힙스타,e-영업4
DUIC,까스텔바작,e-영업4
DUID,피지에이,e-영업4
DUIE,불가리,e-영업4
DUIF,입생로랑,e-영업4
DUIG,아라미스,e-영업4
DUIH,아쿠아 디 파르마,e-영업4
DUII,캘빈클라인,e-영업4
DUIJ,토니노 람보르기니,e-영업4
DUIK,롤리타 렘피카,e-영업4
DUIM,버버리,e-영업4
DUIN,랑방,e-영업4
DUIO,지미추,e-영업4
DUIP,클린,e-영업4
DUIQ,살바토레 페라가모,e-영업4
DUIR,안나수이,e-영업4
DUIS,다비도프,e-영업4
DUIT,겐조,e-영업4
DUIW,엘리자베스아덴,e-영업4
DUJF,엘리자베스아덴,e-영업4
DUJG,조 말론,e-영업4
DUJH,네파,e-영업3
DUJI,더 로우,e-영업3
DUJJ,헬렌카민스키,e-영업3
DUJM,바라쿠타,e-영업3
DUJN,니들스,e-영업3
DUJO,가니,e-영업3
DUJP,마놀로 블라닉,e-영업3
DUJR,닥터하우스,e-영업4
DUJS,스포티앤리치,e-영업3
DUJV,난리,e-영업4
DUJW,셀리그램,e-영업4
DUJZ,플로브,e-영업3
DUK3,안토니모라토,e-영업3
DUK4,예루살렘,e-영업3
DUK5,에이스,e-영업3
DUK6,니브,e-영업3
DUK7,페라가모,e-영업3
DUK8,파라부트,e-영업3
DUK9,악셀아리가토,e-영업3
DUKA,로로피아나,e-영업3
DUKB,말본,e-영업4
DUKG,보니데,e-영업4
DUKH,캠퍼,e-영업3
DUKN,블란다,e-영업4
DUKU,블루마운틴,e-영업3
DUKV,클락스,e-영업3
DUKW,바스,e-영업3
DUKX,베일리스앤하딩,e-영업4
DUL0,아이더,e-영업4
DUL1,케이투,e-영업3
DUL2,스탠리,e-영업4
DUL3,하코야,e-영업4
DUL5,리넥,e-영업4
DUL8,르리에 알비스,e-영업4
DUL9,와이드앵글,e-영업4
DULA,발렌시아,e-영업4
DULB,킹마담건강침대,e-영업4
DULE,레미유,e-영업4
DULL,플라스틱아일랜드,e-영업3
DULQ,오트리,e-영업3
DULR,씨바이끌로에,e-영업3
DULT,지포어,e-영업3
DULU,캘러웨이,e-영업4
DULW,장아떼,e-영업4
DULZ,폴로 랄프로렌,e-영업3
DUM0,뉴발란스,e-영업3
DUM6,과일나라,e-영업4
DUM7,세인트제임스,e-영업3
DUM8,마비스,e-영업4
DUM9,아에르,e-영업3
DUMB,엘르,e-영업3
DUMC,엘루자이,e-영업4
DUMD,김소형풀,e-영업4
DUMF,지디에스,e-영업4
DUMG,일동제약,e-영업4
DUMI,프레,e-영업4
DUMK,제네바,e-영업4
DUMR,스와니브,e-영업4
DUMT,에이쓰리에프온,e-영업4
DUMV,꽃을든남자,e-영업4
DUMX,더후,e-영업4
DUMY,도루코,e-영업4
DUN0,라미화장품,e-영업4
DUN2,설려,e-영업4
DUNB,애경,e-영업4
DUNF,오가니아,e-영업4
DUNG,오릭스,e-영업4
DUNH,오휘,e-영업4
DUNK,입큰,e-영업4
DUNQ,다나한,e-영업4
DUNV,릴랙시아,e-영업4
DUNZ,바세린,e-영업4
DUO3,쉬크,e-영업4
DUO4,가인비책,e-영업4
DUOF,코티,e-영업4
DUOH,피어리스인터내셔널,e-영업4
DUON,드봉,e-영업4
DUOW,숨37,e-영업4
DUP0,에바스,e-영업4
DUP1,엔프라니,e-영업4
DUP6,이노벨라,e-영업4
DUP7,이지앤,e-영업4
DUPC,피펄,e-영업4
DUPE,하이드로겐,e-영업4
DUPF,더마라인,e-영업4
DUPG,미스터마리아,e-영업4
DUPH,삼성,e-영업4
DUPJ,말본,e-영업4
DUPK,트로앤토프,e-영업3
DUPP,어그,e-영업3
DUPQ,밀리언데이,e-영업3
DUPR,에콥,e-영업4
DUPV,기가,e-영업4
DUPW,지브이투어,e-영업4
DUPX,하리마,e-영업4
DUQ0,시낭,e-영업4
DUQ2,엠에스지엠,e-영업3
DUR4,마우로 그리포니,e-영업3
DUR7,아더에러,e-영업3
DURA,엠포리오아르마니,e-영업3
DURF,키톤,e-영업3
DURH,트로엔토프,e-영업3
DURI,오트리,e-영업3
DURJ,포르테 포르테,e-영업3
DURM,캠퍼,e-영업3
DURO,엠포리오 아르마니,e-영업3
DURQ,제로그램,e-영업4
DURR,라라써니사이드,e-영업4
DURS,제로그램,e-영업4
DURT,클린,e-영업4
DURU,존프리다,e-영업4
DURV,네파,e-영업4
DURW,크리스탈헤이즈,e-영업3
DURY,비오스코,e-영업4
DURZ,니샤네,e-영업4
DUS2,바라쿠타,e-영업3
DUS3,레이나 올가,e-영업3
DUS4,아노바,e-영업4
DUS7,가니,e-영업3
DUSC,에코,e-영업3
DUSF,볼타,e-영업4
DUSG,아키텍트메이드,e-영업4
DUSH,케이트,e-영업4
DUSI,모다모다,e-영업4
DUSJ,에이에이치씨,e-영업4
DUSN,궁중비책,e-영업4
DUSO,락포트,e-영업3
DUSP,오트리,e-영업3
DUSQ,나드리,e-영업4
DUSX,샤넬,e-영업3
DUT0,에르메스,e-영업3
DUT1,구찌,e-영업3
DUT2,디올,e-영업3
DUT3,디스커버리,e-영업3
DUT4,노스페이스,e-영업4
DUT5,내셔널지오그래픽,e-영업4
DUT6,케이투,e-영업4
DUT7,아디다스,e-영업4
DUT8,아디다스,e-영업3
DUT9,엠엘비,e-영업4
DUTA,엠엘비,e-영업3
DUTB,셀린느,e-영업3
DUTN,아에르,e-영업3
DUTO,바이진저,e-영업3
DUTR,파타고니아,e-영업4
DUTX,4711,e-영업4
DUTZ,롱샴,e-영업3
DUU2,아라미스,e-영업4
DUU3,클리오,e-영업4
DUU5,베네디,e-영업3
DUU9,아페로스,e-영업4
DUUA,세인트제임스,e-영업3
DUUD,랩백,e-영업3
DUUH,용카,e-영업4
DUUR,서울펫,e-영업4
DUUS,린튼,e-영업4
DUUT,엠도씨,e-영업4
DUUV,어그,e-영업3
DUUW,크로우캐년,e-영업4
DUUX,제니아테일러,e-영업4
DUUY,두잇,e-영업4
DUUZ,문샷,e-영업4
DUV0,블랑데보쥬,e-영업4
DUV7,듀얼릿,e-영업4
DUVB,조말론,e-영업4
DUVF,뉴에라,e-영업3
DUVH,마리아꾸르끼,e-영업3
DUVK,오트리,e-영업3
DUVL,닥스,e-영업3
DUVM,나이키,e-영업3
DUVN,아디다스,e-영업3
DUVO,푸마,e-영업3
DUVP,언더아머,e-영업3
DUVQ,뉴발란스,e-영업3
DUVR,휠라,e-영업3
DUVS,컨버스,e-영업3
DUVT,나이키,e-영업3
DUVU,뉴발란스,e-영업3
DUVW,문스타,e-영업3
DUVY,스투시,e-영업3
DUVZ,우포스,e-영업3
DUW1,폴로 랄프로렌,e-영업3
DUW4,코스,e-영업3
DUW6,아디다스,e-영업3
DUW7,어그,e-영업3
DUW9,디,e-영업3
DUWA,노스페이스,e-영업3
DUWB,크록스,e-영업3
DUWC,아식스,e-영업3
DUWD,비비안,e-영업3
DUWF,폴로,e-영업3
DUWH,자라,e-영업3
DUWK,풋조이,e-영업3
DUWL,타이틀리스트,e-영업3
DUWM,살로몬,e-영업3
DUWN,더 로켓,e-영업3
DUWO,어몽,e-영업3
DUWP,콤 스튜디오,e-영업3
DUWQ,히든포레스트마켓,e-영업3
DUWR,늘,e-영업3
DUWS,헬렌카민스키,e-영업3
DUWU,아페쎄,e-영업3
DUWV,스텔라맥카트니,e-영업3
DUWW,에트로,e-영업3
DUWX,크리스탈 헤이즈,e-영업3
DUWY,꾸레쥬,e-영업3
DUWZ,나이젤 카본,e-영업3
DUXY,헉슬리,e-영업4
DUY9,데렉램,e-영업4
DUYC,토카,e-영업4
DUYD,까사렐,e-영업4
DUYF,파시에라,e-영업3
DUYL,델키,e-영업4
DUYN,아비브,e-영업4
DUYO,연세생활건강,e-영업4
DUYP,에이플랑,e-영업3
DUYQ,유돈초이,e-영업3
DUYS,에스.티. 듀퐁 파리스,e-영업3
DUYT,에스.티. 듀퐁 클래식,e-영업3
DUYU,에스.티. 듀퐁 클래식 셔츠,e-영업3
DUYV,브로이어,e-영업3
DUYW,오엘라,e-영업4
DV00,레노마,e-영업3
DV02,마이니,e-영업4
DV11,더밤,e-영업4
DV12,던힐,e-영업4
DV14,테라로직,e-영업4
DV16,데메테르,e-영업4
DV21,데자뷰,e-영업4
DV22,델라롬,e-영업4
DV23,돌체앤가바나,e-영업4
DV26,드끌레오,e-영업4
DV27,디 아트 오브 쉐이빙,e-영업4
DV33,디케이엔와이,e-영업4
DV34,딥티크,e-영업4
DV36,딸고,e-영업4
DV39,랑세,e-영업4
DV8E,라메종드도도,e-영업3
DV8Q,폴로 랄프로렌,e-영업3
DV8R,핏플랍,e-영업3
DV8S,까사몬타,e-영업3
DV8Y,비즈빔,e-영업3
DV9A,스튜디오 니콜슨,e-영업3
DV9F,크록스,e-영업3
DV9G,토템,e-영업3
DV9H,펜디,e-영업3
DV9K,마이다스,e-영업3
DVA6,보스,e-영업3
DVA8,롱샴,e-영업3
DVDJ,번지,e-영업4
DVDO,미하라야스히로,e-영업3
DVE5,토리버치,e-영업3
DVED,아워레가시,e-영업3
DVEF,아크테릭스,e-영업3
DVEG,제이린드버그,e-영업3
DVER,아미,e-영업3
DVES,브에노,e-영업4
DVET,닥터마틴,e-영업3
DVEW,브람스,e-영업4
DVF0,샤넬,e-영업3
DVF1,크록스,e-영업3
DVF2,메듀즈,e-영업3
DVF5,조은팩토리,e-영업4
DVF6,라코스테,e-영업3
DVFA,루이비통,e-영업3
DVFB,입생로랑,e-영업3
DVFC,조말론,e-영업3
DVFE,벤셔먼,e-영업3
DVFG,어그,e-영업3
DVFH,휴먼스케일,e-영업4
DVFI,자노따,e-영업4
DVFJ,테크노,e-영업4
DVFM,플레이언,e-영업3
DVFN,어그,e-영업3
DVFO,르 아르베이,e-영업3
DVFP,미우미우,e-영업3
DVFQ,아미,e-영업3
DVFT,므몽,e-영업3
DVFU,비스크,e-영업3
DVFV,지엘리,e-영업4
DVFX,홈풀,e-영업4
DVFZ,미즈노,e-영업4
DVG1,가니,e-영업3
DVG7,슬로코스터,e-영업4
DVG9,휠라,e-영업3
DVGA,드래곤,e-영업3
DVGD,아브카,e-영업4
DVGF,스네일라이프,e-영업4
DVGO,언더아머,e-영업3
DVGP,에코,e-영업3
DVGW,올세인츠,e-영업3
DVH0,아식스,e-영업3
DVHB,블랙다이아몬드,e-영업3
DVHE,부테로,e-영업3
DVHO,컨버스,e-영업3
DVHR,피엘라벤,e-영업3
DVHS,지포어,e-영업3
DVHV,제옥스,e-영업3
DVHZ,그레고리,e-영업3
DVI4,헤레우,e-영업3
DVIA,허프,e-영업3
DVIQ,리바이스,e-영업3
DVJ5,미스테리랜치,e-영업3
DVJB,오클리,e-영업3
DVJO,스포티앤리치,e-영업3
DVK8,노스 페이스,e-영업3
DVKA,라그랑,e-영업4
DVKB,마더니아,e-영업4
DVKP,옴므플리세 이세이미야케,e-영업3
DVKY,반스,e-영업3
DVL4,레노버 레쿠,e-영업4
DVL5,제로스트릿,e-영업3
DVL7,벨리카가구,e-영업4
DVL8,발렌시아가,e-영업3
DVL9,버버리,e-영업3
DVLA,스톤아일랜드,e-영업3
DVLB,프라다,e-영업3
DVLC,펜디,e-영업3
DVLD,알렉산더 맥퀸,e-영업3
DVLE,몽클레어,e-영업3
DVLF,아크네 스튜디오,e-영업3
DVLG,아미,e-영업3
DVLH,폴로 랄프로렌,e-영업3
DVLI,스튜어트와이츠먼,e-영업3
DVLK,발리,e-영업3
DVLM,구찌,e-영업3
DVLN,메종 키츠네,e-영업3
DVLO,미우미우,e-영업3
DVLP,오트리,e-영업3
DVLQ,질샌더,e-영업3
DVLR,생 로랑,e-영업3
DVLS,발렌티노,e-영업3
DVLT,비비안 웨스트우드,e-영업3
DVLV,살바토레 페라가모,e-영업3
DVLW,골든구스,e-영업3
DVLX,에센셜-피어오브갓,e-영업3
DVLY,보테가 베네타,e-영업3
DVLZ,끌로에,e-영업3
DVM0,아페쎄,e-영업3
DVM1,톰브라운,e-영업3
DVM3,메종 마르지엘라,e-영업3
DVM4,겐조,e-영업3
DVM5,마틴로즈,e-영업3
DVM9,톰포드,e-영업3
DVMA,스투시,e-영업3
DVMB,셀린느,e-영업3
DVMF,꼼데가르송,e-영업3
DVMH,부테로,e-영업3
DVMI,디올,e-영업3
DVMK,우영미,e-영업3
DVML,르메르,e-영업3
DVMM,로에베,e-영업3
DVMN,자크뮈스,e-영업3
DVMO,가니,e-영업3
DVMP,아워 레가시,e-영업3
DVMQ,리프로덕션 오브 파운드,e-영업3
DVMR,나이키,e-영업3
DVMS,씨피 컴퍼니,e-영업3
DVN1,에르메스,e-영업3
DVN5,커먼 프로젝트,e-영업3
DVN6,존바이런,e-영업4
DVN7,아미스포츠,e-영업4
DVNC,브루넬로쿠치넬리,e-영업3
DVNF,어그,e-영업3
DVNI,자크뮈스,e-영업3
DVNN,랑콤,e-영업4
DVNP,꾸레쥬,e-영업3
DVNR,리치,e-영업4
DVNS,맘트리퍼니처,e-영업4
DVNT,프라다,e-영업3
DVNW,케드마,e-영업4
DVOA,크리스틴,e-영업3
DVOB,미켈란,e-영업4
DVOC,샘스,e-영업4
DVOD,퓨어바디내추럴스,e-영업4
DVOE,지안프랑코 페레,e-영업3
DVOF,벨링거,e-영업3
DVOG,자포니즘,e-영업3
DVOH,피큐,e-영업3
DVOI,소니아리키엘,e-영업3
DVOL,구찌,e-영업3
DVOR,바오바오,e-영업3
DVOS,보테가 베네타,e-영업3
DVOT,버버리,e-영업3
DVOU,꼼데가르송,e-영업3
DVOV,씨피컴퍼니,e-영업3
DVP5,오프화이트,e-영업3
DVP6,프라다,e-영업3
DVP8,페라가모,e-영업3
DVP9,스톤아일랜드,e-영업3
DVPA,톰브라운,e-영업3
DVPD,아페쎄,e-영업3
DVPE,알렉산더 맥퀸,e-영업3
DVPF,아미,e-영업3
DVPN,겐조,e-영업3
DVPO,메종 마르지엘라,e-영업3
DVPT,몽클레르,e-영업3
DVPX,생로랑,e-영업3
DVQ2,발렌티노,e-영업3
DVQ3,알도,e-영업3
DVQ8,아페쎄,e-영업3
DVQC,클락스,e-영업3
DVQD,오스너,e-영업4
DVQE,피파 오피셜라이선스프로덕트,e-영업4
DVQF,듀크레이,e-영업4
DVQG,카카오프렌즈,e-영업3
DVQH,리틀쿤,e-영업3
DVQK,도그아띠,e-영업4
DVQL,멀버리,e-영업3
DVQM,메종 마르지엘라,e-영업3
DVQP,버버리,e-영업3
DVQW,플리프,e-영업4
DVQY,빅토리아 베컴,e-영업3
DVR9,아크테릭스,e-영업3
DVRB,오트리,e-영업3
DVRC,보그너,e-영업3
DVRF,칼하트,e-영업3
DVRH,챠로 루이스,e-영업3
DVRI,초포바 로위나,e-영업3
DVRJ,컨버스,e-영업3
DVRK,디젤,e-영업3
DVRO,이알엘,e-영업3
DVRR,프레임,e-영업3
DVRT,꾸레쥬,e-영업3
DVRU,사브르,e-영업4
DVRV,쎄비앤커키,e-영업4
DVRX,스타일러스,e-영업3
DVRY,로제도르,e-영업3
DVRZ,캅카,e-영업4
DVS1,더엣지,e-영업3
DVS2,뉴발란스,e-영업3
DVS9,윌파,e-영업4
DVSA,제나셀,e-영업4
DVSB,라입,e-영업4
DVSC,하이트만,e-영업4
DVSD,알라이아,e-영업3
DVSE,피엘디크,e-영업4
DVSK,로얄코펜하겐,e-영업4
DVSU,연세생활건강,e-영업4
DVSV,연세생활건강,e-영업4
DVSY,윌헤미나 가르시아,e-영업3
DVSZ,몽클레어,e-영업3
DVT0,버버리,e-영업3
DVTQ,무스너클,e-영업3
DVTS,던힐,e-영업4
DVTT,칼 라거펠트,e-영업4
DVU1,메종마르지엘라,e-영업3
DVU2,아이라인,e-영업3
DVU3,센트럴리빙,e-영업4
DVU4,로즈몽,e-영업3
DVU6,블리스텍스,e-영업4
DVUE,아에르,e-영업4
DVUF,올클래식,e-영업3
DVUG,로스트가든,e-영업3
DVUH,더턴,e-영업3
DVUJ,갤빈그린,e-영업4
DVUL,에이티피코,e-영업3
DVUN,팔콘,e-영업4
DVUU,문부츠,e-영업3
DVUX,발비,e-영업4
DVUY,아크테릭스,e-영업4
DVUZ,플레이부,e-영업4
DVV2,오로비앙코,e-영업3
DVV4,장폴 클라리쎄,e-영업3
DVV5,메듀즈,e-영업3
DVV8,데우스 엑스 마키나,e-영업3
DVV9,비지트인뉴욕,e-영업3
DVVB,숲,e-영업3
DVVC,지포어,e-영업4
DVVD,발렌시아가,e-영업3
DVVH,몽클레어,e-영업3
DVVJ,아미,e-영업3
DVVQ,질샌더,e-영업3
DVVZ,프로틴업,e-영업4
DVW2,루이비통,e-영업3
DVW4,닥터디퍼런트,e-영업4
DVW7,디코라,e-영업4
DVW8,공공공일,e-영업4
DVW9,무아르보,e-영업3
DVWB,메종드파리,e-영업4
DVWD,뉴트리커먼,e-영업4
DVWG,슬로워,e-영업4
DVWN,더리얼,e-영업4
DVWO,잔스포츠,e-영업3
DVWQ,로얄포드,e-영업4
DVWS,모스키노,e-영업3
DVWU,닐바렛,e-영업3
DVWW,끌로에,e-영업3
DVWY,아크네스튜디오,e-영업3
DVX3,지씨디에스,e-영업3
DVX4,톰브라운,e-영업3
DVX6,겐조,e-영업3
DVX9,배로우,e-영업3
DVXB,스텔라맥카트니,e-영업3
DVXG,메디하임,e-영업4
DVXH,루나솔,e-영업4
DVXI,페라가모,e-영업3
DVXJ,가넷옴므,e-영업3
DVXK,디,e-영업3
DVXO,더티 웍스,e-영업4
DVXV,제이린드버그,e-영업3
DVXX,캘러웨이,e-영업3
DVXY,라코스테,e-영업3
DVXZ,오메가,e-영업3
DVY3,띠어리,e-영업3
DVY5,아크테릭스,e-영업3
DVY6,아워레가시,e-영업3
DVYI,아크테릭스,e-영업3
DVYK,어그,e-영업3
DVYP,헬렌카민스키,e-영업3
DVYR,아페쎄,e-영업3
DVYT,아크네 스튜디오,e-영업3
DVYW,아미,e-영업3
DVZ2,꼼데가르송,e-영업3
DVZ4,씨피컴퍼니,e-영업3
DVZA,구이디,e-영업3
DVZE,옴므플리세 이세이미야케,e-영업3
DVZG,질샌더,e-영업3
DVZM,메종 키츠네,e-영업3
DVZN,메종 마르지엘라,e-영업3
DVZO,메종 미하라 야스히로,e-영업3
DVZV,아워레가시,e-영업3
DVZZ,리프레젠트,e-영업3
DW0A,릭오웬스,e-영업3
DW0C,셀프메이드,e-영업3
DW0F,스톤아일랜드,e-영업3
DW0G,톰브라운,e-영업3
DW0I,와이쓰리,e-영업3
DW0O,앳홈,e-영업4
DW0Q,에이치비비,e-영업4
DW0S,지포어,e-영업4
DW0T,포르쉐디자인,e-영업3
DW0V,토즈,e-영업3
DW0W,오트리,e-영업3
DW0Z,노르딕캠프,e-영업4
DW1A,레벤픽,e-영업4
DW1B,클린샤워,e-영업4
DW1D,누스미크,e-영업3
DW1E,디케이엔와이,e-영업4
DW1F,비비안 웨스트우드,e-영업3
DW1G,베이스레인지,e-영업3
DW1H,드로게리아 크리베리니,e-영업3
DW1I,익스트림 캐시미어,e-영업3
DW1J,하이,e-영업3
DW1K,헤레우,e-영업3
DW1L,옌키 옌키,e-영업3
DW1M,겐조,e-영업3
DW1O,르네블랑쉬,e-영업4
DW1Q,크록스,e-영업3
DW1R,프라우반,e-영업4
DW1T,보타랩,e-영업4
DW1U,인셀덤,e-영업4
DW1Y,모로칸오일,e-영업4
DW2A,센트룸,e-영업4
DW2Q,테라브레스,e-영업4
DW2S,헤드앤숄더,e-영업4
DW2T,도브,e-영업4
DW2Y,네일매드,e-영업4
DW3E,닥터리코스메틱,e-영업4
DW3F,굿즈트리,e-영업4
DW3I,미우미우,e-영업3
DW3J,풀빅바이오,e-영업4
DW3K,실버스타,e-영업4
DW3M,페라로 밀라노,e-영업3
DW3O,자브라,e-영업4
DW3P,플레이보이,e-영업4
DW3Q,스르르,e-영업4
DW3R,레페토,e-영업3
DW3X,미우미우,e-영업3
DW3Z,지포어,e-영업4
DW4A,오트리,e-영업3
DW4B,빌보드스타일,e-영업4
DW4L,에르메스,e-영업3
DW4M,헬렌카민스키,e-영업3
DW4S,미도,e-영업3
DW4T,블루제이너클럽,e-영업4
DW4V,블랙하비,e-영업4
DW4W,반스,e-영업4
DW4X,그라미치,e-영업4
DW4Z,오트리,e-영업3
DW5B,바라쿠타,e-영업3
DW5F,로젠탈,e-영업4
DW5H,로로 피아나,e-영업3
DW5N,베르사체,e-영업3
DW5O,닥터캠프,e-영업4
DW5Q,에임에이지 스튜디오,e-영업3
DW5T,알렉스,e-영업4
DW5Y,제이 린드버그,e-영업3
DW6B,아이스크림,e-영업3
DW6F,버팔로,e-영업4
DW6G,아누아,e-영업4
DW6H,몽크로스,e-영업4
DW6I,밀레,e-영업4
DW6L,울랄라,e-영업3
DW6V,아니아 하이에,e-영업3
DW6Y,라이필,e-영업4
DW6Z,비비안 웨스트우드,e-영업3
DW8E,마블,e-영업4
DW8M,찰스 제프리 러버보이,e-영업3
DW8O,자크뮈스,e-영업3
DW8T,피콕,e-영업4
DW8V,47브랜드,e-영업4
DW9B,플러키티,e-영업3
DW9H,소다,e-영업3
DW9I,포르쉐 디자인,e-영업3
DW9L,락포트,e-영업3
DW9M,에코,e-영업3
DW9P,오버랩,e-영업3
DW9Q,캘러웨이_유료,e-영업4
DW9R,핑_유료,e-영업4
DW9S,테일러메이드_유료,e-영업4
DW9T,볼빅_유료,e-영업4
DW9U,마제스티_유료,e-영업4
DW9W,녹족,e-영업4
DWA2,클레버필드,e-영업4
DWA3,아르떼펠레,e-영업4
DWA6,코리아나,e-영업4
DWA7,범양글러브,e-영업4
DWA8,옐로우바나나,e-영업4
DWA9,보스(골프),e-영업4
DWAB,지포어,e-영업3
DWAI,구찌,e-영업3
DWAJ,샤넬,e-영업3
DWAK,디올,e-영업3
DWAL,프라다,e-영업3
DWAO,루이비통,e-영업3
DWAS,보테가베네타,e-영업3
DWBD,맨온더분.,e-영업3
DWBE,구이디,e-영업3
DWBF,알렉산드라리치,e-영업3
DWBG,아스토플렉스,e-영업3
DWBH,테일러메이드_클럽단품,e-영업4
DWBI,테일러메이드_클럽,e-영업4
DWBJ,마제스티_무료,e-영업4
DWBK,마제스티_클럽단품,e-영업4
DWBL,마제스티_클럽,e-영업4
DWBM,캘러웨이_무료,e-영업4
DWBN,캘러웨이_클럽단품,e-영업4
DWBO,캘러웨이_클럽,e-영업4
DWBQ,핑_클럽단품,e-영업4
DWBR,핑_클럽,e-영업4
DWBT,볼빅_클럽단품,e-영업4
DWBW,테일러메이드_무료,e-영업4
DWBX,다미아니,e-영업3
DWBZ,레프트서울,e-영업3
DWC1,토트넘 홋스퍼,e-영업3
DWC3,디즈니,e-영업4
DWC8,보스,e-영업3
DWC9,코비스스포츠,e-영업4
DWCA,소유하리(가전),e-영업4
DWCG,카시오,e-영업3
DWDN,아이그너,e-영업3
DWDO,캘빈클라인,e-영업3
DWDP,카시오,e-영업3
DWDQ,시티즌,e-영업3
DWDR,디젤,e-영업3
DWDS,도나카란뉴욕,e-영업3
DWDT,엠포리오 아르마니,e-영업3
DWDV,살바토레 페라가모,e-영업3
DWDW,포체,e-영업3
DWDY,프레드릭 콘스탄트,e-영업3
DWDZ,지샥,e-영업3
DWE0,그랜드 세이코,e-영업3
DWE1,구찌,e-영업3
DWE3,해밀턴,e-영업3
DWE7,루미녹스,e-영업3
DWE8,마이클 코어스,e-영업3
DWE9,미도,e-영업3
DWEA,몬데인,e-영업3
DWEB,몽블랑,e-영업3
DWEC,오메가,e-영업3
DWED,오리스,e-영업3
DWEE,판도라,e-영업3
DWEG,로즈몽,e-영업3
DWEH,세이코,e-영업3
DWEJ,스와로브스키,e-영업3
DWEK,스와치,e-영업3
DWEL,스위스밀리터리,e-영업3
DWEM,태그 호이어,e-영업3
DWEN,타이맥스,e-영업3
DWEO,티쏘,e-영업3
DWER,발렌티노,e-영업3
DWET,베르사체,e-영업3
DWEU,비비안웨스트우드,e-영업3
DWEZ,페트레이,e-영업3
DWF4,세인트제임스,e-영업3
DWF6,티르티르,e-영업4
DWFB,무스너클,e-영업3
DWFD,자이글,e-영업4
DWFE,베네통,e-영업3
DWFG,이지함피부과몰,e-영업4
DWFH,만수르 가브리엘,e-영업3
DWFJ,오프화이트,e-영업3
DWFK,러비네,e-영업3
DWFM,이노스,e-영업4
DWFN,월드컵,e-영업3
DWFO,고투,e-영업4
DWFP,코베아,e-영업4
DWFQ,반고,e-영업4
DWFR,스탠리,e-영업4
DWFS,보커,e-영업4
DWFT,알뜨알레,e-영업3
DWFU,라멜랑주,e-영업3
DWFV,에스알삼공,e-영업4
DWFW,미하라야스히로,e-영업3
DWG0,몽블랑,e-영업3
DWG1,지샥,e-영업3
DWG5,앰플브라운,e-영업4
DWG6,말랑하니,e-영업3
DWG7,니주르,e-영업3
DWG9,지씨디에스,e-영업3
DWGB,에트로,e-영업3
DWGD,무스너클,e-영업3
DWGF,리끌로우,e-영업3
DWGH,브리지스톤_유료,e-영업4
DWGK,브리지스톤_클럽,e-영업4
DWGL,클리브랜드_클럽단품,e-영업4
DWGM,젝시오_유료,e-영업4
DWGN,포틴_클럽단품,e-영업4
DWGO,에코_무료,e-영업4
DWGP,혼마_유료,e-영업4
DWGQ,퓨어캐시미어,e-영업3
DWGR,에코_유료,e-영업4
DWGS,커터앤벅,e-영업4
DWGT,심플리오,e-영업4
DWGU,구찌,e-영업3
DWGW,토리버치,e-영업3
DWGX,아디다스,e-영업4
DWGY,와일드 동키,e-영업3
DWH2,나이키,e-영업3
DWH6,크로우캐년,e-영업3
DWH7,메종 마르지엘라,e-영업4
DWHB,에어데이즈,e-영업4
DWHC,이비에,e-영업4
DWHE,아임리얼,e-영업4
DWHJ,바바리아,e-영업4
DWHN,아에르,e-영업4
DWHS,테스트1,e-영업3
DWHT,에이에이치씨,e-영업4
DWHU,터치인솔,e-영업4
DWI0,비비안 웨스트우드,e-영업3
DWI2,니나난나,e-영업3
DWI3,르누쿠,e-영업4
DWI4,조성아뷰티,e-영업4
DWI6,드루모어,e-영업3
DWI7,아워레가시,e-영업3
DWIA,오르페아,e-영업4
DWIB,푸마,e-영업4
DWID,노스게이트,e-영업3
DWIG,오트리,e-영업3
DWIJ,디젤,e-영업3
DWIM,바이오가이아,e-영업4
DWIR,아미,e-영업3
DWJ0,제이도,e-영업3
DWJ3,아이트인,e-영업4
DWJ5,락포트,e-영업3
DWJ9,비비드온,e-영업4
DWJH,야마하_클럽단품,e-영업4
DWJI,야마하_클럽,e-영업4
DWJL,아미,e-영업3
DWJN,보테가 베네타,e-영업3
DWJO,셀린느,e-영업3
DWJR,구찌,e-영업3
DWJT,메종 키츠네,e-영업3
DWJU,몽클레어,e-영업3
DWJX,프라다,e-영업3
DWJZ,스톤아일랜드,e-영업3
DWK0,톰브라운,e-영업3
DWK3,파타고니아,e-영업3
DWK4,오트리,e-영업3
DWK5,이세이미야케,e-영업3
DWK6,메종 마르지엘라,e-영업3
DWK8,펜디,e-영업3
DWK9,파라점퍼스,e-영업3
DWKA,나이키,e-영업3
DWKE,발렌티노,e-영업3
DWKG,미우미우,e-영업3
DWKH,토템,e-영업3
DWKI,아크네 스튜디오,e-영업3
DWKM,갤러리 디파트먼트,e-영업3
DWKO,꼼데가르송,e-영업3
DWKP,제이린드버그,e-영업3
DWKU,자크뮈스,e-영업3
DWKV,지포어,e-영업3
DWKW,샤넬,e-영업3
DWKY,루이비통,e-영업3
DWL0,르메르,e-영업3
DWL5,에이센트,e-영업4
DWL8,기타,e-영업4
DWL9,블러브,e-영업4
DWLC,이지듀,e-영업4
DWLD,바잘 어패럴,e-영업3
DWLG,알파카,e-영업4
DWLI,포켓배드,e-영업4
DWLJ,유캠프,e-영업4
DWLM,에블린,e-영업4
DWLN,구찌,e-영업3
DWLO,버버리,e-영업3
DWLP,마모트,e-영업4
DWM1,가버,e-영업3
DWM2,아더마스,e-영업4
DWM3,미스터매직,e-영업4
DWM5,맥카지,e-영업3
DWMR,스탠리,e-영업4
DWMW,이지트래블러,e-영업4
DWN6,킬리안,e-영업4
DWN9,구찌,e-영업3
DWNA,디올,e-영업3
DWNE,버버리,e-영업3
DWNF,뮤토,e-영업4
DWNG,오프위크,e-영업4
DWNI,입생로랑,e-영업3
DWNP,달팡,e-영업4
DWNQ,오트리,e-영업3
DWNZ,아디다스,e-영업4
DWO0,아페쎄,e-영업3
DWO2,알렉산더 맥퀸,e-영업3
DWO3,아미,e-영업3
DWO4,오트리,e-영업3
DWO5,발렌시아가,e-영업3
DWO6,발리,e-영업3
DWO9,브루넬로쿠치넬리,e-영업3
DWOA,버버리,e-영업3
DWOC,캐나다구스,e-영업3
DWOE,셀린,e-영업3
DWOG,끌로에,e-영업3
DWOH,꼼데가르송,e-영업3
DWOI,커먼프로젝트,e-영업3
DWOK,씨피컴퍼니,e-영업3
DWON,디스퀘어드2,e-영업3
DWOP,펜디,e-영업3
DWOQ,페라가모,e-영업3
DWOR,지포어,e-영업3
DWOS,가니,e-영업3
DWOT,지방시,e-영업3
DWOU,골든구스,e-영업3
DWOV,구찌,e-영업3
DWOW,구이디,e-영업3
DWOX,헬렌카민스키,e-영업3
DWOY,제이린드버그,e-영업3
DWOZ,질샌더,e-영업3
DWP0,겐조,e-영업3
DWP2,랑방,e-영업3
DWP4,로에베,e-영업3
DWP8,마르니,e-영업3
DWP9,마이클코어스,e-영업3
DWPA,미우미우,e-영업3
DWPB,몽클레어,e-영업3
DWPC,몽블랑,e-영업3
DWPD,무스너클,e-영업3
DWPF,오프화이트,e-영업3
DWPG,팜엔젤스,e-영업3
DWPH,파라점퍼스,e-영업3
DWPJ,프라다,e-영업3
DWPK,세인트제임스,e-영업3
DWPL,스텔라맥카트니,e-영업3
DWPM,스톤아일랜드,e-영업3
DWPN,스튜어트와이츠먼,e-영업3
DWPO,톰브라운,e-영업3
DWPP,톰포드,e-영업3
DWPR,발렌티노,e-영업3
DWPS,베르사체,e-영업3
DWPU,와이쓰리,e-영업3
DWPV,생로랑,e-영업3
DWPW,기타브랜드,e-영업4
DWPX,홀릭앤플레이,e-영업4
DWQ0,불가리,e-영업4
DWQ1,가니,e-영업3
DWQ2,가니,e-영업3
DWQ6,스포티앤리치,e-영업3
DWQA,앤더슨스,e-영업3
DWQI,랑방,e-영업4
DWQJ,폴로 랄프로렌,e-영업4
DWQL,캠퍼,e-영업3
DWQM,씨피 컴퍼니,e-영업3
DWQN,라르츠,e-영업4
DWQQ,에르메스,e-영업4
DWQR,드로게리아 크리베리니,e-영업3
DWQS,데렉램,e-영업3
DWQT,리모와,e-영업3
DWQV,데이빗 베컴,e-영업3
DWQX,오트리,e-영업3
DWQZ,크리스탈 헤이즈,e-영업3
DWR1,구찌,e-영업3
DWR9,피아쁘,e-영업4
DWRE,훌라,e-영업4
DWRI,블랑디바,e-영업4
DWRJ,빈슨메시프,e-영업4
DWRK,어반캠퍼,e-영업4
DWRL,포그닝,e-영업4
DWRN,조선땔감,e-영업4
DWRO,피레스트,e-영업4
DWRP,우영미,e-영업3
DWRR,튜맨,e-영업4
DWRS,튜맨티탄,e-영업4
DWRT,토토비즈,e-영업4
DWRU,산타마리아노벨라,e-영업4
DWRV,아워 레가시,e-영업3
DWRY,꾸레쥬,e-영업3
DWS2,바나나 리퍼블릭,e-영업3
DWS4,람다,e-영업4
DWS5,디올,e-영업4
DWS7,입생로랑,e-영업4
DWS8,유라이크왓,e-영업4
DWS9,버버리,e-영업4
DWSA,밀레피오리,e-영업4
DWSJ,노이어 포,e-영업3
DWSQ,존덴마크,e-영업4
DWSR,로레타,e-영업4
DWSS,엔비에이,e-영업4
DWST,엔비에이,e-영업3
DWSV,피지에이투어,e-영업4
DWSW,엘피지에이,e-영업4
DWSX,훌루푸,e-영업4
DWSY,이뮤,e-영업3
DWT0,베어파우,e-영업4
DWT2,가네샤요가프랍스,e-영업4
DWT3,바이크롬,e-영업4
DWT4,로비츠,e-영업4
DWT5,르메르,e-영업3
DWT6,미노론조니,e-영업3
DWT7,애프터 라벨,e-영업3
DWT8,비비안 웨스트우드,e-영업3
DWT9,어그,e-영업3
DWTA,베르사체,e-영업3
DWTC,샤넬,e-영업3
DWTE,리틀뎁,e-영업3
DWTF,살로몬,e-영업3
DWTG,비비안 웨스트우드,e-영업3
DWTH,살로몬,e-영업3
DWTI,나인웨스트,e-영업3
DWTJ,모토벨로,e-영업4
DWTK,캘빈클라인,e-영업3
DWTL,끌림글램,e-영업4
DWTN,어그,e-영업3
DWTS,마녀공장,e-영업4
DWTU,락토클린,e-영업4
DWTW,아페쎄,e-영업3
DWU1,내셔널지오그래픽,e-영업4
DWU2,오피치나나뚜래,e-영업4
DWUA,겐지,e-영업3
DWUB,어나더브릿지,e-영업3
DWUC,스타우드,e-영업3
DWUD,모스키노,e-영업3
DWUF,페트레이,e-영업3
DWUG,디플랫,e-영업3
DWUH,리젠호프,e-영업4
DWUI,코치,e-영업3
DWUK,본네,e-영업4
DWUL,연세우유,e-영업4
DWUM,이케아,e-영업3
DWUN,그라함스,e-영업4
DWUP,리바이스,e-영업3
DWUR,알파 인더스트리,e-영업3
DWUS,하이,e-영업3
DWUU,메종 마르지엘라,e-영업3
DWUV,요시다 포터,e-영업3
DWUX,이타카,e-영업4
DWUY,코베아,e-영업4
DWUZ,콜맨,e-영업4
DWV0,스노우라인,e-영업4
DWV1,지프,e-영업4
DWV2,쟈칼,e-영업4
DWV3,미니멀웍스,e-영업4
DWV4,에어박스,e-영업4
DWV5,힐맨,e-영업4
DWV6,니모,e-영업4
DWV9,헬리녹스,e-영업4
DWVA,캠프라인,e-영업4
DWVB,스탠리,e-영업4
DWVC,올쿡,e-영업4
DWVD,툴콘,e-영업4
DWVE,하임플래닛,e-영업4
DWVF,유니프레임,e-영업4
DWVG,로고스,e-영업4
DWVH,맥스,e-영업4
DWVJ,꾸레쥬,e-영업3
DWVL,꾸레쥬,e-영업3
DWVM,아르가니케어,e-영업4
DWVN,에르노,e-영업3
DWVP,이지엔,e-영업4
DWVR,이지듀,e-영업4
DWVS,문부츠,e-영업3
DWVU,톰포드,e-영업3
DWW5,디어라이프,e-영업3
DWW7,레페토,e-영업3
DWW9,코치,e-영업3
DWWA,데메테르,e-영업4
DWWB,벨리즈,e-영업4
DWWD,레노마,e-영업3
DWWE,디올 옴므,e-영업3
DWWH,디젤,e-영업3
DWWI,파슬,e-영업3
DWWK,토리버치,e-영업3
DWWL,마이클 코어스,e-영업3
DWWO,호카오네오네,e-영업3
DWX6,피콰드로,e-영업3
DWXA,엘리자베타프랑키,e-영업3
DWXC,트윈셋,e-영업3
DWXL,모스키노,e-영업3
DWXM,스포티앤리치,e-영업3
DWXO,파코라반,e-영업3
DWXQ,자크뮈스,e-영업3
DWXR,헤레우,e-영업3
DWXS,라위(오프라인),e-영업4
DWXT,호카오네오네,e-영업3
DWXU,비코,e-영업4
DWXY,어그,e-영업3
DWY0,겐조,e-영업3
DWY1,유솔,e-영업3
DWY2,더데이걸,e-영업3
DWY3,인디고,e-영업3
DWY4,로엠걸즈,e-영업3
DWY5,오후,e-영업3
DWY6,셀덴,e-영업3
DWY7,앙떼떼,e-영업3
DWY9,치크,e-영업3
DWYA,코코리따,e-영업3
DWYB,헌터,e-영업3
DWYD,예티,e-영업3
DWYI,무스너클,e-영업3
DWYL,팜스테이,e-영업4
DWYM,유니맥스,e-영업4
DWYR,아미,e-영업3
DWYV,보보쇼즈,e-영업3
DWYW,스파워트,e-영업3
DWYY,센존블루라벨,e-영업3
DWYZ,쥬디니스,e-영업4
DWZ1,알로앤루,e-영업3
DWZ2,알퐁소,e-영업3
DWZ3,미미레브,e-영업3
DWZ5,스칼프메드,e-영업4
DWZ6,제니쿠키,e-영업4
DWZ7,유니참,e-영업4
DWZ8,톰포드,e-영업3
DWZB,캉골,e-영업3
DWZC,산수시,e-영업4
DWZD,레파차지,e-영업4
DWZE,무크,e-영업3
DWZF,디피에스,e-영업4
DWZI,오즈웨어어그,e-영업3
DWZJ,에르메네질도 제냐,e-영업3
DWZK,케어팟,e-영업4
DWZL,로픈,e-영업4
DWZM,가니,e-영업3
DWZN,스톤아일랜드,e-영업3
DWZO,씨피컴퍼니,e-영업3
DWZV,무스너클,e-영업3
DWZX,타치클로징,e-영업3
DWZY,밀레,e-영업4
DWZZ,팔로마울,e-영업3
DX0G,미니멜리사,e-영업3
DX0I,에이아이라이더스,e-영업3
DX0J,47브랜드,e-영업3
DX0K,라코스테,e-영업3
DX3N,미쟝센,e-영업4
DX3O,에딧먼트,e-영업4
DX3R,블룸게이트,e-영업4
DX3S,보비노,e-영업3
DX3T,보사인,e-영업4
DX3Z,제이린드버그,e-영업3
DX4C,톰포드,e-영업3
DX4E,오리스,e-영업3
DX4H,오트리,e-영업3
DX4Z,요시다 포터,e-영업3
DX5B,토리버치,e-영업3
DX5C,로시라운지,e-영업4
DX5D,카시오,e-영업3
DX5E,지샥,e-영업3
DX5G,디젤,e-영업3
DX5H,디케이엔와이,e-영업3
DX5I,엠포리오 아르마니,e-영업3
DX5J,스카겐,e-영업3
DX5K,토리버치,e-영업3
DX5M,마크 제이콥스,e-영업3
DX5N,캘빈클라인,e-영업3
DX5O,해밀턴,e-영업3
DX5P,미도,e-영업3
DX5Q,티쏘,e-영업3
DX5R,오리스,e-영업3
DX5S,구찌,e-영업3
DX5T,살바토레 페라가모,e-영업3
DX5U,시티즌,e-영업3
DX5V,알바,e-영업3
DX5W,세이코,e-영업3
DX5X,마우이앤선즈,e-영업4
DX5Z,수려한,e-영업4
DX6A,라끄베르,e-영업4
DX6B,보닌,e-영업4
DX6E,엘바테게브,e-영업3
DX6F,몽버디,e-영업4
DX6G,세인트제임스,e-영업3
DX6H,톰브라운,e-영업3
DX6J,파라부트,e-영업3
DX6K,구찌,e-영업3
DX6L,버버리,e-영업3
DX6U,오아,e-영업4
DX6V,벤힛,e-영업3
DX6Z,아크네 스튜디오,e-영업3
DX7E,오프화이트,e-영업3
DX7H,발렌시아가,e-영업3
DX7K,아미,e-영업3
DX7L,골든구스,e-영업3
DX7M,메종 키츠네,e-영업3
DX7O,피엘라벤,e-영업3
DX7Q,버버리,e-영업3
DX7S,스톤아일랜드,e-영업3
DX7T,톰브라운,e-영업3
DX7U,프라다,e-영업3
DX7X,구찌,e-영업3
DX7Y,메종 마르지엘라,e-영업3
DX7Z,비비안 웨스트우드,e-영업3
DX8A,에트로,e-영업3
DX8B,토리버치,e-영업3
DX8D,미우미우,e-영업3
DX8E,살바토레 페라가모,e-영업3
DX8F,발리,e-영업3
DX8K,질샌더,e-영업3
DX8V,코치,e-영업3
DX8Y,르메르,e-영업3
DX9B,폴스미스,e-영업3
DX9E,오클리,e-영업3
DX9H,세인트제임스,e-영업3
DX9I,노스페이스,e-영업3
DX9J,파타고니아,e-영업3
DX9K,스투시,e-영업3
DX9M,몬츄라,e-영업3
DX9N,루디프로젝트,e-영업3
DX9Q,타이틀리스트,e-영업3
DX9T,와일드 동키,e-영업3
DX9W,컨버스,e-영업3
DX9X,예루살렘,e-영업3
DX9Y,오니츠카타이거,e-영업3
DXA7,풋조이,e-영업3
DXA8,어그,e-영업3
DXAD,파라점퍼스,e-영업3
DXAE,폴로 랄프로렌,e-영업3
DXAG,엔프피샵,e-영업4
DXAM,디어센트,e-영업4
DXAN,루스티크,e-영업3
DXAP,보아르,e-영업4
DXAQ,씨피컴퍼니,e-영업3
DXAR,쁘띠바또,e-영업3
DXAV,아스페시,e-영업3
DXAW,오라리,e-영업3
DXAZ,아크네 스튜디오,e-영업3
DXB0,아미,e-영업3
DXB2,보테가 베네타,e-영업3
DXB3,버버리,e-영업3
DXB4,셀린느,e-영업3
DXB6,꼼데가르송,e-영업3
DXB7,씨피컴퍼니,e-영업3
DXBB,구찌,e-영업3
DXBC,질샌더,e-영업3
DXBD,르메르,e-영업3
DXBF,메종 마르지엘라,e-영업3
DXBG,미우미우,e-영업3
DXBH,몽클레어,e-영업3
DXBJ,뉴발란스,e-영업3
DXBK,프라다,e-영업3
DXBL,생로랑,e-영업3
DXBM,스톤아일랜드,e-영업3
DXBN,톰브라운,e-영업3
DXBP,베르사체,e-영업3
DXBZ,반클리프앤아펠,e-영업3
DXCA,다미아니,e-영업3
DXDB,크롬하츠,e-영업3
DXDS,메종마르지엘라,e-영업3
DXDW,생로랑,e-영업3
DXDX,고야드,e-영업3
DXE4,미도,e-영업3
DXEC,로저비비에,e-영업3
DXEE,판도라,e-영업3
DXEK,론진,e-영업3
DXES,이세이미야케,e-영업3
DXF0,티쏘,e-영업3
DXF5,톰브라운,e-영업3
DXFG,알렉산더맥퀸,e-영업3
DXFM,프라다,e-영업3
DXFO,펜디,e-영업3
DXFP,살바토레페라가모,e-영업3
DXFR,티파니,e-영업3
DXFT,톰포드,e-영업3
DXFU,토즈,e-영업3
DXFV,토리버치,e-영업3
DXFX,디올,e-영업3
DXFY,코치,e-영업3
DXG2,지방시,e-영업3
DXG5,에트로,e-영업3
DXG7,에르메스,e-영업3
DXGC,스와로브스키,e-영업3
DXGE,셀린느,e-영업3
DXGG,샤넬,e-영업3
DXGI,불가리,e-영업3
DXGJ,보테가베네타,e-영업3
DXGL,버버리,e-영업3
DXGN,발렌티노,e-영업3
DXGO,발렌시아가,e-영업3
DXGQ,미우미우,e-영업3
DXGT,몽블랑,e-영업3
DXGZ,루이비통,e-영업3
DXH0,롱샴,e-영업3
DXH1,로즈몽,e-영업3
DXH2,로에베,e-영업3
DXHE,까르띠에,e-영업3
DXHF,구찌,e-영업3
DXHI,엔프피샵,e-영업4
DXHJ,블런드스톤,e-영업3
DXHL,이세이미야케,e-영업3
DXHT,루이비통,e-영업3
DXHU,디올,e-영업3
DXHV,구찌,e-영업3
DXHW,디스퀘어드2,e-영업3
DXHZ,이지,e-영업3
DXI2,발렌시아가,e-영업3
DXI3,오프화이트,e-영업3
DXI9,메종 마르지엘라,e-영업3
DXIA,몽클레어,e-영업3
DXIC,버버리,e-영업3
DXIM,프라다,e-영업3
DXIO,아미,e-영업3
DXIY,샤넬,e-영업3
DXIZ,발망,e-영업3
DXJ4,디올 옴므,e-영업3
DXJK,카즈미,e-영업4
DXJL,몽크로스,e-영업4
DXJM,바니스뉴욕,e-영업3
DXJN,포윈,e-영업4
DXJO,와두,e-영업4
DXJR,아프로포,e-영업3
DXJS,토리버치,e-영업3
DXJT,루릭,e-영업3
DXJU,씨엘블루,e-영업4
DXJZ,몬타,e-영업4
DXK0,블런드스톤,e-영업3
DXK3,로크,e-영업3
DXK4,듀베티카,e-영업3
DXK5,악셀아리가토,e-영업3
DXK6,자크뮈스,e-영업3
DXK7,휘 드 베르누이,e-영업3
DXK8,텐씨,e-영업3
DXK9,아페쎄,e-영업3
DXKB,씨피컴퍼니,e-영업3
DXKC,디스퀘어드2,e-영업3
DXKD,셀린느,e-영업3
DXKF,초코몽,e-영업3
DXKG,노비스,e-영업3
DXKJ,머렐,e-영업3
DXKK,프로스펙스,e-영업4
DXKN,에띠,e-영업4
DXLE,조르지오 아르마니,e-영업3
DXLM,토폴로지,e-영업4
DXLN,비비안 웨스트우드,e-영업3
DXLT,메종 미하라 야스히로,e-영업3
DXLU,크리스탈 헤이즈,e-영업3
DXLY,스튜디오 니콜슨,e-영업3
DXM0,그라미치,e-영업3
DXM1,리던,e-영업3
DXM8,텔파,e-영업3
DXM9,스토리 엠에프지,e-영업3
DXMA,스테프니 워커스 클럽,e-영업3
DXMD,오토링거,e-영업3
DXMT,뉴에라,e-영업3
DXN6,노르마카말리,e-영업3
DXNH,제임스펄스,e-영업3
DXNP,마르셀,e-영업3
DXNY,오트리,e-영업3
DXNZ,페블리,e-영업4
DXO0,마모트,e-영업4
DXO1,버윅1707,e-영업3
DXO2,이탈레쎄,e-영업4
DXO3,펠릭스,e-영업4
DXO5,하우스오브써니,e-영업3
DXO6,프로스펙스,e-영업4
DXO7,마르셀,e-영업3
DXO8,클락스,e-영업3
DXO9,헤이버터,e-영업4
DXOB,라미,e-영업3
DXOF,발리,e-영업3
DXOG,생 로랑,e-영업3
DXOJ,톰브라운,e-영업3
DXOL,판도라,e-영업3
DXOO,비비안 웨스트우드,e-영업3
DXOQ,글래드,e-영업4
DXOR,스빈또,e-영업4
DXOY,닥터마틴,e-영업3
DXOZ,버켄스탁,e-영업3
DXP0,수이코크,e-영업3
DXP3,메종키츠네,e-영업3
DXP5,이자벨마랑,e-영업3
DXP7,톰브라운,e-영업3
DXP8,무스너클,e-영업3
DXPA,마와,e-영업4
DXPC,알라라,e-영업3
DXPE,피이네이션,e-영업3
DXPF,비비베네치아,e-영업3
DXPG,아크네스튜디오,e-영업3
DXPM,르메르,e-영업3
DXPN,이자벨마랑에뜨왈,e-영업3
DXPO,질샌더,e-영업3
DXPP,가니,e-영업3
DXPQ,골든구스,e-영업3
DXPR,아페세,e-영업3
DXPS,아미,e-영업3
DXPT,프라다,e-영업3
DXPY,클로즈드,e-영업3
DXQ0,써네이,e-영업3
DXQ2,람다,e-영업4
DXQ3,아식스,e-영업3
DXQ6,아워 레가시,e-영업3
DXQD,어그,e-영업3
DXQH,아디다스,e-영업3
DXQI,푸마,e-영업3
DXQJ,이세이미야케,e-영업3
DXQN,앤드원더,e-영업3
DXQU,드래곤디퓨전,e-영업3
DXQV,옴므플리세 이세이미야케,e-영업3
DXQW,뉴발란스,e-영업3
DXQX,토르소,e-영업3
DXQY,클라쎄14,e-영업3
DXR1,클락스,e-영업3
DXR7,미우미우,e-영업3
DXRA,미니로디니,e-영업3
DXRC,하울린,e-영업3
DXRD,베이스레인지,e-영업3
DXRE,글로버올,e-영업3
DXRF,듀오랩,e-영업4
DXRG,비비안 웨스트우드,e-영업3
DXRH,폴로 랄프로렌,e-영업3
DXRI,버버리,e-영업3
DXRJ,몽클레어,e-영업3
DXRK,아미,e-영업3
DXRU,이첸도르프,e-영업4
DXRV,사브르,e-영업4
DXS6,보테가 베네타,e-영업3
DXSM,지방시,e-영업3
DXSP,아크네 스튜디오,e-영업3
DXSS,카렘,e-영업4
DXST,링스,e-영업4
DXSU,브이트웰브,e-영업4
DXSV,오라리,e-영업3
DXSW,캉골,e-영업3
DXSX,나이키,e-영업3
DXSY,랑벨,e-영업4
DXSZ,메종미하라야스히로,e-영업3
DXT3,코베아,e-영업4
DXT4,헤르조그,e-영업4
DXTA,플렌스테드모빌,e-영업4
DXTB,간조,e-영업3
DXTG,젬마니,e-영업4
DXTH,프랭클리,e-영업3
DXTM,캘빈클라인,e-영업3
DXTO,엘에스에이,e-영업4
DXTP,캠브로,e-영업4
DXTR,듀베티카,e-영업3
DXTS,더티런드리,e-영업4
DXTU,아워 레가시,e-영업3
DXTV,반클리프 아펠,e-영업3
DXTW,아볼트,e-영업4
DXTX,피알지알_유료,e-영업4
DXU2,미즈노_무료,e-영업4
DXU3,미즈노_클럽단품,e-영업4
DXU4,미즈노_클럽,e-영업4
DXU6,스케쳐스_무료,e-영업4
DXUD,스릭슨_유료,e-영업4
DXUI,젝시오_클럽단품,e-영업4
DXUJ,젝시오_클럽,e-영업4
DXUU,브렌다브렌든,e-영업3
DXUY,캐나다구스,e-영업3
DXV1,가니,e-영업3
DXV5,주옥,e-영업4
DXV6,오르시떼,e-영업3
DXV7,와일드 동키,e-영업3
DXVC,브리츠,e-영업4
DXVD,무스너클,e-영업3
DXVG,이뮤,e-영업3
DXVS,셀럽제이,e-영업3
DXVX,이놀,e-영업4
DXVZ,아크테릭스,e-영업3
DXW1,뚜누,e-영업4
DXW3,세인트제임스,e-영업3
DXW4,로마로,e-영업4
DXW5,뮤렌,e-영업4
DXW6,이세이미야케,e-영업3
DXWD,리 메튜스,e-영업3
DXWY,헬렌카민스키,e-영업3
DXX4,몽클레어,e-영업3
DXX5,샤넬,e-영업3
DXX6,셀린느,e-영업3
DXX7,디올,e-영업3
DXX9,루이비통,e-영업3
DXXA,에르메스,e-영업3
DXXB,닥터마틴,e-영업3
DXXC,끌로에,e-영업3
DXXD,꼼데가르송,e-영업3
DXXE,펜디,e-영업3
DXXF,가니,e-영업3
DXXG,구찌,e-영업3
DXXH,자크뮈스,e-영업3
DXXJ,르메르,e-영업3
DXXK,로에베,e-영업3
DXXM,메종 마르지엘라,e-영업3
DXXP,프라다,e-영업3
DXXQ,생 로랑,e-영업3
DXXS,토템,e-영업3
DXXT,발렌티노,e-영업3
DXXU,버버리,e-영업3
DXXW,보테가 베네타,e-영업3
DXXX,아페쎄,e-영업3
DXXY,에코,e-영업3
DXXZ,더포션스,e-영업4
DXY1,길더스브리지,e-영업4
DXY3,몽클레어,e-영업3
DXY6,산드로,e-영업3
DXY7,몽블랑,e-영업3
DXYA,아이오페,e-영업4
DXYE,크리브나인,e-영업4
DXYF,컨티먼트,e-영업4
DXYG,헤일리,e-영업4
DXYI,이네즈,e-영업4
DXYJ,르메르,e-영업3
DXYY,토리버치,e-영업3
DXZ1,베르사체,e-영업3
DXZ7,폴로 랄프로렌,e-영업3
DY0Y,살바토레 페라가모,e-영업3
DY1A,몽클레어,e-영업3
DY1M,와이쓰리,e-영업3
DY29,게스,e-영업3
DY2E,까르띠에,e-영업3
DY2F,셀린느,e-영업3
DY2I,마쥬,e-영업3
DY2J,젠,e-영업3
DY2K,메이썸,e-영업3
DY2M,에스케이투,e-영업4
DY2N,에스티로더,e-영업4
DY2P,바비브라운,e-영업4
DY2R,로라메르시에,e-영업4
DY2S,르네휘테르,e-영업4
DY30,아베크롬비,e-영업4
DY31,에트로,e-영업4
DY33,라메르,e-영업4
DY34,라 프레리,e-영업4
DY38,라로슈포제,e-영업4
DY3F,피터토마스로스,e-영업4
DY3Q,조말론,e-영업4
DY3W,존마스터스오가닉,e-영업4
DY42,뉴트로지나,e-영업4
DY43,아비노,e-영업4
DY44,클린앤클리어,e-영업4
DY4H,이솝,e-영업4
DY4P,톰포드,e-영업4
DY4Q,몰튼브라운,e-영업4
DY59,나뚜레 도눔,e-영업4
DY62,라베라,e-영업4
DY63,라우라 비아조티,e-영업4
DY66,라코스테,e-영업4
DY6R,디오디너리,e-영업4
DY6Y,18.21맨메이드,e-영업4
DY70,프라고나르,e-영업4
DY72,랄프로렌,e-영업4
DY74,랑방,e-영업4
DY75,랑카스터,e-영업4
DY76,랑콤,e-영업4
DY77,디에스 앤 두르가,e-영업4
DY78,랑프 베르제,e-영업4
DY80,린,e-영업3
DY83,리스테린,e-영업4
DY85,존슨즈베이비,e-영업4
DY86,아비노베이비,e-영업4
DY87,래피드 래쉬,e-영업4
DY88,랩시리즈,e-영업4
DY8K,일리아,e-영업4
DY8X,펜티뷰티,e-영업4
DY93,레브론,e-영업4
DY99,레이블 엠,e-영업4
DY9R,파놀라,e-영업4
DYDD,르라보,e-영업4
DYFQ,매너스,e-영업3
DYFR,갤러리디파트먼트,e-영업3
DYFU,마르케스알메이다,e-영업3
DYFY,스튜어트와이츠먼,e-영업3
DYFZ,캠퍼랩,e-영업3
DYG1,캠퍼,e-영업3
DYG5,이뮤,e-영업3
DYGC,생로랑,e-영업3
DYGI,스포티앤리치,e-영업3
DYGL,팝트레이딩컴퍼니,e-영업3
DYGO,옴므걸스,e-영업3
DYGP,크리스탈헤이즈,e-영업3
DYGT,몽셰르모이,e-영업3
DYGV,보테가베네타,e-영업3
DYH3,러스,e-영업3
DYH6,비스크,e-영업3
DYHG,나누슈카,e-영업3
DYHJ,펜디,e-영업3
DYHM,신시아로리,e-영업3
DYHN,몽블랑,e-영업3
DYHO,니들스,e-영업3
DYHQ,브룩스브라더스,e-영업3
DYHS,브루노말리,e-영업3
DYHV,메종 마르지엘라,e-영업3
DYI8,에르메스,e-영업3
DYI9,알든,e-영업3
DYID,빈스카뮤토,e-영업3
DYIE,부보 초콜릿,e-영업4
DYIF,어그,e-영업3
DYIG,크록스,e-영업4
DYII,에르메스,e-영업3
DYIJ,아뜰리에두뱅,e-영업4
DYIM,안도,e-영업4
DYIN,흐꺙,e-영업3
DYIP,펫생각,e-영업4
DYIU,디올,e-영업3
DYIW,드래곤 디퓨전,e-영업3
DYIX,원스프라임,e-영업4
DYIY,텐더가든_리빙,e-영업4
DYIZ,갭,e-영업3
DYJ1,리폴리클,e-영업4
DYJ2,설화수,e-영업4
DYJ3,스피만,e-영업3
DYJ4,나이키,e-영업3
DYJ6,론진,e-영업3
DYJ7,오메가,e-영업3
DYJ8,에스티로더,e-영업4
DYJ9,더 조선호텔,e-영업4
DYJA,데우스 엑스 마키나,e-영업3
DYJB,숀리,e-영업4
DYJC,사필로,e-영업3
DYJH,어그,e-영업3
DYJI,샌더스 카우프만,e-영업4
DYJJ,하멜,e-영업4
DYJK,아웃도어프로덕츠,e-영업3
DYJL,고스트리퍼블릭,e-영업3
DYJP,헬렌카민스키,e-영업3
DYJX,푸마,e-영업4
DYK4,언더아머,e-영업4
DYK8,구찌,e-영업3
DYKB,뉴발란스,e-영업4
DYKD,휠라,e-영업4
DYKF,컨버스,e-영업4
DYKI,아페세,e-영업3
DYKJ,프레드페리,e-영업4
DYKK,뉴에라,e-영업4
DYKN,크록스,e-영업3
DYKP,수부,e-영업4
DYKQ,잔스포츠,e-영업4
DYKR,폴로 랄프로렌,e-영업3
DYKS,캉골,e-영업4
DYKT,메듀즈,e-영업3
DYKU,지포어,e-영업4
DYKW,아디다스,e-영업4
DYKX,에고에딧,e-영업3
DYL0,베가본드,e-영업3
DYL2,띠어리,e-영업3
DYL3,스포티앤리치,e-영업3
DYLB,폴로 랄프로렌,e-영업3
DYLD,니들스,e-영업3
DYLF,와일드 동키,e-영업3
DYLK,끌로에,e-영업3
DYLP,마이클 코어스,e-영업3
DYLV,발리,e-영업3
DYLX,제이린드버그,e-영업4
DYM2,지샥,e-영업3
DYM3,세이코,e-영업3
DYM5,바이파,e-영업3
DYM8,라코스테,e-영업3
DYMA,헬름스테트,e-영업3
DYMB,어그,e-영업3
DYMC,헌터,e-영업3
DYMD,헌터,e-영업3
DYMJ,마티덤,e-영업4
DYMK,덴츠,e-영업3
DYMM,한트,e-영업3
DYMQ,끌로에,e-영업3
DYMR,캘빈클라인,e-영업3
DYMS,이스라이브러리,e-영업4
DYMV,주란,e-영업4
DYMW,지튼,e-영업4
DYMX,스와로브스키,e-영업3
DYMY,구찌,e-영업3
DYMZ,프라다,e-영업3
DYN0,생로랑,e-영업3
DYN1,보테가 베네타,e-영업3
DYN2,메종 키츠네,e-영업3
DYN3,메종 마르지엘라,e-영업3
DYN4,아페세,e-영업3
DYN5,아미,e-영업3
DYN6,톰브라운,e-영업3
DYN7,살바토레 페라가모,e-영업3
DYN8,버버리,e-영업3
DYN9,오메가,e-영업3
DYNB,태그 호이어,e-영업3
DYNC,론진,e-영업3
DYND,해밀턴,e-영업3
DYNE,티쏘,e-영업3
DYNF,프레드릭 콘스탄트,e-영업3
DYNG,미도,e-영업3
DYNH,캘빈클라인,e-영업3
DYNI,세이코,e-영업3
DYNJ,세이코5,e-영업3
DYNK,시티즌,e-영업3
DYNM,베르사체,e-영업3
DYNN,코치,e-영업3
DYNO,에르메스,e-영업3
DYNP,필슨,e-영업3
DYNR,펜디,e-영업3
DYNS,발렌티노,e-영업3
DYNT,발렌시아가,e-영업3
DYNV,발리,e-영업3
DYNW,비비안 웨스트우드,e-영업3
DYNX,토리버치,e-영업3
DYNY,스톤아일랜드,e-영업3
DYNZ,투미,e-영업3
DYO0,바오바오,e-영업3
DYO1,캉골,e-영업3
DYO2,겐조,e-영업3
DYO3,지방시,e-영업3
DYO4,자크뮈스,e-영업3
DYO5,질샌더,e-영업3
DYO6,꼼데가르송,e-영업3
DYO7,롱샴,e-영업3
DYO8,엠에스지엠,e-영업3
DYO9,멀버리,e-영업3
DYOB,마르니,e-영업3
DYOC,가니,e-영업3
DYOD,데우스 엑스 마키나,e-영업3
DYOE,아크네 스튜디오,e-영업3
DYOH,알렉산더 맥퀸,e-영업3
DYOJ,폴스미스,e-영업3
DYOK,부테로,e-영업3
DYOM,로저 비비에,e-영업3
DYON,제이린드버그,e-영업3
DYOP,끌로에,e-영업3
DYOQ,미우미우,e-영업3
DYOR,타미힐피거,e-영업3
DYOS,헬렌카민스키,e-영업3
DYOT,르메르,e-영업3
DYOV,로에베,e-영업3
DYOW,티파니 앤코,e-영업3
DYOY,솔트워터,e-영업3
DYOZ,판도라,e-영업3
DYP0,골든구스,e-영업3
DYP1,라미,e-영업3
DYP2,울프1834,e-영업3
DYP3,톰포드,e-영업3
DYP4,어그,e-영업3
DYP5,아르마니,e-영업3
DYP7,스와치,e-영업3
DYP8,카시오,e-영업3
DYPA,루미녹스,e-영업3
DYPC,에트로,e-영업3
DYPD,라코스테,e-영업3
DYPE,미하라 야스히로,e-영업3
DYPF,씨 바이 끌로에,e-영업3
DYPG,파슬,e-영업3
DYPH,타이맥스,e-영업3
DYPI,라도,e-영업3
DYPJ,레페토,e-영업3
DYPK,47브랜드,e-영업3
DYPL,피디파올라,e-영업3
DYPM,마이클 코어스,e-영업3
DYPO,씨피 컴퍼니,e-영업3
DYPR,디젤,e-영업3
DYPS,크리스탈 헤이즈,e-영업3
DYPT,마크 제이콥스,e-영업3
DYPU,몽클레어,e-영업3
DYPV,메듀즈,e-영업3
DYPW,캠퍼,e-영업3
DYPZ,스텔라 매카트니,e-영업3
DYQ0,티아이디 와치스,e-영업3
DYQ2,세인트제임스,e-영업3
DYQ3,아워 레가시,e-영업3
DYQ4,옌키옌키,e-영업3
DYQ5,오트리,e-영업3
DYQ6,스파워트,e-영업3
DYQ8,셀린느,e-영업3
DYQ9,가니,e-영업3
DYQA,칼하트,e-영업3
DYQC,파라부트,e-영업3
DYQD,에코,e-영업3
DYQE,폴로 랄프로렌,e-영업3
DYQF,보보쇼즈,e-영업3
DYQG,미니로디니,e-영업3
DYQH,스타우드,e-영업3
DYQI,니들스,e-영업3
DYQJ,드래곤 디퓨전,e-영업3
DYQK,와일드 동키,e-영업3
DYQL,요시다 포터,e-영업3
DYQM,클락스,e-영업3
DYQN,페트레이,e-영업3
DYQO,람다,e-영업3
DYQQ,시슬리,e-영업4
DYQR,키엘,e-영업4
DYQS,라메르,e-영업4
DYQT,랑콤,e-영업4
DYQU,딥티크,e-영업4
DYQV,조말론,e-영업4
DYQW,입생로랑,e-영업4
DYQX,크리스찬디올,e-영업4
DYQY,샤넬,e-영업4
DYQZ,시세이도,e-영업4
DYR0,에스케이투,e-영업4
DYR2,스튜디오 니콜슨,e-영업3
DYR3,존스톤스 오브 엘긴,e-영업3
DYR6,마운티아,e-영업4
DYRC,헤르미나 아테네,e-영업3
DYRO,랙앤본,e-영업3
DYRS,마크 제이콥스,e-영업3
DYRW,수부,e-영업3
DYRX,비즈빔,e-영업3
DYRY,플랑,e-영업3
DYRZ,스노우투플러스,e-영업4
DYS1,간트,e-영업3
DYS2,간트,e-영업3
DYS4,오휘,e-영업4
DYS5,구찌,e-영업3
DYS6,헬렌카민스키,e-영업3
DYS7,비비안 웨스트우드,e-영업3
DYS8,오프로드,e-영업3
DYS9,켄트로얄,e-영업4
DYSA,프로틴플렉스,e-영업4
DYSB,니들스,e-영업3
DYSC,롱샴,e-영업3
DYSF,벨루티,e-영업3
DYSG,아미,e-영업3
DYSL,엘르,e-영업4
DYSN,베르사체진,e-영업3
DYSO,다니엘크레뮤,e-영업3
DYSP,서울드래곤시티,e-영업4
DYSQ,오메가,e-영업3
DYSR,피토메르,e-영업4
DYSX,레보,e-영업4
DYT4,드비알레,e-영업4
DYT6,알텐바흐,e-영업4
DYT7,바라쿠타,e-영업3
DYTB,바라쿠타,e-영업3
DYTI,스텔라맥카트니,e-영업3
DYTP,미쉘 끌랑,e-영업3
DYTQ,스와로브스키,e-영업3
DYTR,제냐,e-영업3
DYTS,톰포드,e-영업3
DYTT,노스페이스,e-영업4
DYTU,닥터지,e-영업4
DYTX,베르사체,e-영업3
DYWC,에스.티. 듀퐁,e-영업3
DYX6,랑방,e-영업3
DZ03,렌,e-영업4
DZ06,로라겔러,e-영업4
DZ07,로라메르시에,e-영업4
DZ08,로레알 파리,e-영업4
DZ09,로렌조 빌로레시,e-영업4
DZ10,로리스 아자로,e-영업4
DZ16,로에베,e-영업4
DZ17,록,e-영업4
DZ18,록시땅,e-영업4
DZ20,루비스,e-영업4
DZ22,르네휘테르,e-영업4
DZ23,베트멍,e-영업3
DZ28,리빙 프루프,e-영업4
DZ31,바치,e-영업4
DZ33,로저앤갈레,e-영업4
DZ40,리우젤,e-영업4
DZ42,리즈 클레이본,e-영업4
DZ44,립스틱 퀸,e-영업4
DZ45,알렉산더 맥퀸,e-영업3
DZ47,마리오 바데스쿠,e-영업4
DZ51,아페쎄,e-영업3
DZ58,마카다미아 내추럴 오일,e-영업4
DZ59,마크 벅스톤,e-영업4
DZ5W,발망,e-영업3
DZ61,마크제이콥스,e-영업4
DZ6X,디케이엔와이,e-영업3
DZ75,메이블린 뉴욕,e-영업4
DZ77,메이크업포에버,e-영업4
DZ79,메종 프란시스 커정,e-영업4
DZ82,소냐레바이,e-영업4
DZ83,탠디,e-영업3
DZ84,인빅타,e-영업3
DZ87,세이코,e-영업3
DZ88,니바다,e-영업3
DZ90,콤마나인,e-영업4
DZ94,모로칸오일,e-영업4
DZ96,모스키노,e-영업4
DZA5,스와치,e-영업3
DZA6,사노핏,e-영업4
DZA9,이뮤셀,e-영업4
DZB0,몰튼 브라운,e-영업4
DZB1,몽블랑,e-영업4
DZB2,무스텔라,e-영업4
DZB4,뮤라드,e-영업4
DZB6,미우미우,e-영업4
DZB7,밀러 해리스,e-영업4
DZB9,밀레피오리,e-영업4
DZC1,바버,e-영업4
DZC2,바비브라운,e-영업4
DZC3,바이 테리,e-영업4
DZC4,바이레도,e-영업4
DZC5,바이오실크,e-영업4
DZC6,바이오엘리먼츠,e-영업4
DZC9,발데사리니,e-영업4
DZD1,발렌티노,e-영업4
DZD3,발몽,e-영업4
DZD5,버버리,e-영업4
DZD6,벅섬,e-영업4
DZD7,범블 앤 범블,e-영업4
DZD8,베네통,e-영업4
DZD9,베네피트,e-영업4
DZE1,베르사체,e-영업4
DZE5,르셀르,e-영업4
DZE8,베어미네랄스,e-영업4
DZE9,베카,e-영업4
DZF0,벤틀리,e-영업4
DZF6,보테가 베네타,e-영업4
DZF8,부르조아,e-영업4
DZG0,부쉐론,e-영업4
DZG1,불가리,e-영업4
DZG9,버블리,e-영업4
DZH0,블리스,e-영업4
DZH1,블링크,e-영업4
DZH4,비쉬,e-영업4
DZH5,비스콘티 디 모드로네,e-영업4
DZH6,비오템,e-영업4
DZI0,비와이에스,e-영업4
DZI2,비타끄렘므 비12,e-영업4
DZI3,빅터 앤 롤프,e-영업4
DZI4,쿠스토 바르셀로나,e-영업3
DZI9,피렌체아뜨리에,e-영업3
DZJ0,세컨드아뜨리에,e-영업3
DZJ1,빅토리녹스,e-영업4
DZJ4,빈스카무토,e-영업4
DZJ9,빠이요,e-영업4
DZK0,사무라이,e-영업4
DZK2,사봉,e-영업4
DZK4,살바토레 페라가모,e-영업4
DZK6,라뽐므,e-영업4
DZK8,샤넬,e-영업4
DZL0,케라미카,e-영업4
DZL1,샹테카이,e-영업4
DZL3,세르주 루텐,e-영업4
DZL5,세바스찬,e-영업4
DZM0,셀렉스씨,e-영업4
DZM1,셀코스메트,e-영업4
DZM3,소티스,e-영업4
DZM4,소피나,e-영업4
DZM7,슈에무라,e-영업4
DZM8,슈바르츠코프,e-영업4
DZM9,스매쉬 박스,e-영업4
DZN4,셀트만바이덴,e-영업4
DZN5,르크루제,e-영업4
DZN6,큐티폴,e-영업4
DZN7,까르투하,e-영업4
DZO2,보겐,e-영업4
DZO3,여미온,e-영업4
DZO4,카네수즈,e-영업4
DZO5,티니블랑,e-영업4
DZO7,존덴마크,e-영업4
DZO9,로얄베일,e-영업4
DZP3,미니언즈,e-영업4
DZP5,네오랩,e-영업4
DZQ4,아일랜드 슬리퍼,e-영업3
DZQ8,스킨 슈티컬즈,e-영업4
DZR9,스텔라 매카트니,e-영업4
DZS0,에이본,e-영업3
DZS1,스틸라,e-영업4
DZS2,시그마뷰티,e-영업4
DZS8,시세이도,e-영업4
DZS9,시슬리,e-영업4
DZT0,쓰리,e-영업4
DZT1,아가디르 아르간 오일,e-영업4
DZT2,아나스타샤 베버리힐즈,e-영업4
DZT6,아이더,e-영업3
DZT9,아라미스,e-영업4
DZU1,아메리칸 크루,e-영업4
DZU4,아베다,e-영업4
DZU6,아벤느,e-영업4
DZU8,아워글라스,e-영업4
DZV1,블랙마틴싯봉,e-영업3
DZV3,아쿠아 델엘바,e-영업4
DZV5,아쿠아 디 파르마,e-영업4
DZV7,아틀리에 코롱,e-영업4
DZV8,판도라,e-영업3
DZW3,필슨,e-영업3
DZW5,쉬벨라 코스메틱스,e-영업4
DZW9,아피비타,e-영업4
DZX0,시네마 시크릿,e-영업4
DZX1,아하바,e-영업4
DZX2,프리파라,e-영업4
DZX4,헨리코튼,e-영업3
DZX8,더샘,e-영업4
DZX9,안나수이,e-영업4
DZY2,알렉산드레 제이,e-영업4
DZY3,라리사,e-영업4
DZZ7,아로마테라피 어소시에이트,e-영업4
DZZA,알엠케이,e-영업4
DZZB,핑구,e-영업4
DZZG,알파파프,e-영업4
DZZH,알프레드 성,e-영업4
DZZM,어딕션,e-영업4
DZZN,어반디케이,e-영업4
DZZP,어퍼컷 디럭스,e-영업4
DZZT,에르메스,e-영업4
DZZZ,알마프,e-영업4
E026,구찌,e-영업3
E027,발렌시아가,e-영업3
E028,끌로에,e-영업3
E029,발렌티노,e-영업3
E030,생 로랑,e-영업3
E032,투미,e-영업3
E033,토리버치,e-영업3
E034,살바토레 페라가모,e-영업3
E036,프라다,e-영업3
E037,멀버리,e-영업3
E039,폴스미스,e-영업3
E040,펜디,e-영업3
E041,몽블랑,e-영업3
E042,몽클레르,e-영업3
E044,미우미우,e-영업3
E045,셀린느,e-영업3
E047,보테가 베네타,e-영업3
E048,버버리,e-영업3
E050,골든구스,e-영업3
E051,겐조,e-영업3
E054,끌로에,e-영업3
E055,엠씨엠,e-영업3
E057,타미 힐피거,e-영업3
E060,쿨티,e-영업4
E061,언더아머,e-영업4
E062,나이키,e-영업4
E075,캡,e-영업4
E081,디피씨,e-영업4
E084,훌라,e-영업3
E0MH,톰포드,e-영업3
E0O1,오가니아,e-영업4
E0O5,챌린저,e-영업4
E0O6,제이엠웨스턴,e-영업3
E0O7,메종 마르지엘라,e-영업4
E0O8,디스퀘어드2,e-영업4
E0O9,라리끄,e-영업4
E0OA,힐레베르그,e-영업4
E0OB,펜들턴,e-영업4
E0OC,페트로막스,e-영업4
E0OD,유니프레임,e-영업4
E0OF,텐트마크디자인,e-영업4
E0OG,트란지아,e-영업4
E0OL,폴로 랄프로렌,e-영업4
E0OM,바이레도,e-영업4
E0ON,부쉐론,e-영업4
E0OO,토니노 람보르기니,e-영업4
E0OP,로샤스,e-영업4
E0OQ,마크 제이콥스,e-영업4
E0OR,벤틀리,e-영업4
E0OS,빈스카무토,e-영업4
E0OT,안나수이,e-영업4
E0OV,트루사르디,e-영업4
E0OW,텐씨,e-영업3
E0OY,고스트리퍼블릭,e-영업3
E0OZ,진도,e-영업3
E0P0,에스티로더,e-영업4
E0P1,아쿠아알레로제,e-영업4
E0P3,슈에무라,e-영업4
E0P4,메이크업포에버,e-영업4
E0P5,프레쉬,e-영업4
E0P6,겔랑,e-영업4
E0PW,크록스,e-영업3
E0PX,크록스,e-영업4
E0PY,바바라,e-영업3
E0PZ,빈,e-영업3
E0Q0,푸마,e-영업3
E0Q1,푸마,e-영업4
E0Q2,루이까또즈,e-영업3
E0Q3,루이까또즈,e-영업3
E0Q4,베어파우,e-영업3
E0Q6,베어파우,e-영업3
E0Q9,바쏘,e-영업3
E0QA,킨록,e-영업3
E0QC,락포트,e-영업3
E0QD,닥스,e-영업3
E0QH,블루독베이비,e-영업3
E0QJ,레노마,e-영업3
E0QM,레노마,e-영업3
E0QR,엘르,e-영업3
E0QT,세라,e-영업3
E0QU,세라,e-영업3
E0QV,세라,e-영업3
E0QW,에스콰이어,e-영업3
E0R0,씨,e-영업3
E0R2,밍크뮤,e-영업3
E0R3,블루독베이비,e-영업3
E0R4,압소바,e-영업3
E0R5,베카치노,e-영업3
E0R6,폴로,e-영업3
E0R7,폴로,e-영업3
E0R8,오르시떼,e-영업3
E0R9,앙뉴,e-영업3
E0RD,이스트팩,e-영업3
E0RE,키플링,e-영업3
E0RL,몽클레어,e-영업3
E0RM,이스트팩,e-영업3
E0RN,아디다스,e-영업3
E0RO,아디다스,e-영업3
E0RP,랩,e-영업3
E0RR,커스텀멜로우,e-영업3
E0RV,리스트,e-영업3
E0RW,블랙야크,e-영업3
E0RY,뉴에라,e-영업3
E0S0,프레드 페리,e-영업4
E0S6,시에로,e-영업3
E0S8,톰브라운,e-영업3
E0SA,리틀그라운드,e-영업3
E0SC,블루래빗,e-영업3
E0SI,쇼콜라,e-영업3
E0SK,리본,e-영업3
E0SL,아가타,e-영업3
E0SN,아이엘드,e-영업3
E0SO,탠디,e-영업3
E0SP,아이잗바바,e-영업3
E0SV,룰라비,e-영업3
E0SW,데님인더박스,e-영업3
E0SY,칼린,e-영업3
E0SZ,테일스쿱,e-영업3
E0T1,제이케이,e-영업3
E0T2,미즈노,e-영업3
E0T7,아이빈,e-영업3
E0TA,디자인스킨,e-영업3
E0TD,매직에디션,e-영업3
E0TE,네파,e-영업3
E0TH,아키클래식,e-영업4
E0TJ,언더아머,e-영업3
E0TK,리안뉴욕,e-영업3
E0TM,블루래빗,e-영업3
E0TN,더아이잗뉴욕,e-영업3
E0TO,캉골,e-영업3
E0TQ,나인스텝,e-영업3
E0TT,그루브,e-영업3
E0TX,에디션,e-영업3
E0TY,포멜카멜레,e-영업3
E0TZ,포멜카멜레,e-영업3
E0U3,린,e-영업3
E0U6,반에이크,e-영업3
E0U8,플레이,e-영업3
E0UA,무크,e-영업3
E0UC,레코브,e-영업3
E0UD,나우,e-영업3
E0UH,오버톤,e-영업3
E0UI,푸마,e-영업4
E0UN,캉골,e-영업3
E0UO,물랑로티,e-영업3
E0UP,포멜카멜레,e-영업3
E0UQ,밴브루,e-영업3
E0UR,린,e-영업3
E0US,에스.티. 듀퐁,e-영업3
E0UT,안지크,e-영업3
E0UU,에스콰이어,e-영업3
E0UW,겐조,e-영업3
E0UY,에코,e-영업3
E0UZ,에코,e-영업3
E0V1,피에르가르뎅,e-영업3
E0V2,피에르가르뎅,e-영업3
E0V3,리얼지오지아,e-영업3
E0V5,봉테비앙,e-영업3
E0V6,아디다스,e-영업3
E0V7,아디다스,e-영업4
E0V8,아디다스,e-영업3
E0V9,마스,e-영업3
E0VC,베네통,e-영업3
E0VF,지지피엑스,e-영업3
E0VH,엠포리오 아르마니,e-영업3
E0VI,알로봇,e-영업3
E0VK,에스.티. 듀퐁,e-영업3
E0VL,비비안 웨스트우드,e-영업3
E0VM,예작,e-영업3
E0VO,에비에프지,e-영업3
E0VP,고세제화,e-영업3
E0VR,나이스크랍,e-영업3
E0VT,라인,e-영업3
E0VW,리바이스,e-영업3
E0VX,미소페,e-영업3
E0VY,밍크뮤,e-영업3
E0VZ,베네통,e-영업3
E0W0,벨라디터치,e-영업3
E0W1,블루독,e-영업3
E0W2,블루독,e-영업3
E0W3,소다,e-영업3
E0W6,쉬즈미스,e-영업3
E0W7,쉬즈미스,e-영업3
E0W8,시슬리,e-영업3
E0W9,압소바,e-영업3
E0WB,올젠,e-영업3
E0WD,웅가로,e-영업3
E0WE,쥬크,e-영업3
E0WG,지고트,e-영업3
E0WH,지컷,e-영업3
E0WI,키플링,e-영업3
E0WJ,킨록,e-영업3
E0WL,탠디,e-영업3
E0WM,탠디,e-영업3
E0WO,티파니,e-영업3
E0WQ,폴스미스,e-영업3
E0WR,프렌치캣,e-영업3
E0WY,티아이포맨,e-영업3
E0X1,제옥스,e-영업3
E0X3,크로커다일,e-영업3
E0X6,에뜨와,e-영업3
E0X8,베스띠벨리,e-영업3
E0X9,에스.티.듀퐁,e-영업3
E0XA,커스티지,e-영업3
E0XB,뉴에라,e-영업3
E0XD,나인,e-영업3
E0XE,제이제이지고트,e-영업3
E0XF,미니마리,e-영업3
E0XG,크로커다일,e-영업3
E0XJ,디어밸런스,e-영업3
E0XK,페트레이,e-영업3
E0XL,페트레이,e-영업3
E0XM,아이러브제이,e-영업3
E0XN,에이지도르,e-영업3
E0XO,로이드,e-영업3
E0XP,에비씨마트,e-영업3
E0XR,캉골,e-영업3
E0XS,조이엘,e-영업3
E0XV,스튜디오럭스,e-영업3
E0XW,윙스풋,e-영업3
E0XX,윙스풋,e-영업3
E0Y1,프론투라인,e-영업3
E0Y2,아디다스,e-영업3
E0Y3,압소바,e-영업3
E0Y4,빈,e-영업3
E0Y5,토박스,e-영업3
E0Y6,지지피엑스,e-영업3
E0Y7,젠사이,e-영업3
E0Y9,올리비아로렌,e-영업3
E0YB,스텝케어,e-영업3
E0YE,플레이,e-영업3
E0YF,금강제화,e-영업3
E0YG,아이엘드,e-영업3
E0YK,티쏘,e-영업3
E0YL,게스,e-영업3
E0YN,에고이스트,e-영업3
E0YO,지이크,e-영업3
E0YP,지이크,e-영업3
E0YQ,마이클코어스,e-영업3
E0YR,오가닉맘,e-영업3
E0YT,페라로 밀라노,e-영업3
E0YW,트리아나,e-영업3
E0YX,앤드지,e-영업3
E0Z5,앙뉴,e-영업3
E0ZL,발렌시아가,e-영업3
E0ZM,봉쁘앙,e-영업3
E0ZN,살바토레 페라가모,e-영업3
E0ZO,구찌,e-영업3
E0ZP,구찌,e-영업3
E0ZQ,프라다,e-영업3
E0ZR,버버리,e-영업3
E0ZS,버버리,e-영업3
E0ZT,셀린느,e-영업3
E0ZU,끌로에,e-영업3
E0ZV,폴스미스,e-영업3
E0ZW,토즈,e-영업3
E0ZY,보테가 베네타,e-영업3
E0ZZ,랑방,e-영업3
E10A,토리버치,e-영업3
E10B,생 로랑,e-영업3
E10E,골든구스,e-영업3
E10G,마르니,e-영업3
E10H,로저 비비에,e-영업3
E10K,몽블랑,e-영업3
E10M,몽클레어,e-영업3
E10N,알렉산더 맥퀸,e-영업3
E10O,발망,e-영업3
E10P,톰포드,e-영업3
E10R,무스너클,e-영업3
E10S,무스너클,e-영업3
E10T,겐조,e-영업3
E10V,톰브라운,e-영업3
E10W,에트로,e-영업3
E10Z,메종 마르지엘라,e-영업3
E11B,엠에스지엠,e-영업3
E11E,디아도라,e-영업3
E11H,아미,e-영업3
E11K,디스퀘어드2,e-영업3
E11P,보로탈코,e-영업4
E11Q,마가렛댑스런던,e-영업4
E11R,올랑,e-영업4
E11S,베나모르,e-영업4
E11U,몰리나르,e-영업4
E11V,벨라오로라,e-영업4
E11W,사샤후안,e-영업4
E11X,비욘악센,e-영업4
E11Y,멀버리,e-영업3
E11Z,펜디,e-영업3
E121,폴브리알,e-영업3
E123,쌍빠,e-영업4
E124,르꽁뚜아르뒤뱅,e-영업4
E126,루디프로젝트,e-영업4
E12A,지방시,e-영업3
E12B,발렌티노,e-영업3
E12D,릴라스틸,e-영업4
E12E,비오스칼린,e-영업4
E12F,모노더마,e-영업4
E12G,라자르띠그,e-영업4
E12H,칠리,e-영업4
E12I,비비안 웨스트우드,e-영업3
E12J,라샤,e-영업4
E12K,스윗롤즈,e-영업4
E12L,에트로,e-영업3
E12M,짐머만,e-영업3
E12Q,마흐,e-영업3
E12Z,아벤느,e-영업4
E132,맥스스포츠,e-영업4
E134,프라다,e-영업3
E13B,클로란,e-영업4
E13E,보스,e-영업3
E13H,큰바다가구점,e-영업4
E13I,벳플러스,e-영업4
E13M,요넥스_풀,e-영업4
E13Q,에스케이투,e-영업4
E13R,겔랑,e-영업4
E13S,구찌,e-영업4
E14D,조르지오 아르마니,e-영업4
E14G,입생로랑,e-영업4
E14Y,세러데이일레븐,e-영업3
E14Z,아라미스,e-영업4
E15A,프레드,e-영업3
E15B,발렌티노,e-영업3
E15C,아크네 스튜디오,e-영업3
E15D,구찌,e-영업3
E15E,토메이,e-영업4
E15G,더뉴소사이어티,e-영업3
E15L,이탈레쎄,e-영업4
E15M,롬멜스바흐,e-영업4
E15N,가니,e-영업3
E15O,가니,e-영업3
E15P,잇터,e-영업3
E15Q,시초,e-영업4
E15U,필립스,e-영업4
E15V,무스너클,e-영업3
E15Z,니뜰리히,e-영업4
E16F,아키클래식,e-영업3
E16G,지포어,e-영업4
E16H,스포티앤리치,e-영업3
E16I,밀레클래식,e-영업4
E16K,피아이지씨,e-영업4
E16L,메프라,e-영업4
E16M,직작,e-영업4
E16Q,클라란스,e-영업4
E16R,구찌,e-영업4
E16U,딸리까,e-영업4
E17E,아스페시,e-영업3
E17F,마지셔우드,e-영업3
E17G,마로,e-영업4
E17H,비크릴라,e-영업4
E17I,비젼글래스,e-영업4
E17J,모타,e-영업4
E17K,발렉스트라,e-영업3
E17P,다인홈,e-영업4
E17Q,니베아,e-영업4
E17R,리앤쿡,e-영업4
E17S,루메나,e-영업4
E17U,스포티앤리치,e-영업3
E17W,깃든,e-영업4
E17X,바이 김희준,e-영업3
E18E,과일나라,e-영업4
E18F,더샘,e-영업4
E18G,포홈,e-영업4
E18H,몬츄라,e-영업4
E18I,제이린드버그,e-영업4
E18J,에코,e-영업4
E18K,쿤타,e-영업3
E18L,핫콤,e-영업4
E18M,마르디 메크르디 악티프,e-영업4
E18N,보켄,e-영업4
E18O,마운틴인스포츠,e-영업4
E200,레페토,e-영업3
E201,와이쓰리,e-영업3
E202,키플링,e-영업3
E210,골든구스,e-영업3
E225,티더블유지,e-영업4
E228,코치,e-영업3
E231,루미,e-영업3
E267,길단,e-영업4
E268,엠에스지엠,e-영업3
E289,겐조,e-영업4
E291,구찌,e-영업4
E292,끌로에,e-영업4
E293,나르시소 로드리게스,e-영업4
E294,다비도프,e-영업4
E295,돌체앤가바나,e-영업4
E297,랑방,e-영업4
E298,랑콤,e-영업4
E299,롤리타 렘피카,e-영업4
E307,모브쌩,e-영업4
E308,모스키노,e-영업4
E309,몽블랑,e-영업4
E310,버버리,e-영업4
E311,베르사체,e-영업4
E312,메르세데스벤츠,e-영업4
E314,불가리,e-영업4
E321,에스티로더,e-영업4
E322,엘리자베스아덴,e-영업4
E323,이세이미야케,e-영업4
E324,제니퍼로페즈,e-영업4
E325,조말론,e-영업4
E326,존 바바토스,e-영업4
E328,지미추,e-영업4
E329,켈빈클라인,e-영업4
E32D,프리플라,e-영업3
E32H,가버치,e-영업4
E32J,쿠레주,e-영업3
E32L,요시다 포터,e-영업3
E32N,폴로 랄프로렌,e-영업3
E32O,몰바니,e-영업4
E32R,아페쎄,e-영업3
E32T,크리스탈 헤이즈,e-영업3
E32X,이자벨 마랑,e-영업3
E330,디올,e-영업4
E332,파코라반,e-영업4
E333,패리스힐튼,e-영업4
E334,살바토레 페라가모,e-영업4
E335,페라리,e-영업4
E34A,생로랑,e-영업3
E34J,드멜리어,e-영업3
E34M,온 러닝,e-영업3
E34Q,크로켓 앤 존스,e-영업3
E34T,팔케,e-영업3
E34Y,오스트리야,e-영업3
E35C,마틸드엠,e-영업4
E35L,오부자유기공방,e-영업4
E35N,핀일로,e-영업4
E35Q,산타마리아노벨라,e-영업4
E35R,산타마리아노벨라,e-영업4
E35W,케이투,e-영업3
E36A,밀레,e-영업3
E36B,밀레,e-영업4
E36E,아이더,e-영업3
E36G,씨흐 트루동,e-영업4
E36H,블랙야크,e-영업3
E36I,블랙야크,e-영업4
E36K,컬럼비아,e-영업4
E36M,아름드리,e-영업4
E36O,소프라움,e-영업4
E36Q,세노비스,e-영업4
E36R,알케미아,e-영업4
E36V,레벤호프,e-영업4
E37L,니콘,e-영업4
E37P,윈,e-영업4
E37S,씨앤피 알엑스,e-영업4
E38E,클라르하임,e-영업4
E38F,혼마,e-영업4
E38H,타이틀리스트,e-영업4
E38I,타이틀리스트,e-영업4
E38J,타이틀리스트,e-영업4
E38K,크로벨,e-영업4
E38Q,마메종,e-영업4
E38R,마메종,e-영업4
E38T,리틀아카이브,e-영업4
E38Y,분더샵,e-영업4
E38Z,자크라디,e-영업4
E39C,게푸,e-영업4
E39E,두눈,e-영업4
E39I,래몽,e-영업4
E39J,아워글라스,e-영업4
E39K,에델코첸,e-영업4
E39L,운현궁,e-영업4
E39N,원더스토어,e-영업4
E39P,원더스토어,e-영업4
E39R,그젤,e-영업4
E39Y,기타,e-영업4
E39Z,기타,e-영업4
E3A0,기타,e-영업4
E3A8,TS샴푸,e-영업4
E3AF,애즈이즈투비,e-영업4
E3AG,케이투,e-영업3
E3AJ,힐크릭,e-영업4
E3AM,오설록,e-영업4
E3AO,로라애슐리,e-영업4
E3AP,로라애슐리,e-영업4
E3AR,케이투,e-영업3
E3AZ,랑콤,e-영업4
E3B1,밀레,e-영업3
E3B3,블랙야크,e-영업3
E3B5,세사,e-영업4
E3B9,시세이도,e-영업4
E3BA,에트로,e-영업4
E3BC,크리드,e-영업4
E3BD,포트메리온,e-영업4
E3BF,포트메리온,e-영업4
E3BG,포트메리온,e-영업4
E3BI,포트메리온,e-영업4
E3BJ,컬럼비아,e-영업4
E3BM,아쿠아 디 파르마,e-영업4
E3BN,바비브라운,e-영업4
E3BR,씨이오파퓸스,e-영업4
E3BS,에스티로더,e-영업4
E3BT,키엘,e-영업4
E3BU,키엘,e-영업4
E3BY,록시땅,e-영업4
E3BZ,록시땅,e-영업4
E3C0,알엠케이,e-영업4
E3C2,마리우스파브르,e-영업4
E3C3,메종드컨셉,e-영업4
E3CK,비엔에이치홈,e-영업4
E3CT,동국제약,e-영업4
E3CU,재영코리아리빙,e-영업4
E3CW,컴포트존,e-영업4
E3CX,내셔널지오그래픽,e-영업4
E3D1,피토,e-영업4
E3D8,디에스 앤 두르가,e-영업4
E3D9,코지네스트,e-영업4
E3DA,디즈니,e-영업4
E3DB,엑스니힐로,e-영업4
E3DC,디스커버리,e-영업4
E3DE,스노우피크,e-영업4
E3DM,조 러브스,e-영업4
E3DW,비알케이,e-영업4
E3E2,시라쿠스,e-영업4
E3E3,시라쿠스,e-영업4
E3E4,핑,e-영업4
E3E5,핑,e-영업4
E3EB,불가리안로즈,e-영업4
E3EF,빅토리아,e-영업4
E3EJ,트리플투피프스,e-영업4
E3EM,고디바,e-영업4
E3EN,백바,e-영업4
E3EO,뉴트리,e-영업4
E3ET,아티스티나,e-영업4
E3F0,펄튼,e-영업3
E3F6,펄퓸 디 말리,e-영업4
E3FA,에스더블유19,e-영업4
E3FD,메레신,e-영업4
E3FE,실리트,e-영업4
E3FH,아디다스,e-영업3
E3FI,아디다스,e-영업4
E3FJ,테일러메이드,e-영업4
E3FK,테일러메이드,e-영업4
E3FT,설화수,e-영업4
E3FU,아모레퍼시픽,e-영업4
E3FV,아로마코,e-영업4
E3FW,헹켈,e-영업4
E3FY,랩 시리즈,e-영업4
E3G5,티브이에스,e-영업4
E3G6,이엘오,e-영업4
E3G7,박홍근홈패션,e-영업4
E3G8,박홍근홈패션,e-영업4
E3GA,더블유엠에프,e-영업4
E3GC,하이코스 퍼퓸,e-영업4
E3GD,샹테카이,e-영업4
E3GE,까사부가티,e-영업4
E3GF,끌레드뽀,e-영업4
E3GI,네파,e-영업3
E3GK,아이더,e-영업3
E3GM,삼미수저,e-영업4
E3GN,한길,e-영업4
E3GP,조셉조셉,e-영업4
E3GT,퀸센스,e-영업4
E3GV,하리오,e-영업4
E3GW,조지루시,e-영업4
E3GX,써모스,e-영업4
E3H1,넬리,e-영업4
E3H2,더바디샵,e-영업4
E3H3,캘러웨이,e-영업4
E3H4,캘러웨이,e-영업4
E3HD,던롭,e-영업4
E3HF,미즈노,e-영업4
E3HJ,우드윅,e-영업4
E3HK,코렐,e-영업4
E3HM,이딸라,e-영업4
E3HO,이딸라,e-영업4
E3HT,레녹스,e-영업4
E3HU,로얄 알버트,e-영업4
E3HX,나흐트만,e-영업4
E3HY,웨지우드,e-영업4
E3HZ,웨지우드,e-영업4
E3I4,로얄덜튼,e-영업4
E3I5,노리다케,e-영업4
E3I6,미스터앤미세스,e-영업4
E3I7,메모,e-영업4
E3IC,닥스 침구,e-영업4
E3IE,장듀보,e-영업4
E3IH,바오밥,e-영업4
E3IJ,구딸 파리,e-영업4
E3IK,아베다,e-영업4
E3IM,프라다 뷰티,e-영업4
E3IN,이브 롬,e-영업4
E3IO,바세티,e-영업4
E3IP,빠니에데썽스,e-영업4
E3IQ,정관장,e-영업4
E3IS,입생로랑,e-영업4
E3IT,라메르,e-영업4
E3IU,레노마홈,e-영업4
E3IY,종근당건강,e-영업4
E3J0,데코,e-영업4
E3J3,데코,e-영업4
E3J4,뉴트라라이프,e-영업4
E3JR,덴비,e-영업4
E3JT,덴비,e-영업4
E3JW,에이프릴홈,e-영업4
E3JY,파이렉스,e-영업4
E3JZ,비젼,e-영업4
E3K0,비타민뱅크,e-영업4
E3K1,앙시,e-영업4
E3K3,빌리프,e-영업3
E3K4,빌리프,e-영업4
E3K5,발라리니,e-영업4
E3K9,게이즈,e-영업4
E3KC,앤슬리,e-영업4
E3KF,폴로 랄프로렌,e-영업4
E3KJ,버얼리,e-영업4
E3KO,브이비씨까사,e-영업4
E3KR,에이엠티,e-영업4
E3KU,스타우브,e-영업4
E3KW,아디다스,e-영업3
E3KY,아디다스,e-영업4
E3L1,풋조이,e-영업4
E3L4,까사소냐르,e-영업4
E3LC,볼빅,e-영업4
E3LD,볼빅,e-영업4
E3LF,브릿지스톤,e-영업4
E3LG,오리베,e-영업4
E3LJ,브이디엘,e-영업4
E3LK,브이디엘,e-영업4
E3LL,브이디엘,e-영업4
E3LM,브이디엘,e-영업4
E3LN,브이디엘,e-영업4
E3LP,브이디엘,e-영업4
E3LQ,크리스피바바,e-영업4
E3LR,알레르망,e-영업4
E3LY,골든구스,e-영업3
E3LZ,구찌,e-영업3
E3M4,루이비통,e-영업3
E3MF,발리,e-영업3
E3MV,입생로랑,e-영업3
E3N2,살바토레 페라가모,e-영업3
E3N8,셀프포트레이트,e-영업3
E3N9,볼빅_용품일반,e-영업4
E3NA,폴로 랄프로렌,e-영업3
E3NB,볼빅_보스턴백,e-영업4
E3NC,볼빅_캐디백,e-영업4
E3NE,볼빅_용품일반_유료,e-영업4
E3NF,다운뱅크,e-영업4
E3NG,아이오마,e-영업4
E3NH,매트리콜,e-영업4
E3NI,올리고더미,e-영업4
E3NJ,코덱시알,e-영업4
E3NL,캘러웨이,e-영업4
E3NM,바이움,e-영업4
E3NO,센티스킨,e-영업4
E3NP,마이녹셀,e-영업4
E3NQ,랩클,e-영업4
E3NS,엠마 멀홀랜드 온 홀리데이,e-영업3
E3NU,판도라,e-영업3
E3NV,레키,e-영업4
E3NZ,날진,e-영업4
E3O0,팩세이프,e-영업4
E3O2,빅토리녹스,e-영업4
E3O4,닥스베이비,e-영업3
E3O6,버프,e-영업4
E3O7,리바이스,e-영업3
E3O8,써스데이아일랜드,e-영업3
E3OA,비비안,e-영업3
E3OC,비비안,e-영업3
E3OE,어스앤뎀,e-영업3
E3OF,와코루,e-영업3
E3OI,엠포리오 아르마니,e-영업3
E3OJ,엘르,e-영업3
E3OK,지오다노,e-영업3
E3OL,엠포리오 아르마니,e-영업3
E3OM,비너스,e-영업3
E3ON,비너스,e-영업3
E3OO,비너스,e-영업3
E3OQ,비너스,e-영업3
E3OS,비비안,e-영업3
E3OU,바바라,e-영업3
E3OV,세컨스킨,e-영업3
E3OW,엔비에이,e-영업3
E3OY,지프,e-영업3
E3OZ,원더브라,e-영업3
E3P0,바인드,e-영업3
E3P1,시엔,e-영업3
E3P2,아워호프,e-영업3
E3P4,펌리빙,e-영업3
E3P7,어센틱 모델즈,e-영업4
E3P8,무토,e-영업4
E3PB,모토벨로,e-영업4
E3PC,데이브앤데이즈,e-영업4
E3PD,미즈노,e-영업4
E3PE,마르디 메크르디 레쁘띠,e-영업3
E3PF,아르켓,e-영업3
E3PH,몽키,e-영업3
E3PI,파라부트,e-영업3
E3PJ,앤아더스토리즈,e-영업3
E3PL,노몬,e-영업4
E3PN,코치,e-영업3
E3PQ,쟈딕앤볼테르,e-영업3
E3PR,세인트제임스,e-영업3
E3PV,달리,e-영업4
E3PY,브이해빗,e-영업4
E3QA,몽클레어,e-영업3
E3QF,어콜드월,e-영업3
E3QH,아페세,e-영업3
E3QK,에이프,e-영업3
E3QL,아크네 스튜디오,e-영업3
E3QT,스텔라맥카트니,e-영업3
E3R6,에이골디,e-영업3
E3RS,알렉산더 맥퀸,e-영업3
E3SH,아미,e-영업3
E3SK,앤드원더,e-영업3
E3TE,아크테릭스,e-영업3
E3TQ,아쉬,e-영업3
E3TR,아식스,e-영업3
E3U1,오트리,e-영업3
E3UI,발렌시아가,e-영업3
E3UL,발리,e-영업3
E3UM,발망,e-영업3
E3UR,바오바오이세이미야케,e-영업3
E3US,베이프,e-영업3
E3UT,바라쿠타,e-영업3
E3WM,보테가 베네타,e-영업3
E3XB,버버리,e-영업3
E3XI,씨피 컴퍼니,e-영업3
E3XP,캐나다구스,e-영업3
E3YC,세실리에 반센,e-영업3
E3YD,셀린느,e-영업3
E3YT,끌로에,e-영업3
E3YX,크리스찬디올,e-영업3
E3ZD,클락스,e-영업3
E3ZK,클로즈드,e-영업3
E3ZO,코치,e-영업3
E3ZV,컬럼비아,e-영업3
E3ZY,꼼데가르송,e-영업3
E40A,커먼 프로젝트,e-영업3
E40C,컨버스,e-영업3
E40E,꼬르넬리아니,e-영업3
E40O,크록스,e-영업3
E42A,디파트먼트파이브,e-영업3
E42G,데우스,e-영업3
E42N,디젤,e-영업3
E42V,돌체앤가바나,e-영업3
E43F,드래곤 디퓨전,e-영업3
E43J,디스퀘어드2,e-영업3
E43O,엠포리오 아르마니,e-영업3
E43U,에드워드 그린,e-영업3
E44N,엔지니어드 가먼츠,e-영업3
E45F,에트로,e-영업3
E45Y,피어오브갓,e-영업3
E46B,펜디,e-영업3
E46F,살바토레 페라가모,e-영업3
E47V,갤러리디파트먼트,e-영업3
E47Z,가니,e-영업3
E493,지베르니,e-영업4
E494,아크웰,e-영업4
E495,메이크프렘,e-영업4
E497,아로마티카,e-영업4
E499,리얼베리어,e-영업4
E49N,골든구스,e-영업3
E49P,골드윈,e-영업3
E4A6,구찌,e-영업3
E4AQ,헬렌카민스키,e-영업3
E4AZ,헤레우,e-영업3
E4B0,에르메스,e-영업3
E4B1,에르노,e-영업3
E4B9,호간,e-영업3
E4BA,호카오네오네,e-영업3
E4BE,옴므플리세 이세이미야케,e-영업3
E4BJ,하울린,e-영업3
E4BP,헌터,e-영업3
E4BU,하이드로겐,e-영업3
E4CQ,이세이미야케,e-영업3
E4CV,자크뮈스,e-영업3
E4CX,제임스펄스,e-영업3
E4D7,질샌더,e-영업3
E4D9,지미추,e-영업3
E4EB,겐조,e-영업3
E4EM,클라터뮤젠,e-영업3
E4FO,르메르,e-영업3
E4G8,로에베,e-영업3
E4G9,롱샴,e-영업3
E4GC,로로피아나,e-영업3
E4H8,메종 키츠네,e-영업3
E4HB,메종 마르지엘라,e-영업3
E4HD,메종미하라야스히로,e-영업3
E4HI,마무트,e-영업3
E4HY,마가렛 호웰,e-영업3
E4I2,마린세르,e-영업3
E4I7,마르니,e-영업3
E4IB,마틴로즈,e-영업3
E4JN,미우미우,e-영업3
E4JP,엠엠6,e-영업3
E4K4,무스너클,e-영업3
E4K9,모스키노,e-영업3
E4KV,나나미카,e-영업3
E4L4,니들스,e-영업3
E4LB,뉴발란스,e-영업3
E4LH,나이젤 카본,e-영업3
E4LI,나이키,e-영업3
E4LN,노비스,e-영업3
E4M4,오클리,e-영업3
E4MS,아워 레가시,e-영업3
E4N1,팔로마울,e-영업3
E4N8,파라부트,e-영업3
E4N9,파라점퍼스,e-영업3
E4NC,패로슈,e-영업3
E4NE,파타고니아,e-영업3
E4NM,폴스미스,e-영업3
E4O0,페트레이,e-영업3
E4OP,폴로 랄프로렌,e-영업3
E4OT,포터,e-영업3
E4OX,프라다,e-영업3
E4PC,알13,e-영업3
E4PG,폴로,e-영업3
E4Q0,레페토,e-영업3
E4Q5,루드,e-영업3
E4QA,로아,e-영업3
E4QP,로저 비비에,e-영업3
E4RJ,생로랑,e-영업3
E4RM,살로몬,e-영업3
E4RQ,살바토레 산토로,e-영업3
E4SD,씨 바이 끌로에,e-영업3
E4TN,스파워트,e-영업3
E4TQ,스포티앤리치,e-영업3
E4U5,스톤아일랜드,e-영업3
E4UA,스투시,e-영업3
E4UK,스와로브스키,e-영업3
E4VA,더 로우,e-영업3
E4VF,띠어리,e-영업3
E4VI,톰브라운,e-영업3
E4VV,토즈,e-영업3
E4VZ,톰포드,e-영업3
E4W6,토리버치,e-영업3
E4W7,토템,e-영업3
E4WB,트리커즈,e-영업3
E4WL,어그,e-영업3
E4WS,언더아머,e-영업3
E4X5,발렌티노 가라바니,e-영업3
E4XB,반스,e-영업3
E4XH,베르사체,e-영업3
E4Y1,비비안웨스트우드,e-영업3
E4YO,우영미,e-영업3
E4YT,와이쓰리,e-영업3
E4Z0,유제피,e-영업3
E4ZD,로베르타피에리,e-영업3
E501,더마비,e-영업4
E503,클로이,e-영업3
E504,카시오,e-영업3
E53K,비긴에코,e-영업4
E53M,휠라,e-영업4
E53Q,아미,e-영업3
E53V,코카콜라,e-영업3
E53W,카라영,e-영업4
E53Y,캠핑덕,e-영업4
E53Z,테클라,e-영업3
E548,타미 힐피거,e-영업3
E54A,글라스이탈리아,e-영업4
E54B,로만손,e-영업3
E54C,멀버리,e-영업3
E54D,스투시,e-영업3
E54E,앤클라인,e-영업3
E54F,비브람파이브핑거스,e-영업3
E54G,미니쿄모,e-영업3
E54H,하츠,e-영업4
E54I,시리우스,e-영업4
E54K,라이프레시피,e-영업4
E54L,배리,e-영업3
E54N,시야쥬,e-영업3
E54O,긴노스푼,e-영업4
E54P,미쓰보시,e-영업4
E54R,이자녹스,e-영업4
E54S,블럭버너,e-영업4
E54X,헬렌카민스키,e-영업3
E554,아이홀릭,e-영업3
E555,비와이씨,e-영업3
E556,제임스딘,e-영업3
E557,비너스,e-영업3
E558,비비안,e-영업3
E559,비비안 판도라,e-영업3
E55B,아스페시,e-영업3
E55E,케이투,e-영업4
E55F,아이더,e-영업3
E55G,신우재,e-영업4
E55H,프라다,e-영업3
E55I,셀린느,e-영업3
E55J,톰브라운,e-영업3
E55K,르메르,e-영업3
E55L,스톤아일랜드,e-영업3
E55M,릭오웬스,e-영업3
E55N,몽클레어,e-영업3
E55O,메종 키츠네,e-영업3
E55P,아미,e-영업3
E55Q,발렌시아가,e-영업3
E55R,메종 마르지엘라,e-영업3
E55S,골든구스,e-영업3
E55U,화플라나,e-영업4
E55V,풉스,e-영업4
E55W,드래곤 디퓨전,e-영업3
E55X,오트리,e-영업3
E560,비너스 자스민,e-영업3
E561,쁘띠쁘랑,e-영업3
E562,바디스토리,e-영업3
E565,폴밋,e-영업3
E566,럭센스,e-영업3
E568,베스뻬레,e-영업3
E569,아놀드파마,e-영업3
E56C,뉴발란스,e-영업3
E56E,에트로,e-영업3
E56I,톰브라운,e-영업3
E56J,메종 마르지엘라,e-영업3
E56K,버버리,e-영업3
E56L,릭오웬스,e-영업3
E56M,생로랑,e-영업3
E56N,마르니,e-영업3
E56O,펜디,e-영업3
E56P,발렌시아가,e-영업3
E56Q,프라다,e-영업3
E56R,메종미하라야스히로,e-영업3
E56T,몽클레어,e-영업3
E56U,지방시,e-영업3
E56W,발렌티노,e-영업3
E56X,골든구스,e-영업3
E56Y,아페쎄,e-영업3
E56Z,토즈,e-영업3
E570,필던,e-영업3
E573,디올라,e-영업3
E574,고아라,e-영업3
E575,더시크릿,e-영업3
E577,인콘트로,e-영업3
E578,코디라인,e-영업3
E579,더블유드레스룸,e-영업4
E57A,마틴로즈,e-영업3
E57B,로로피아나,e-영업3
E57C,비비안웨스트우드,e-영업3
E57D,랑방,e-영업3
E57E,타오,e-영업3
E57F,아미,e-영업3
E57H,오트리,e-영업3
E57I,보보쇼즈,e-영업3
E57J,베르사체,e-영업3
E57K,스톤아일랜드,e-영업3
E57L,구찌,e-영업3
E57M,아크네 스튜디오,e-영업3
E57N,메종 키츠네,e-영업3
E57O,알렉산더 맥퀸,e-영업3
E57Q,살로몬,e-영업3
E57S,톰포드,e-영업3
E57T,질샌더,e-영업3
E57U,제이린드버그,e-영업3
E57V,미우미우,e-영업3
E57W,디올 옴므,e-영업3
E57Z,오프화이트,e-영업3
E580,어파티,e-영업4
E581,라코스테,e-영업3
E58A,셀린느,e-영업3
E58B,꼼데가르송,e-영업3
E58E,쥬세페자노티,e-영업3
E58F,브루넬로 쿠치넬리,e-영업3
E58G,슈프림,e-영업3
E58I,토리버치,e-영업3
E58J,피어오브갓,e-영업3
E58K,폴스미스,e-영업3
E58L,씨피컴퍼니,e-영업3
E58M,살바토레 페라가모,e-영업3
E58N,알렉산더 왕,e-영업3
E58O,갤러리 디파트먼트,e-영업3
E58P,우포스,e-영업3
E58Q,루이비통,e-영업3
E58S,아크테릭스,e-영업3
E58U,무스너클,e-영업3
E58V,르메르,e-영업3
E58W,아워 레가시,e-영업3
E58X,와이쓰리,e-영업3
E58Y,닐 바렛,e-영업3
E58Z,발리,e-영업3
E590,썸띵굿,e-영업3
E59A,겐조,e-영업3
E59E,악셀아리가토,e-영업3
E59H,끌로에,e-영업3
E59I,에르노,e-영업3
E59M,파라점퍼스,e-영업3
E59Q,후미토 간류,e-영업3
E59W,이놈어닛,e-영업3
E5A3,어그,e-영업3
E5A8,드래곤 디퓨전,e-영업3
E5A9,풋타콤마,e-영업4
E5AA,엠포리오 아르마니,e-영업3
E5AB,폴로 랄프로렌,e-영업3
E5AE,코렐,e-영업4
E5AG,드래곤 디퓨전,e-영업3
E5AK,미슈쏘머치,e-영업3
E5AL,마르니,e-영업3
E5AM,노스페이스,e-영업3
E5AN,디스커버리,e-영업3
E5AO,엠엘비,e-영업3
E5AP,마모트,e-영업4
E5AQ,마운티아,e-영업4
E5AT,베터핑거,e-영업4
E5AU,빔바이롤라,e-영업3
E5AY,누텍스처,e-영업4
E5AZ,가니,e-영업3
E5B1,클락스,e-영업3
E5B3,메종미하라야스히로,e-영업3
E5B5,카락터코펜하겐,e-영업3
E5B7,루디프로젝트,e-영업4
E5B8,비비안웨스트우드,e-영업3
E5B9,시마노,e-영업4
E5BA,다이와,e-영업4
E5BB,바낙스,e-영업4
E5BC,용성,e-영업4
E5BD,하이드아웃,e-영업3
E5BE,에스에프씨,e-영업4
E5BF,아피스,e-영업4
E5BI,아티누스,e-영업4
E5BJ,아부가르시아,e-영업4
E5BM,펠드아포테케,e-영업4
E5BN,타이틀리스트,e-영업4
E5BT,선스펠,e-영업3
E5C0,휘 드 베르누이,e-영업3
E5C2,엠마누엘레 비꼬끼,e-영업3
E5C3,클라터뮤젠,e-영업3
E5C6,프랭키샵,e-영업3
E5CB,코페르니,e-영업3
E5CH,유메유메,e-영업3
E5CI,애니 루,e-영업3
E5CJ,엘펜트,e-영업4
E5CL,오쏘몰,e-영업4
E5CM,센트룸,e-영업4
E5CN,레이델,e-영업4
E5CP,콤비타,e-영업4
E5CV,세인트제임스,e-영업3
E5CW,도브,e-영업4
E5CX,헬레나 루빈스타인,e-영업4
E5CY,미우미우,e-영업3
E5CZ,보테가 베네타,e-영업3
E5D0,오트리,e-영업3
E5D1,버버리,e-영업3
E5D4,씨피 컴퍼니,e-영업3
E5D8,구찌,e-영업3
E5DA,질샌더,e-영업3
E5DB,로에베,e-영업3
E5DD,텐씨,e-영업3
E5DE,톰포드,e-영업3
E5DF,발렌티노,e-영업3
E5DG,와이프로젝트,e-영업3
E5DH,베트멍,e-영업3
E5DI,와이쓰리,e-영업3
E5DK,벤테라,e-영업3
E5DL,알라이아,e-영업3
E5DM,오르프,e-영업4
E5DO,토리버치,e-영업3
E5DP,디즈니,e-영업4
E5DR,플랫츠,e-영업4
E5DS,뉴라덤,e-영업4
E5DT,토리버치,e-영업3
E5DV,아크네스튜디오,e-영업3
E5DW,아미 파리스,e-영업3
E5DZ,버버리,e-영업3
E5E2,꼼데가르송,e-영업3
E5E5,가니,e-영업3
E5E6,구찌,e-영업3
E5EE,미우미우,e-영업3
E5EG,몽클레어,e-영업3
E5EH,폴로랄프로랜,e-영업3
E5EK,스포티엔리치,e-영업3
E5EL,스톤아일랜드,e-영업3
E5EP,토리버치,e-영업3
E5ES,비비안웨스트우드,e-영업3
E5ET,티에파렐,e-영업3
E5EU,굿덴,e-영업3
E5EW,마크앤로나,e-영업3
E5EY,봉쁘앙,e-영업3
E5FH,홈앤하우스,e-영업4
E5G5,홈바내쓰,e-영업4
E5G8,티더블유지,e-영업4
E5G9,바이레도,e-영업4
E5GA,딥티크,e-영업4
E5GB,르라보,e-영업4
E5GC,카카오프렌즈,e-영업4
E5GD,스누피,e-영업4
E5GL,삼성,e-영업4
E5GZ,테일러메이드,e-영업4
E5H0,테일러메이드,e-영업4
E5H1,테일러메이드,e-영업3
E5H4,캘러웨이,e-영업4
E5H5,캘러웨이,e-영업4
E5H6,캘러웨이,e-영업4
E5HA,아디다스,e-영업4
E5HB,풋조이,e-영업4
E5HG,스릭슨,e-영업4
E5HH,스릭슨,e-영업4
E5HJ,젝시오,e-영업4
E5HK,젝시오,e-영업4
E5HQ,에코,e-영업4
E5HR,에코,e-영업4
E5HV,힐크릭,e-영업4
E5IA,토가풀라,e-영업3
E5ID,랄프로렌,e-영업3
E5IE,레이벤,e-영업3
E5IO,헤리터,e-영업4
E5IP,아이리버,e-영업4
E5IS,키친고메,e-영업4
E5IV,브랜즈,e-영업3
E5IW,페이유에,e-영업3
E5IX,사토리산,e-영업3
E5J7,월트디즈니,e-영업3
E5J9,마블,e-영업3
E5JA,핑크퐁,e-영업3
E5JD,산리오,e-영업3
E5JE,카카오프렌즈,e-영업3
E5JG,탠디,e-영업3
E5JH,기라로쉬,e-영업3
E5JI,보그,e-영업3
E5JJ,조지가스파,e-영업3
E5JK,아테스토니,e-영업3
E5JL,지니스타,e-영업3
E5JM,커밋체어,e-영업4
E5JN,퓨어핸드,e-영업4
E5JO,온호프,e-영업4
E5JP,프라다,e-영업3
E5JQ,스톤아일랜드,e-영업3
E5JY,피스카스,e-영업4
E5K0,타올,e-영업4
E5K1,하오시,e-영업4
E5K2,자로우포뮬러,e-영업4
E5K7,폴로 랄프 로렌,e-영업3
E5K8,69슬램,e-영업3
E5K9,조말론,e-영업4
E5KA,이솝,e-영업4
E5KD,불가리,e-영업4
E5KH,키엘,e-영업4
E5KL,톰포드,e-영업4
E5KN,니들스,e-영업3
E5KO,양키캔들,e-영업4
E5KQ,우드윅,e-영업4
E5KR,살바토레 페라가모,e-영업3
E5KT,니치어,e-영업4
E5LK,쇼메,e-영업3
E5LL,트리아나,e-영업3
E5LO,엠포리오 아르마니 시계,e-영업3
E5LR,네파키즈_,e-영업3
E5LT,미피,e-영업3
E5LW,살로몬,e-영업3
E5LX,라이프벤쳐,e-영업4
E5LY,크레이지,e-영업4
E5LZ,코스텔,e-영업4
E5M0,스완,e-영업4
E5M1,휴라이즈,e-영업4
E5M2,에비히슈테른코리아,e-영업4
E5M4,옥소,e-영업4
E5M6,지방시,e-영업4
E5M7,홀리앤보,e-영업3
E5MA,마틴로즈,e-영업3
E5MC,비아셉템버,e-영업3
E5MF,모네프,e-영업4
E5MI,이브 롬,e-영업4
E5MJ,오띵크,e-영업3
E5MK,디올,e-영업4
E5ML,반디스오가닉,e-영업3
E5MN,문힐,e-영업3
E5MP,호카오네오네,e-영업3
E5MQ,토즈,e-영업3
E5MR,르메르,e-영업3
E5MS,가니,e-영업3
E5MT,니들스,e-영업3
E5MU,파라부트,e-영업3
E5MV,에르노,e-영업3
E5N0,드래곤 디퓨전,e-영업3
E5N3,비비안웨스트우드,e-영업3
E5N4,스튜디오 니콜슨,e-영업3
E5N7,단톤,e-영업3
E5N8,스투시,e-영업3
E5N9,살바토레 페라가모,e-영업3
E5NC,스포티앤리치,e-영업3
E5ND,블랙모어스,e-영업4
E5NH,시니케어,e-영업4
E5NJ,이리지스,e-영업4
E5NK,토즈,e-영업3
E5NM,페이퍼보이,e-영업3
E5NN,르비에르,e-영업3
E5NO,글렌캐런,e-영업4
E5NP,토리버치,e-영업3
E5O1,LG전자,e-영업4
E5O3,LG전자,e-영업4
E5O9,LG전자,e-영업4
E5OC,루이스미샤,e-영업3
E5OE,바쿠,e-영업4
E5OF,오미노비앙코,e-영업4
E5OG,에딩,e-영업4
E5OH,리프로덕션 오브 파운드,e-영업3
E5OI,리프,e-영업3
E5OJ,쿠레주,e-영업3
E5OK,마리끌레르,e-영업3
E5ON,홉티미스트,e-영업4
E5OO,스프링코펜하겐,e-영업4
E5OQ,드림팜,e-영업4
E5OR,베카,e-영업4
E5OT,쿠버,e-영업4
E5OV,브루넬로 쿠치넬리,e-영업3
E5OX,비비안 웨스트우드,e-영업3
E5OY,라이플로우,e-영업4
E5P1,알라이아,e-영업3
E5P2,반원아틀리에,e-영업3
E5P3,네이처하이크,e-영업4
E5P4,슈와츠코리아,e-영업4
E5P6,겐조,e-영업3
E5P7,프리마베라1980,e-영업4
E5P8,하뜨하뜨핫팩,e-영업4
E5P9,마지우,e-영업4
E5PB,디스커버리,e-영업3
E5PC,뽀로로,e-영업4
E5PD,까르띠에,e-영업3
E5PE,태그호이어,e-영업3
E5PO,버버리,e-영업3
E5PP,프라다,e-영업3
E5PV,톰브라운,e-영업3
E5PZ,샤넬,e-영업3
E5Q3,불가리,e-영업3
E5Q8,티파니앤코,e-영업3
E5QM,살바토레 페라가모,e-영업3
E5QY,에르메스,e-영업3
E5R6,구찌,e-영업3
E5R8,보테가 베네타,e-영업3
E5RC,펜디,e-영업3
E5RN,크리스찬 루부탱,e-영업3
E5RS,루이비통,e-영업3
E5RU,오메가,e-영업3
E5S6,로저비비에,e-영업3
E5SA,톰포드,e-영업3
E5SP,버버리,e-영업3
E5SQ,프라다,e-영업3
E5T0,샤넬,e-영업3
E5TI,디올,e-영업3
E5TN,살바토레 페라가모,e-영업3
E5TQ,벨루티,e-영업3
E5TZ,에르메스,e-영업3
E5U7,구찌,e-영업3
E5UB,셀린느,e-영업3
E5UD,펜디,e-영업3
E5UT,루이비통,e-영업3
E5UV,오메가,e-영업3
E5VG,태그호이어,e-영업3
E5VQ,버버리,e-영업3
E5VR,프라다,e-영업3
E5W1,샤넬,e-영업3
E5WJ,디올,e-영업3
E5WW,프레드,e-영업3
E5X0,에르메스,e-영업3
E5X8,구찌,e-영업3
E5XE,펜디,e-영업3
E5XR,고야드,e-영업3
E5XU,루이비통,e-영업3
E5YH,태그호이어,e-영업3
E5YR,버버리,e-영업3
E5YS,프라다,e-영업3
E5Z2,샤넬,e-영업3
E5Z6,불가리,e-영업3
E5ZK,디올,e-영업3
E5ZN,발렌시아가,e-영업3
E5ZZ,발렌티노,e-영업3
E60B,에르메스,e-영업3
E60J,구찌,e-영업3
E60N,셀린느,e-영업3
E61F,루이비통,e-영업3
E62M,버버리,e-영업3
E62N,프라다,e-영업3
E62X,샤넬,e-영업3
E63B,불가리,e-영업3
E63G,티파니앤코,e-영업3
E63P,디올,e-영업3
E63S,발렌시아가,e-영업3
E63U,살바토레 페라가모,e-영업3
E63Y,토즈,e-영업3
E647,맥케이지,e-영업3
E64O,구찌,e-영업3
E64S,셀린느,e-영업3
E64U,펜디,e-영업3
E64W,생 로랑,e-영업3
E652,스와로브스키,e-영업3
E656,덴티스테,e-영업4
E657,스왈로테일,e-영업3
E65H,고야드,e-영업3
E65K,루이비통,e-영업3
E669,커먼프로잭트,e-영업3
E66S,프라다,e-영업3
E671,데님 인디고 마스터,e-영업3
E67C,샤넬,e-영업3
E67U,디올,e-영업3
E68L,에르메스,e-영업3
E68T,구찌,e-영업3
E68V,보테가 베네타,e-영업3
E69P,루이비통,e-영업3
E6A5,반 클리프 앤 아펠,e-영업3
E6AB,까르띠에,e-영업3
E6AC,태그호이어,e-영업3
E6AM,버버리,e-영업3
E6AN,프라다,e-영업3
E6AX,샤넬,e-영업3
E6B6,티파니앤코,e-영업3
E6BU,발렌티노,e-영업3
E6BW,에르메스,e-영업3
E6C4,구찌,e-영업3
E6C6,보테가 베네타,e-영업3
E6CN,고야드,e-영업3
E6D4,로저비비에,e-영업3
E6D6,반 클리프 앤 아펠,e-영업3
E6DC,까르띠에,e-영업3
E6DN,버버리,e-영업3
E6DO,프라다,e-영업3
E6DY,샤넬,e-영업3
E6E1,메종 마르지엘라,e-영업3
E6E7,티파니앤코,e-영업3
E6EE,론진,e-영업3
E6EG,디올,e-영업3
E6EX,에르메스,e-영업3
E6F3,지미추,e-영업3
E6F5,구찌,e-영업3
E6F9,셀린느,e-영업3
E6FB,펜디,e-영업3
E6FD,생 로랑,e-영업3
E6FI,미우미우,e-영업3
E6FO,고야드,e-영업3
E6FP,델보,e-영업3
E6FR,루이비통,e-영업3
E6GE,태그호이어,e-영업3
E6GO,버버리,e-영업3
E6GP,프라다,e-영업3
E6GZ,샤넬,e-영업3
E6H8,티파니앤코,e-영업3
E6HH,디올,e-영업3
E6HL,예거 르쿨트르,e-영업3
E6HM,살바토레 페라가모,e-영업3
E6HR,롤렉스,e-영업3
E6HY,에르메스,e-영업3
E6I6,구찌,e-영업3
E6I8,보테가 베네타,e-영업3
E6II,몽블랑,e-영업3
E6IJ,미우미우,e-영업3
E6IR,에트로,e-영업3
E6IS,루이비통,e-영업3
E6IU,오메가,e-영업3
E6J8,반 클리프 앤 아펠,e-영업3
E6JF,태그호이어,e-영업3
E6JP,버버리,e-영업3
E6JQ,프라다,e-영업3
E6JW,톰브라운,e-영업3
E6JY,쇼메,e-영업3
E6K0,샤넬,e-영업3
E6K4,불가리,e-영업3
E6K9,티파니앤코,e-영업3
E6KH,브라이틀링,e-영업3
E6KR,토즈,e-영업3
E6KZ,에르메스,e-영업3
E6L5,지미추,e-영업3
E6L7,구찌,e-영업3
E6LB,셀린느,e-영업3
E6LJ,몽블랑,e-영업3
E6LS,에트로,e-영업3
E6LT,루이비통,e-영업3
E6LV,오메가,e-영업3
E6M9,반 클리프 앤 아펠,e-영업3
E6MF,까르띠에,e-영업3
E6MQ,버버리,e-영업3
E6MR,프라다,e-영업3
E6MZ,쇼메,e-영업3
E6N1,샤넬,e-영업3
E6N5,불가리,e-영업3
E6NA,티파니앤코,e-영업3
E6NJ,디올,e-영업3
E6NK,아이더블유씨,e-영업3
E6NS,토즈,e-영업3
E6O0,에르메스,e-영업3
E6O8,구찌,e-영업3
E6OA,보테가 베네타,e-영업3
E6OC,셀린느,e-영업3
E6OM,알렉산더 맥퀸,e-영업3
E6OS,델보,e-영업3
E6OU,루이비통,e-영업3
E6P4,쇼파드,e-영업3
E6P5,파네라이,e-영업3
E6PS,프라다,e-영업3
E6Q2,샤넬,e-영업3
E6Q6,불가리,e-영업3
E6QK,디올,e-영업3
E6QT,토즈,e-영업3
E6QZ,발렌티노,e-영업3
E6R1,에르메스,e-영업3
E6R9,구찌,e-영업3
E6RA,다미아니,e-영업3
E6RH,생 로랑,e-영업3
E6RK,로에베,e-영업3
E6RL,몽블랑,e-영업3
E6RU,에트로,e-영업3
E6RV,루이비통,e-영업3
E6RX,오메가,e-영업3
E6S9,로저비비에,e-영업3
E6SA,몽클레르,e-영업3
E6SB,반 클리프 앤 아펠,e-영업3
E6SI,태그호이어,e-영업3
E6SS,버버리,e-영업3
E6ST,프라다,e-영업3
E6T3,샤넬,e-영업3
E6TL,디올,e-영업3
E6TV,롤렉스,e-영업3
E6U2,에르메스,e-영업3
E6UA,구찌,e-영업3
E6UC,보테가 베네타,e-영업3
E6UE,셀린느,e-영업3
E6UG,펜디,e-영업3
E6UL,로에베,e-영업3
E6UT,고야드,e-영업3
E6UW,루이비통,e-영업3
E6VI,까르띠에,e-영업3
E6VJ,태그호이어,e-영업3
E6VT,버버리,e-영업3
E6VU,프라다,e-영업3
E6W4,샤넬,e-영업3
E6WM,디올,e-영업3
E6X3,에르메스,e-영업3
E6XB,구찌,e-영업3
E6XD,보테가 베네타,e-영업3
E6XH,펜디,e-영업3
E6XJ,생 로랑,e-영업3
E6XU,고야드,e-영업3
E6XX,루이비통,e-영업3
E6XY,발리,e-영업3
E6Y8,파네라이,e-영업3
E6YJ,까르띠에,e-영업3
E6YK,태그호이어,e-영업3
E6YO,헬렌카민스키,e-영업3
E6YU,버버리,e-영업3
E6YV,프라다,e-영업3
E6Z1,톰브라운,e-영업3
E6Z5,샤넬,e-영업3
E6ZE,티파니앤코,e-영업3
E6ZN,디올,e-영업3
E70E,에르메스,e-영업3
E70M,구찌,e-영업3
E70O,보테가 베네타,e-영업3
E70Q,셀린느,e-영업3
E71I,루이비통,e-영업3
E71W,로저비비에,e-영업3
E722,스카겐,e-영업3
E727,하우스레시피,e-영업4
E72F,태그호이어,e-영업3
E732,마르니,e-영업3
E73A,샤넬,e-영업3
E73J,티파니앤코,e-영업3
E73S,디올,e-영업3
E73X,살바토레 페라가모,e-영업3
E742,척,e-영업3
E743,라미,e-영업3
E747,트렌드세터 웨어,e-영업3
E74C,롤렉스,e-영업3
E74J,에르메스,e-영업3
E74R,구찌,e-영업3
E74T,보테가 베네타,e-영업3
E74X,펜디,e-영업3
E750,비마이티,e-영업3
E75K,고야드,e-영업3
E75N,루이비통,e-영업3
E75P,오메가,e-영업3
E761,케이트서머빌,e-영업4
E765,홈앤하우스,e-영업4
E767,휠라,e-영업3
E76J,까르띠에,e-영업3
E76K,태그호이어,e-영업3
E76U,버버리,e-영업3
E76V,프라다,e-영업3
E77F,샤넬,e-영업3
E77X,디올,e-영업3
E77Y,아이더블유씨,e-영업3
E78C,살바토레 페라가모,e-영업3
E78W,구찌,e-영업3
E78Y,보테가 베네타,e-영업3
E79A,셀린느,e-영업3
E79S,루이비통,e-영업3
E79U,오메가,e-영업3
E7AE,까르띠에,e-영업3
E7AP,버버리,e-영업3
E7AQ,프라다,e-영업3
E7AW,톰브라운,e-영업3
E7B0,샤넬,e-영업3
E7B4,불가리,e-영업3
E7BA,돌체앤가바나,e-영업3
E7BD,디스퀘어드2,e-영업3
E7BF,끌로에,e-영업3
E7BI,디올,e-영업3
E7BL,발렌시아가,e-영업3
E7BN,살바토레 페라가모,e-영업3
E7BR,토즈,e-영업3
E7BZ,에르메스,e-영업3
E7C7,구찌,e-영업3
E7C9,보테가 베네타,e-영업3
E7CB,셀린느,e-영업3
E7CD,펜디,e-영업3
E7CF,생 로랑,e-영업3
E7CJ,몽블랑,e-영업3
E7CL,알렉산더 맥퀸,e-영업3
E7CO,크리스찬 루부탱,e-영업3
E7CS,에트로,e-영업3
E7CT,루이비통,e-영업3
E7D2,멀버리,e-영업3
E7D7,로저비비에,e-영업3
E7D8,몽클레르,e-영업3
E7DA,콴펜,e-영업3
E7DF,까르띠에,e-영업3
E7DG,태그호이어,e-영업3
E7DQ,버버리,e-영업3
E7DR,프라다,e-영업3
E7E1,샤넬,e-영업3
E7E5,불가리,e-영업3
E7EJ,디올,e-영업3
E7EY,발렌티노,e-영업3
E7F0,에르메스,e-영업3
E7F8,구찌,e-영업3
E7F9,다미아니,e-영업3
E7FA,보테가 베네타,e-영업3
E7FC,셀린느,e-영업3
E7FU,루이비통,e-영업3
E7FW,오메가,e-영업3
E7GA,반 클리프 앤 아펠,e-영업3
E7GG,까르띠에,e-영업3
E7GH,태그호이어,e-영업3
E7GY,톰브라운,e-영업3
E7H2,샤넬,e-영업3
E7H6,불가리,e-영업3
E7HB,티파니앤코,e-영업3
E7IV,루이비통,e-영업3
E7JN,디올 옴므,e-영업3
E7JS,버버리,e-영업3
E7JT,프라다,e-영업3
E7K3,샤넬,e-영업3
E7KL,디올,e-영업3
E7KO,발렌시아가,e-영업3
E7KQ,살바토레 페라가모,e-영업3
E7L2,에르메스,e-영업3
E7LA,구찌,e-영업3
E7LC,보테가 베네타,e-영업3
E7LE,셀린느,e-영업3
E7LW,루이비통,e-영업3
E7LY,오메가,e-영업3
E7MC,반 클리프 앤 아펠,e-영업3
E7MM,3.1 필립 림,e-영업3
E7MS,424,e-영업3
E7MX,세븐 포 올 맨카인드,e-영업3
E7N6,아크네 스튜디오,e-영업3
E7NA,알렉산더 왕,e-영업3
E7NH,에스더 에크메,e-영업3
E7NZ,알베르토비아니,e-영업3
E7OB,알렉산더 스미스,e-영업3
E7PE,앤 드뮐미스터,e-영업3
E7PZ,아리조나러브,e-영업3
E7Q9,아식스,e-영업3
E7QH,오라리,e-영업3
E7R0,발렌시아가,e-영업3
E7R3,발리,e-영업3
E7R9,바오바오이세이미야케,e-영업3
E7RB,바라쿠타,e-영업3
E7RC,바르바,e-영업3
E7RD,바레나,e-영업3
E7S2,베르위치,e-영업3
E7SO,블루마린,e-영업3
E7ST,보디,e-영업3
E7SU,볼리올리,e-영업3
E7SW,봉쁘앙,e-영업3
E7SZ,보리엘로,e-영업3
E7T0,보르살리노,e-영업3
E7TK,브루넬로 쿠치넬리,e-영업3
E7TY,씨피 컴퍼니,e-영업3
E7U1,캘빈클라인,e-영업3
E7U4,캐나다구스,e-영업3
E7UD,까레라,e-영업3
E7UE,까르띠에,e-영업3
E7UH,카사블랑카,e-영업3
E7UK,까스따네르,e-영업3
E7UQ,셀린느,e-영업3
E7UU,샤넬,e-영업3
E7V2,치에 미하라,e-영업3
E7VC,크리스찬 루부탱,e-영업3
E7W0,코치,e-영업3
E7W5,콜마,e-영업3
E7WA,꼼데가르송,e-영업3
E7WF,코페르니,e-영업3
E7WG,꼬르넬리아니,e-영업3
E7WP,크록스,e-영업3
E7XR,디파트먼트파이브,e-영업3
E7XW,데스틴,e-영업3
E7XX,데우스,e-영업3
E7XY,데우스 엑스 마키나,e-영업3
E7XZ,디아도라 헤리티지,e-영업3
E7Y2,디,e-영업3
E7Y4,디젤,e-영업3
E7YA,디케이엔와이,e-영업3
E7YC,돌체앤가바나,e-영업3
E7YI,듀칼,e-영업3
E7YL,드래곤 디퓨전,e-영업3
E7YU,엠포리오 아르마니,e-영업3
E7Z8,엘리자베타프랑키,e-영업3
E7ZE,엠마누엘레 비꼬끼,e-영업3
E7ZR,이알엘,e-영업3
E7ZS,에르마노 설비노,e-영업3
E7ZU,에르메네질도 제냐,e-영업3
E80B,에트로,e-영업3
E80L,파비아나 필리피,e-영업3
E80P,팔리에로사르티,e-영업3
E80U,피어오브갓,e-영업3
E80W,페데리카 토시,e-영업3
E80X,펜디,e-영업3
E81A,살바토레 페라가모,e-영업3
E81B,페라리,e-영업3
E81H,제로쓰리투씨,e-영업3
E81T,몽클레어,e-영업3
E81Y,에이푼토비,e-영업3
E82B,아페세,e-영업3
E82H,에이디디,e-영업3
E82I,아더에러,e-영업3
E82M,스텔라맥카트니,e-영업3
E82Y,에이골디,e-영업3
E83Q,알레시,e-영업3
E83T,알렉산더 맥퀸,e-영업3
E84I,알테아,e-영업3
E84M,알리지,e-영업3
E84S,아미,e-영업3
E84T,아미나무아디,e-영업3
E84V,앤드원더,e-영업3
E84X,앤더슨스,e-영업3
E84Y,앤더슨벨,e-영업3
E85S,안야 힌드마치,e-영업3
E85U,아쿠아주라,e-영업3
E85Z,아크테릭스,e-영업3
E86E,아르마니,e-영업3
E86L,아쉬,e-영업3
E86O,아스페시,e-영업3
E86Q,아틀란틱 스타스,e-영업3
E86S,아티코,e-영업3
E86W,오트리,e-영업3
E87C,악셀아리가토,e-영업3
E87I,릭오웬스,e-영업3
E87R,발망,e-영업3
E88F,배로우,e-영업3
E88U,벨스타프,e-영업3
E89U,블루걸,e-영업3
E89X,밥,e-영업3
E89Y,보보쇼즈,e-영업3
E8AY,버버리,e-영업3
E8B4,바이레도,e-영업3
E8BN,까르뱅,e-영업3
E8BW,세실리에 반센,e-영업3
E8C7,키아라보니,e-영업3
E8CD,끌로에,e-영업3
E8CF,쇼파드,e-영업3
E8CH,크리스찬디올,e-영업3
E8CO,크롬 하츠,e-영업3
E8CQ,처치스,e-영업3
E8CS,치르콜로 1901,e-영업3
E8D8,코치넬레,e-영업3
E8DJ,커먼 프로젝트,e-영업3
E8DL,컨버스,e-영업3
E8DR,쿠레주,e-영업3
E8DZ,크리스탈 헤이즈,e-영업3
E8FR,드래곤,e-영업3
E8FT,드리스 반 노튼,e-영업3
E8FV,드루모어,e-영업3
E8FW,디스퀘어드2,e-영업3
E8FZ,듀베티카,e-영업3
E8GC,일레븐티,e-영업3
E8GQ,엔지니어드 가먼츠,e-영업3
E8GT,이큅먼트,e-영업3
E8GX,에리카 카발리니,e-영업3
E8I5,187라벨,e-영업4
E8IA,필슨,e-영업3
E8IE,피엘라벤,e-영업3
E8IH,플라워 마운틴,e-영업3
E8IO,포르테 포르테,e-영업3
E8IT,프레임,e-영업3
E8IY,프레드 페리,e-영업3
E8J4,훌라,e-영업3
E8JA,갤러리디파트먼트,e-영업3
E8JE,가니,e-영업3
E8JH,가렛라이트,e-영업3
E8K1,지안비토로시,e-영업3
E8K3,지마구아스,e-영업3
E8K4,조르지오 아르마니,e-영업3
E8K9,지방시,e-영업3
E8KH,골든구스,e-영업3
E8KQ,그라미치,e-영업3
E8KR,그란사소,e-영업3
E8L0,구찌,e-영업3
E8LD,하트포드,e-영업3
E8LJ,헬렌카민스키,e-영업3
E8LO,헨더슨,e-영업3
E8LS,헤레우,e-영업3
E8LU,에르노,e-영업3
E8LW,허쉘,e-영업3
E8LX,에르베 샤플리에,e-영업3
E8M2,호간,e-영업3
E8M3,호카오네오네,e-영업3
E8M6,옴므플리세 이세이미야케,e-영업3
E8MB,하울린,e-영업3
E8MH,헌터,e-영업3
E8MI,훈자 지,e-영업3
E8MQ,이벨리브,e-영업3
E8MR,아이씨베를린,e-영업3
E8MY,일비종떼,e-영업3
E8MZ,일구포,e-영업3
E8N6,인코텍스,e-영업3
E8N8,이너라움,e-영업3
E8N9,이누이키,e-영업3
E8NH,이세이미야케,e-영업3
E8NM,자크뮈스,e-영업3
E8NO,제임스펄스,e-영업3
E8NY,질샌더,e-영업3
E8O0,지미추,e-영업3
E8O5,존 롭,e-영업3
E8OE,쥬시꾸뛰르,e-영업3
E8OF,준야와타나베,e-영업3
E8OH,준지,e-영업3
E8OJ,까웨,e-영업3
E8OM,캉그라,e-영업3
E8OR,칼 라거펠트,e-영업3
E8P0,겐조,e-영업3
E8P1,카이트,e-영업3
E8P2,크리스조이,e-영업3
E8PA,키톤,e-영업3
E8PB,클라터뮤젠,e-영업3
E8PJ,커트가이거,e-영업3
E8PR,라펠라,e-영업3
E8PZ,랑방,e-영업3
E8QC,르메르,e-영업3
E8QJ,리바이스,e-영업3
E8QN,린다페로우,e-영업3
E8QR,마크 제이콥스,e-영업3
E8QS,리우조,e-영업3
E8QW,로에베,e-영업3
E8QX,롱샴,e-영업3
E8R0,로로피아나,e-영업3
E8R5,러브모스키노,e-영업3
E8R7,로우 브랜드,e-영업3
E8RJ,미소니,e-영업3
E8RW,메종 키츠네,e-영업3
E8RY,메종 마르지엘라,e-영업3
E8S0,메종미하라야스히로,e-영업3
E8S5,마무트,e-영업3
E8S6,마네비,e-영업3
E8S9,마놀로 블라닉,e-영업3
E8SO,마린세르,e-영업3
E8ST,마르니,e-영업3
E8TC,엠씨투 세인트바스,e-영업3
E8TD,엠씨엠,e-영업3
E8TL,맹기,e-영업3
E8TM,메피스토,e-영업3
E8TT,마이클 코어스,e-영업3
E8U6,미노론조니,e-영업3
E8U9,미우미우,e-영업3
E8UA,미즈노,e-영업3
E8UB,엠엠6,e-영업3
E8UH,몽클레어,e-영업3
E8UL,몽블랑,e-영업3
E8UO,문부츠,e-영업3
E8UP,무어레르,e-영업3
E8UQ,무스너클,e-영업3
E8UV,모스키노,e-영업3
E8UX,마더,e-영업3
E8UY,마우,e-영업3
E8V7,멀버리,e-영업3
E8VB,마이키타,e-영업3
E8VG,나나미카,e-영업3
E8VH,나누슈카,e-영업3
E8VP,니들스,e-영업3
E8VQ,닐 바렛,e-영업3
E8VW,뉴발란스,e-영업3
E8W3,나이키,e-영업3
E8W7,노비스,e-영업3
E8WL,디오비,e-영업4
E8WO,트루바두르,e-영업3
E8WP,소어,e-영업3
E8WV,쉬스,e-영업3
E8X3,플로레 플로레,e-영업3
E8X6,다비네스,e-영업4
E8X7,노스페이스,e-영업3
E8XD,제이미웨스트,e-영업4
E8XE,시티즌,e-영업3
E8XI,뷰티오브메모리즈,e-영업4
E8XJ,이마지네,e-영업3
E8XK,비앤힐,e-영업4
E8XL,오르빗,e-영업4
E8XM,하우스오브지니어스,e-영업4
E8XN,필플로,e-영업4
E8XO,린나이,e-영업4
E8XP,커넥토리얼,e-영업4
E8XQ,고트만,e-영업4
E8XR,캠퍼랩,e-영업3
E8XS,지방시,e-영업3
E8XT,클레망,e-영업3
E8XU,하루하루원더,e-영업4
E8XV,피엘디크,e-영업4
E8XW,구찌,e-영업3
E8XX,프라다,e-영업3
E8Y8,보테가 베네타,e-영업3
E8Z1,셀레셜 시즈닝스,e-영업4
E8Z6,노이어,e-영업3
E8Z7,힌자,e-영업4
E8ZB,트렌데코,e-영업4
E8ZC,테일러센츠,e-영업4
E8ZF,아가타,e-영업3
E8ZG,니들스,e-영업3
E8ZJ,스피도,e-영업3
E8ZK,오르시떼,e-영업3
E8ZO,에르메네질도 제냐,e-영업3
E8ZS,롤렉스,e-영업3
E8ZZ,오리고,e-영업3
E90G,메디니스,e-영업4
E90H,더블유레시피,e-영업4
E90I,스포티앤리치,e-영업3
E90J,유로,e-영업3
E90K,로안,e-영업3
E90L,유니지,e-영업3
E90M,에잇아워즈,e-영업3
E90O,스티븐알란,e-영업3
E90Q,가니,e-영업3
E90R,딘토,e-영업4
E90S,바이라,e-영업4
E90X,푸르농,e-영업4
E91B,온도,e-영업4
E91C,알렉산더 맥퀸,e-영업3
E91D,아미,e-영업3
E91E,오트리,e-영업3
E91G,버버리,e-영업3
E91H,커먼 프로젝트,e-영업3
E91I,씨피컴퍼니,e-영업3
E91N,돈셰,e-영업3
E92C,미니로디니,e-영업3
E92D,살바토레 페라가모,e-영업3
E92E,골든구스,e-영업3
E92H,겐조,e-영업3
E92L,메종 키츠네,e-영업3
E92T,몽클레어,e-영업3
E92W,몽블랑,e-영업3
E92X,무스너클,e-영업3
E93G,파라점퍼스,e-영업3
E93H,필립모델,e-영업3
E93J,스톤아일랜드,e-영업3
E93L,톰브라운,e-영업3
E93M,토즈,e-영업3
E93O,발렌티노,e-영업3
E93S,퍼피아,e-영업4
E93T,핑카홀릭,e-영업4
E93W,러브포,e-영업4
E94A,몬디악,e-영업4
E94B,캘빈클라인,e-영업3
E94C,포셔드,e-영업4
E94D,즈윌링,e-영업4
E94G,에르메스,e-영업3
E94I,버버리,e-영업3
E94J,쿄,e-영업3
E94Y,검트리,e-영업4
E94Z,컬럼비아,e-영업4
E956,라이피스트,e-영업4
E95A,컬럼비아,e-영업4
E95D,미트라샵,e-영업4
E95F,베라왕,e-영업3
E95H,호랑이건강원,e-영업4
E95I,구찌,e-영업3
E95T,크래프트 프랙티스,e-영업4
E95V,스킨푸드,e-영업4
E95W,무슈제이,e-영업4
E95X,38컴온커먼,e-영업3
E95Z,베네통,e-영업3
E968,에이치비 카펜트리,e-영업3
E96A,클리판,e-영업4
E96C,피디오 클래식,e-영업4
E96D,니커보커,e-영업4
E96G,착한빵수니,e-영업4
E96H,부르르,e-영업3
E96I,마로셀,e-영업4
E96J,크로벨,e-영업4
E96O,오쏠리,e-영업4
E96P,준우아웃도어,e-영업4
E96U,쌩크로포드,e-영업3
E96V,폴로 랄프로렌,e-영업3
E96X,마녀공장,e-영업4
E97D,야나칸,e-영업4
E97E,마쥬,e-영업3
E97G,버니리타,e-영업4
E97H,하리쥬얼리,e-영업3
E97I,어니스트서울,e-영업3
E97J,어니스트서울,e-영업3
E97K,오들로,e-영업4
E97P,리튼,e-영업4
E97Q,블랙야크_이월,e-영업4
E97U,길단,e-영업3
E97V,씨피컴퍼니,e-영업3
E97X,골든구스,e-영업3
E97Y,구찌,e-영업3
E984,프로스펙스,e-영업4
E98E,메종 키츠네,e-영업3
E98G,몽블랑,e-영업3
E98O,발렌티노,e-영업3
E98P,버버리,e-영업3
E98R,데우스 엑스 마키나,e-영업3
E98T,브라운,e-영업3
E98Y,아미,e-영업3
E99B,바네사브루노,e-영업3
E99D,알렉산더 맥퀸,e-영업3
E99K,톰브라운,e-영업3
E99N,토리버치,e-영업3
E99P,프라다,e-영업3
E99Z,솔트워터,e-영업3
E9A0,폴스미스,e-영업3
E9A9,지방시,e-영업3
E9AA,롱샴,e-영업3
E9AD,아페쎄,e-영업3
E9AJ,드래곤 디퓨전,e-영업3
E9AM,스와로브스키,e-영업3
E9AQ,살바토레 페라가모,e-영업3
E9AR,크리스탈 헤이즈,e-영업3
E9AU,멀버리,e-영업3
E9AV,마이클 코어스,e-영업3
E9AW,발리,e-영업3
E9AX,세인트제임스,e-영업3
E9B0,에트로,e-영업3
E9B4,카시오,e-영업3
E9BB,캘빈클라인,e-영업3
E9BH,47브랜드,e-영업3
E9BR,오트리,e-영업3
E9BS,판도라,e-영업3
E9BT,가이거,e-영업3
E9BW,헬렌카민스키,e-영업3
E9BY,킨토,e-영업4
E9BZ,서울헬스클럽,e-영업3
E9C2,엘엔씨스텐달,e-영업4
E9C3,플루,e-영업4
E9CF,오트리,e-영업3
E9CN,산드로,e-영업3
E9CQ,나나미카,e-영업3
E9CR,네멘,e-영업3
E9CW,아디다스,e-영업3
E9CX,스톤아일랜드,e-영업3
E9D0,알렉산더 맥퀸,e-영업3
E9D4,클린,e-영업4
E9D5,크리드,e-영업4
E9D6,돌체앤가바나,e-영업4
E9D7,겐조,e-영업4
E9D8,몽블랑,e-영업4
E9D9,살바토레 페라가모,e-영업4
E9DB,오쏘몰,e-영업4
E9DD,랑방,e-영업4
E9DE,끌로에,e-영업4
E9DF,폴로 랄프로렌,e-영업3
E9DG,야마하,e-영업4
E9DL,셰프라인,e-영업4
E9DM,알라이아,e-영업3
E9DN,아식스,e-영업3
E9DP,버가나,e-영업4
E9DR,벨도라,e-영업4
E9DS,텐더가든_뷰티,e-영업4
E9DT,매긴,e-영업3
E9DW,멜팅스튜디오,e-영업4
E9DX,유니엘,e-영업3
E9E1,멜리사,e-영업3
E9E2,살로몬,e-영업3
E9E5,쥬시꾸뛰르,e-영업4
E9E6,존바바토스,e-영업4
E9E7,튠나인,e-영업4
E9E9,메종 키츠네,e-영업3
E9EC,실록,e-영업4
E9ED,데코뷰,e-영업4
E9EF,미우미우,e-영업3
E9EH,나스,e-영업4
E9EI,에스티로더,e-영업4
E9EJ,베네피트,e-영업4
E9EK,크리니크,e-영업4
E9EL,랑콤,e-영업4
E9EM,맥,e-영업4
E9EN,시슬리,e-영업4
E9EO,꼬달리,e-영업4
E9EP,디올,e-영업4
E9EQ,리프로덕션 오브 파운드,e-영업3
E9ER,조르지오 아르마니,e-영업4
E9ES,키엘,e-영업4
E9ET,유세린,e-영업4
E9EV,레이벤,e-영업3
E9EY,온오프 골프웨어,e-영업4
E9EZ,피브비,e-영업4
E9F1,밀크터치,e-영업4
E9F2,라티,e-영업4
E9F3,성분에디터,e-영업4
E9F4,피치포포,e-영업4
E9F7,입생로랑,e-영업4
E9F8,눅스,e-영업4
E9F9,라로슈포제,e-영업4
E9FA,아이젠버그,e-영업4
E9FB,살로몬,e-영업3
E9FC,오클리,e-영업4
E9FE,헬렌카민스키,e-영업3
E9FF,헬렌카민스키,e-영업3
E9FG,써네이,e-영업3
E9FH,로아블랑,e-영업4
E9FI,아디다스,e-영업3
E9FT,엠에스지엠,e-영업3
E9FV,반클리프 아펠,e-영업3
E9FX,겐조,e-영업4
E9FY,록시땅,e-영업4
E9FZ,엘리자베스아덴,e-영업4
E9G0,파코라반,e-영업4
E9G1,로라메르시에,e-영업4
E9G2,돌체앤가바나,e-영업4
E9G3,장폴고티에,e-영업4
E9G4,질샌더,e-영업4
E9G6,지미추,e-영업4
E9G7,페탈리캔들,e-영업4
E9G8,에디터샵,e-영업4
E9G9,디올,e-영업3
E9GA,루이비통,e-영업3
E9GB,에르메스,e-영업3
E9GC,보테가베네타,e-영업3
E9GD,고야드,e-영업3
E9GE,샤넬,e-영업3
E9GG,셀린느,e-영업3
E9GJ,미우미우,e-영업3
E9GK,버버리,e-영업3
E9GL,메종 키츠네,e-영업3
E9GO,토템,e-영업3
E9GP,자크뮈스,e-영업3
E9GQ,바퀜,e-영업4
E9GR,피티제로우노,e-영업3
E9GS,피티제로우노,e-영업3
E9GY,톰브라운,e-영업3
E9GZ,비비안 웨스트우드,e-영업3
E9H3,몽클레어,e-영업3
E9H4,아미,e-영업3
E9H9,에트로,e-영업3
E9HA,베르사체,e-영업3
E9HC,발렌티노,e-영업3
E9HD,생로랑,e-영업3
E9HM,살바토레 페라가모,e-영업3
E9HQ,소프트텍스,e-영업4
E9HR,젤리스푼,e-영업3
E9HS,몰리멜리,e-영업3
E9HT,몰리멜리프렌즈,e-영업3
E9HU,자크뮈스,e-영업3
E9HV,밀크마일,e-영업3
E9HW,밀크마일로로,e-영업3
E9HX,앤디애플,e-영업3
E9HY,헤이미니,e-영업3
E9I0,블랙야크_정상,e-영업4
E9I9,리프레임,e-영업3
E9IC,던롭,e-영업4
E9ID,캘러웨이,e-영업4
E9IE,레노마홈,e-영업4
E9IF,코지네스트,e-영업4
E9IG,클리브랜드,e-영업4
E9IH,디프로젝트,e-영업4
E9II,타이틀리스트,e-영업4
E9IJ,도메틱,e-영업4
E9IN,젝시오,e-영업4
E9IP,미즈노,e-영업4
E9IR,스릭슨,e-영업4
E9IT,씨피컴퍼니,e-영업3
E9IW,요넥스,e-영업4
E9J0,코브라,e-영업4
E9J1,테일러메이드,e-영업4
E9J2,핑,e-영업4
E9J4,야마하,e-영업4
E9J6,아쿠아 디 파르마,e-영업3
E9J8,볼빅,e-영업4
E9JF,기타 브랜드,e-영업4
E9JH,오딧세이,e-영업4
E9JZ,풋조이,e-영업4
E9K3,세인트나인,e-영업4
E9K6,에코,e-영업4
E9KF,니콘,e-영업4
E9KG,부쉬넬,e-영업4
E9KH,아이나비,e-영업4
E9KK,네파,e-영업3
E9KL,컬럼비아,e-영업4
E9KM,게스,e-영업3
E9KN,까스텔바작,e-영업4
E9KO,베네통,e-영업4
E9KR,레녹스,e-영업4
E9KT,빌레로이앤보흐,e-영업4
E9KV,겐조,e-영업3
E9KW,쏘미미,e-영업4
E9KX,투미,e-영업3
E9KZ,프렙,e-영업3
E9L0,쥴라이,e-영업4
E9L1,오라라,e-영업4
E9L2,모노 디자인,e-영업3
E9L4,로나머레이,e-영업3
E9L5,로나머레이,e-영업3
E9L7,칼하트 윕,e-영업3
E9LN,조르지오 아르마니,e-영업4
E9LO,베네통,e-영업4
E9LZ,장 폴 고티에,e-영업4
E9M0,구찌,e-영업4
E9M5,불가리,e-영업4
E9M6,랩시리즈,e-영업4
E9MA,버버리,e-영업4
E9MP,로에베,e-영업4
E9N0,다비도프,e-영업4
E9N1,돌체 앤 가바나,e-영업4
E9N2,에르메스,e-영업4
E9PB,로레알,e-영업4
E9Q4,끌로에,e-영업4
E9SF,폴 미첼,e-영업4
E9SX,크리스챤 디올,e-영업4
E9SY,샤넬,e-영업4
E9SZ,클라란스,e-영업4
E9T0,크리니크,e-영업4
E9T1,엘리자베스 아덴,e-영업4
E9T2,에스티로더,e-영업4
E9T3,겔랑,e-영업4
E9T5,랑콤,e-영업4
E9T7,에스케이투,e-영업4
E9T9,시세이도,e-영업4
E9TC,입생로랑,e-영업4
E9TD,빠이요,e-영업4
E9TG,발몽,e-영업4
E9TI,달팡,e-영업4
E9TN,맥,e-영업4
E9TO,시슬리,e-영업4
E9TQ,라프레리,e-영업4
E9TW,캘빈 클라인,e-영업4
E9TY,지방시,e-영업4
E9UI,베르사체,e-영업4
E9UK,기노,e-영업4
E9V1,까르띠에,e-영업4
E9VV,안나 수이,e-영업4
E9W1,랑방,e-영업4
E9XH,아베다,e-영업4
E9XN,셀렉스 씨,e-영업4
E9Y5,비오템,e-영업4
E9YE,슈에무라,e-영업4
E9ZE,더말로지카,e-영업4
E9ZT,디젤,e-영업4
E9ZZ,라 메르,e-영업4
EA03,에꼴드파리,e-영업3
EA04,미미몽드,e-영업3
EA0J,로라 메르시에,e-영업4
EA0U,끌레드뽀,e-영업4
EA0X,아쿠아 디 파르마,e-영업4
EA16,스위트몬스터,e-영업4
EA17,클라우망,e-영업4
EA1B,바비 브라운,e-영업4
EA1N,키엘,e-영업4
EA1Q,나르시소 로드리게즈,e-영업4
EA1T,피터 토마스 로스,e-영업4
EA1W,쥴리크,e-영업4
EA20,에스케이투,e-영업4
EA24,리끌로우,e-영업3
EA27,살바토레 페라가모,e-영업4
EA28,에스티로더,e-영업4
EA2B,트위저맨,e-영업4
EA2I,록시땅,e-영업4
EA2J,오리진스,e-영업4
EA2T,세르주 루텐,e-영업4
EA2X,조 말론,e-영업4
EA30,에스티듀퐁,e-영업4
EA31,에어린,e-영업4
EA36,이솝,e-영업4
EA3L,니옥신,e-영업4
EA3N,필로소피,e-영업4
EA3W,닥터 하우쉬카,e-영업4
EA4N,베어미네랄,e-영업4
EA53,에피큐렌,e-영업4
EA54,블랭크브릭,e-영업3
EA55,바디네이처,e-영업4
EA56,아델,e-영업4
EA57,듀오,e-영업4
EA59,빌리,e-영업4
EA61,헐리우드 패션 시크릿,e-영업4
EA66,파파멜로우,e-영업4
EA67,모토로라,e-영업4
EA68,29데이즈,e-영업4
EA69,바이윰,e-영업3
EA73,하이비션,e-영업3
EA75,무드그라피,e-영업3
EA7H,클린,e-영업4
EA82,헤이릴렉스캄다운,e-영업4
EA84,엑스비앙스,e-영업4
EA87,엔리코 코베리,e-영업4
EA89,엘레미스,e-영업4
EA8D,플로리스,e-영업4
EA92,엘리자베스아덴,e-영업4
EA95,엘리자베스 테일러,e-영업4
EA96,엘타엠디,e-영업4
EA98,영블러드,e-영업4
EAD4,치,e-영업4
EADT,프레쉬,e-영업4
EAE4,마비스,e-영업4
EAE9,엘레미스,e-영업4
EAEF,르네 휘테르,e-영업4
EAEL,톰 포드,e-영업4
EAEM,몰튼브라운,e-영업4
EAEY,다비네스,e-영업4
EAEZ,모로칸오일,e-영업4
EAF7,베네피트,e-영업4
EAF9,케라스타즈,e-영업4
EAFU,나스,e-영업4
EAG4,제인 아이어데일,e-영업4
EAG7,영블러드,e-영업4
EAGC,이솝,e-영업4
EAHD,라로슈포제,e-영업4
EAHE,오바지,e-영업4
EAHP,펜할리곤스,e-영업4
EAI3,바이 테리,e-영업4
EAIU,메이크업 포에버,e-영업4
EAJ3,아벤느,e-영업4
EAJU,딸고,e-영업4
EAJY,존 마스터스 오가닉스,e-영업4
EAJZ,지미추,e-영업4
EAK6,딥티크,e-영업4
EAKD,이브롬,e-영업4
EAKZ,코치,e-영업4
EALD,바이레도,e-영업4
EALJ,눅스,e-영업4
EANE,바이오엘리먼츠,e-영업4
EAOG,바버뷰티,e-영업4
EAPQ,아틀리에 코롱,e-영업4
EAQL,마리오 바데스쿠,e-영업4
EATZ,탱글 티저,e-영업4
EAUG,네스티단테,e-영업4
EAUQ,밀레피오리,e-영업4
EAV2,사봉,e-영업4
EAWH,오스트레일리안 골드,e-영업4
EAWL,엘타엠디,e-영업4
EAWS,미우미우,e-영업4
EAX6,아나스타샤 베버리 힐즈,e-영업4
EAXN,필로르가,e-영업4
EAZ3,키스미,e-영업4
EAZ5,그로운 알케미스트,e-영업4
EAZH,펜티뷰티,e-영업4
EB07,오리지널 스프라우트,e-영업4
EB08,오리지날 펭귄,e-영업4
EB09,오리진스,e-영업4
EB0B,타임리스 스킨 케어,e-영업4
EB0C,후다 뷰티,e-영업4
EB0U,프레데릭 말,e-영업4
EB12,오바지,e-영업4
EB14,오스카 드 라 렌타,e-영업4
EB16,오스트레일리안 골드,e-영업4
EB18,나이키,e-영업3
EB19,아디다스,e-영업4
EB1P,메종 마르지엘라,e-영업4
EB20,토리버치,e-영업3
EB21,올레이,e-영업4
EB27,웰라,e-영업4
EB2A,샬롯 틸버리,e-영업4
EB31,웻브러쉬,e-영업4
EB35,윱,e-영업4
EB37,이브 롬,e-영업4
EB38,이세이미야케,e-영업4
EB39,익센트릭 몰리큘스,e-영업4
EB3S,BCBG,e-영업3
EB43,소곤소곤,e-영업3
EB46,입생로랑,e-영업4
EB50,잇츠 어 10,e-영업4
EB55,지프,e-영업3
EB56,푸마,e-영업4
EB57,필립플레인,e-영업4
EB5A,르 라보,e-영업4
EB60,장폴고티에,e-영업4
EB61,재규어,e-영업4
EB63,잭 블랙,e-영업4
EB64,장 샤를르 브로소,e-영업4
EB73,제인 아이어데일,e-영업4
EB76,제프리 빈,e-영업4
EB77,조말론,e-영업4
EB79,카파,e-영업4
EB80,케이스위스,e-영업4
EB82,광주요,e-영업4
EB84,조르지오 아르마니,e-영업4
EB91,플리다,e-영업4
EB93,멜로우터치,e-영업4
EBDD,몽클레르,e-영업4
EBE5,아비브,e-영업4
EBN8,라이마스,e-영업4
EBN9,에코,e-영업3
EBNA,케라스타즈,e-영업4
EBNB,드래곤 디퓨전,e-영업3
EBND,비욘드테이블,e-영업4
EBNF,레졸루트,e-영업3
EBNJ,오클리,e-영업3
EBNM,오프화이트,e-영업3
EBNQ,올리버피플스,e-영업3
EBO7,아워 레가시,e-영업3
EBOA,라스벳,e-영업3
EBOB,파코라반,e-영업3
EBOG,팔로마울,e-영업3
EBOJ,판도라,e-영업3
EBOK,빠니깔레,e-영업3
EBON,파라부트,e-영업3
EBOO,파라점퍼스,e-영업3
EBOR,패로슈,e-영업3
EBOT,파타고니아,e-영업3
EBP0,폴스미스,e-영업3
EBPB,페세리코,e-영업3
EBPD,쁘띠바또,e-영업3
EBPE,페트레이,e-영업3
EBPG,필립플레인,e-영업3
EBPS,핀코,e-영업3
EBPT,피콰드로,e-영업3
EBQ3,폴로 랄프로렌,e-영업3
EBQ6,포르쉐디자인,e-영업3
EBQB,프라다,e-영업3
EBQF,프로엔자슐러,e-영업3
EBQJ,피티 토리노,e-영업3
EBQK,피티제로우노,e-영업3
EBQQ,알13,e-영업3
EBQT,레인스,e-영업3
EBQU,폴로,e-영업3
EBQW,레이벤,e-영업3
EBR3,레드발렌티노,e-영업3
EBRD,레페토,e-영업3
EBRF,리프레젠트,e-영업3
EBRN,로아,e-영업3
EBRU,로베르토페스타,e-영업3
EBS2,로저 비비에,e-영업3
EBSF,로테이트,e-영업3
EBSU,사카이,e-영업3
EBSW,생로랑,e-영업3
EBSZ,살로몬,e-영업3
EBT3,살바토레 산토로,e-영업3
EBT6,쌤소나이트,e-영업3
EBTB,산토니,e-영업3
EBTI,세이브더덕,e-영업3
EBTQ,씨 바이 끌로에,e-영업3
EBTZ,세르지오 레반테시,e-영업3
EBUE,시몬로샤,e-영업3
EBUR,소프다호르,e-영업3
EBV0,스파워트,e-영업3
EBV3,스포티앤리치,e-영업3
EBV4,스프레이그라운드,e-영업3
EBVF,스티브매든,e-영업3
EBVI,스톤아일랜드,e-영업3
EBVK,스트라스베리,e-영업3
EBVL,스튜어트와이츠먼,e-영업3
EBVM,스튜디오 니콜슨,e-영업3
EBVN,스투시,e-영업3
EBVX,스와로브스키,e-영업3
EBW4,딸리아토레,e-영업3
EBWD,테클라,e-영업3
EBWN,더 로우,e-영업3
EBWS,띠어리,e-영업3
EBWV,톰브라운,e-영업3
EBX2,티파니 앤코,e-영업3
EBX7,토즈,e-영업3
EBX9,토가풀라,e-영업3
EBXB,톰포드,e-영업3
EBXD,톰우드,e-영업3
EBXG,타미진스,e-영업3
EBXI,토리버치,e-영업3
EBXJ,토템,e-영업3
EBXM,트랜짓,e-영업3
EBXV,투미,e-영업3
EBXX,어그,e-영업3
EBY4,언더아머,e-영업3
EBYE,브이73,e-영업3
EBYH,발렌티노 가라바니,e-영업3
EBYI,발렉스트라,e-영업3
EBYO,베자,e-영업3
EBYT,베르사체,e-영업3
EBZA,비즈빔,e-영업3
EBZC,비베타,e-영업3
EBZD,비비안웨스트우드,e-영업3
EBZE,보그,e-영업3
EC00,어넌,e-영업3
EC03,조이코,e-영업4
EC06,존 마스터스 오가닉스,e-영업4
EC08,주디스 레이버,e-영업4
EC09,줄리엣 해즈 어 건,e-영업4
EC0Q,쟈딕앤볼테르,e-영업3
EC0R,자넬라토,e-영업3
EC17,쥬베나,e-영업4
EC18,쥬스 뷰티,e-영업4
EC19,쥬시꾸뛰르,e-영업4
EC1A,유로,e-영업3
EC1B,알레시,e-영업4
EC1C,올앤선드리,e-영업3
EC1E,프라다,e-영업3
EC1F,구찌,e-영업3
EC1I,셀린느,e-영업3
EC1J,버버리,e-영업3
EC1T,바론,e-영업4
EC1U,야마하,e-영업4
EC20,쥴리크,e-영업4
EC22,지미추,e-영업4
EC24,지방시,e-영업4
EC2C,본 메종,e-영업3
EC2D,콤피,e-영업3
EC2F,매직쉐프,e-영업4
EC2H,호재,e-영업3
EC2I,오트리,e-영업3
EC2K,로에베,e-영업3
EC2O,가니,e-영업3
EC2P,마시캣독,e-영업4
EC2Q,하이드로겐,e-영업3
EC30,치,e-영업4
EC32,카고,e-영업4
EC61,로희어패럴,e-영업3
EC66,분더가이스트,e-영업3
EC72,클립스어반,e-영업3
EC76,어나더에이,e-영업3
EC91,카프리블루,e-영업4
EC92,캐롤리나 헤레라,e-영업4
EC94,캘빈클라인,e-영업4
EC96,클리벤,e-영업4
EC98,케네스콜,e-영업4
ECST,비라인,e-영업4
ECZK,아페리레,e-영업4
ECZL,아비나펠르,e-영업3
ECZM,이놀,e-영업4
ECZN,아오와,e-영업4
ECZO,히스토로지카,e-영업4
ECZP,더마트로지,e-영업4
ECZQ,후시다인,e-영업4
ECZR,팍시,e-영업3
ECZS,케리에르,e-영업3
ECZT,에디텀 스튜디오즈,e-영업3
ECZU,로라메르시에,e-영업4
ECZW,아웃도어프로덕츠,e-영업3
ECZX,비브람파이브핑거스,e-영업4
ED00,케라스타즈,e-영업4
ED01,케빈 머피,e-영업4
ED02,케빈 어코인,e-영업4
ED03,케이엠에스 캘리포니아,e-영업4
ED09,코스메딕스,e-영업4
ED0F,제이린드버그,e-영업3
ED0G,파인솔,e-영업4
ED0H,존슨앤존슨,e-영업4
ED0I,쏘두위,e-영업4
ED0J,마이클 코어스,e-영업4
ED0N,아크네 스튜디오,e-영업3
ED0W,앤 드뮐미스터,e-영업3
ED11,코치,e-영업4
ED16,쿨티,e-영업4
ED18,크리니크,e-영업4
ED19,크리드,e-영업4
ED1D,발리,e-영업3
ED1M,버버리,e-영업3
ED1U,샤넬,e-영업3
ED21,디올,e-영업4
ED23,크리지아,e-영업4
ED24,클라란스,e-영업4
ED26,스트라이벡틴,e-영업4
ED28,클린,e-영업4
ED29,키스미,e-영업4
ED2H,디올,e-영업3
ED2L,디스퀘어드2,e-영업3
ED2V,살바토레 페라가모,e-영업3
ED30,키엘,e-영업4
ED33,타르트,e-영업4
ED34,타미힐피거,e-영업4
ED35,타박,e-영업4
ED36,타임,e-영업4
ED37,탱글티저,e-영업4
ED38,테일러 오브 올드 본드 스트리트,e-영업4
ED3A,골든구스,e-영업3
ED3F,헨리베글린,e-영업3
ED3G,에르메스,e-영업3
ED3L,이세이미야케,e-영업3
ED41,토픽,e-영업4
ED43,톰포드,e-영업4
ED45,트루사르디,e-영업4
ED46,트루핏 앤 힐,e-영업4
ED47,트리코민,e-영업4
ED48,트위저맨,e-영업4
ED49,티에리 뮈글러,e-영업4
ED4D,루이비통,e-영업3
ED4T,몽클레어,e-영업3
ED4U,몽블랑,e-영업3
ED50,티지,e-영업4
ED51,티파니앤코,e-영업4
ED52,파버지,e-영업4
ED56,파코라반,e-영업4
ED58,빈,e-영업3
ED59,블루테일,e-영업3
ED5N,프라다,e-영업3
ED5V,레페토,e-영업3
ED62,패치로지,e-영업4
ED66,페라리,e-영업4
ED68,페리엘리스,e-영업4
ED6F,씨위,e-영업3
ED6L,스와로브스키,e-영업3
ED73,펜할리곤스,e-영업4
ED75,폴 미첼,e-영업4
ED77,안달로우,e-영업4
ED7D,비비안 웨스트우드,e-영업3
ED7I,엘로드,e-영업4
ED7J,닥터505,e-영업4
ED7K,메리플래닛,e-영업4
ED7L,키위글로우,e-영업4
ED7N,보르도,e-영업4
ED7O,쿠레쥬,e-영업3
ED7Q,랑세,e-영업4
ED7R,오쏘몰,e-영업4
ED7S,다이슨,e-영업4
ED80,라르,e-영업4
ED82,앤드,e-영업4
ED85,에가든,e-영업3
ED86,폴스미스,e-영업4
ED89,폴리스,e-영업4
ED8D,아미,e-영업3
ED8G,데우스 엑스 마키나,e-영업3
ED8H,메종 키츠네,e-영업3
ED8I,세인트제임스,e-영업3
ED8L,지포어,e-영업3
ED93,타임리스 스킨케어,e-영업4
ED94,타차,e-영업4
ED95,프라다,e-영업4
ED96,캣트럴파크,e-영업4
ED99,퓨파,e-영업4
ED9L,캠퍼,e-영업3
ED9O,렉토,e-영업3
ED9P,아트스피크하우스,e-영업3
ED9X,오프닝선샤인,e-영업3
EDA8,컨템포러리어카운츠,e-영업3
EDA9,미우미우,e-영업3
EDAA,인터네스트,e-영업4
EDAB,아식스,e-영업3
EDAE,아미,e-영업3
EDAM,데케트,e-영업3
EDAR,씨피컴퍼니,e-영업3
EDAX,골든구스,e-영업3
EDB7,몽클레어,e-영업3
EDB9,오프화이트,e-영업3
EDBF,스톤아일랜드,e-영업3
EDBL,세컨모놀로그,e-영업3
EDBM,보랄,e-영업4
EDBN,몽돌,e-영업3
EDBO,골드팡,e-영업3
EDBP,마크엠,e-영업3
EDBQ,푸마,e-영업3
EDBY,화이트블룸,e-영업4
EDBZ,애프터식스,e-영업4
EDC7,와일드 동키,e-영업3
EDC9,올인컴플리트,e-영업3
EDCF,가니,e-영업3
EDCK,간트,e-영업3
EDCM,겐조,e-영업3
EDCR,골든구스,e-영업3
EDCV,구찌,e-영업3
EDD7,꼬르넬리아니,e-영업3
EDD8,끌레제리,e-영업3
EDD9,끌로에,e-영업3
EDDC,나이키,e-영업3
EDDD,나타샤 진코,e-영업3
EDDK,노스페이스,e-영업3
EDDO,뉴발란스,e-영업3
EDDR,니들스,e-영업3
EDDV,닐 바렛,e-영업3
EDE1,더 로우,e-영업3
EDEI,듀베티카,e-영업3
EDEK,드래곤 디퓨전,e-영업3
EDEO,디스퀘어드2,e-영업3
EDEP,디아도라,e-영업3
EDET,디젤,e-영업3
EDEV,디,e-영업3
EDEX,딸리아토레,e-영업3
EDEY,띠어리,e-영업3
EDF8,라프시몬스,e-영업3
EDFC,러브스토리스,e-영업3
EDFE,레드발렌티노,e-영업3
EDFM,레인스,e-영업3
EDFO,레페토,e-영업3
EDFS,로렌 바이 랄프 로렌,e-영업3
EDFT,로로피아나,e-영업3
EDFW,로베르토 콜리나,e-영업3
EDFZ,로샤스,e-영업3
EDG0,로아,e-영업3
EDG3,로우클래식,e-영업3
EDG6,로저 비비에,e-영업3
EDG9,롱샴,e-영업3
EDGS,리우조,e-영업3
EDGT,리프레젠트,e-영업3
EDGV,리플레이,e-영업3
EDH3,마뉴엘리츠,e-영업3
EDH4,마닐라그레이스,e-영업3
EDH6,마렐라,e-영업3
EDH9,마르셀로 불론,e-영업3
EDHE,마린세르,e-영업3
EDHN,마이클 코어스,e-영업3
EDHU,마틴로즈,e-영업3
EDI5,메사제리에,e-영업3
EDI8,메종 키츠네,e-영업3
EDI9,메종 플라네르,e-영업3
EDIC,멜리사,e-영업3
EDIE,모마,e-영업3
EDIG,모스키노,e-영업3
EDIJ,몽클레어,e-영업3
EDIL,무스너클,e-영업3
EDIT,미우미우,e-영업3
EDIY,바레나,e-영업3
EDJ1,바오바오이세이미야케,e-영업3
EDJ2,바움 운드 페르드가르텐,e-영업3
EDJA,반스,e-영업3
EDJC,발렉스트라,e-영업3
EDJE,발렌티노,e-영업3
EDJF,발리,e-영업3
EDJG,발망,e-영업3
EDJL,버버리,e-영업3
EDJO,베르사체,e-영업3
EDJP,베르위치,e-영업3
EDJT,벨스타프,e-영업3
EDK2,보일 블랑쉐,e-영업3
EDK4,보테가 베네타,e-영업3
EDK8,브라이언 데일즈,e-영업3
EDKA,브루넬로 쿠치넬리,e-영업3
EDKC,브리오니,e-영업3
EDKL,비비안웨스트우드,e-영업3
EDKN,비오비,e-영업3
EDL3,사이먼 밀러,e-영업3
EDL7,산토니,e-영업3
EDL9,살로몬,e-영업3
EDLA,살바토레 산토로,e-영업3
EDLC,생 로랑,e-영업3
EDLK,세븐티,e-영업3
EDLM,세이브더덕,e-영업3
EDLQ,셀린느,e-영업3
EDMC,스톤아일랜드,e-영업3
EDMI,스트라테지아,e-영업3
EDMJ,스티브매든,e-영업3
EDN1,씨피 컴퍼니,e-영업3
EDN8,아르마니 익스체인지,e-영업3
EDN9,아리조나러브,e-영업3
EDNB,아미,e-영업3
EDNG,아세노,e-영업3
EDNH,아쉬,e-영업3
EDNJ,아식스,e-영업3
EDNO,아이에이치에스,e-영업3
EDNT,아틀란틱 스타스,e-영업3
EDNV,악셀아리가토,e-영업3
EDO2,알13,e-영업3
EDO8,알렉산더 맥퀸,e-영업3
EDOP,알파 스튜디오,e-영업3
EDOQ,알파 인더스트리,e-영업3
EDOW,앰부시,e-영업3
EDOY,어그,e-영업3
EDP9,에르노,e-영업3
EDPA,에르마노 설비노,e-영업3
EDPB,에르메네질도 제냐,e-영업3
EDPJ,에스더 에크메,e-영업3
EDPQ,에이치티씨 로스엔젤레스,e-영업3
EDPU,에트로,e-영업3
EDQ5,엘리자베타프랑키,e-영업3
EDQ9,엠포리오 아르마니,e-영업3
EDQA,오르치아니,e-영업3
EDQC,오베이,e-영업3
EDQH,오트리,e-영업3
EDR4,유세린,e-영업4
EDRL,이누이키,e-영업3
EDRR,이스트팩,e-영업3
EDRT,이자벨 마랑,e-영업3
EDRU,이자벨 베네나토,e-영업3
EDS1,인코텍스,e-영업3
EDS2,일레븐티,e-영업3
EDS4,자넬라토,e-영업3
EDS6,자쿠스,e-영업3
EDS7,자크뮈스,e-영업3
EDSA,저스트 카발리,e-영업3
EDSH,제임스펄스,e-영업3
EDSM,조르지오 아르마니,e-영업3
EDSX,쥬세페자노티,e-영업3
EDT0,지방시,e-영업3
EDT1,지씨디에스,e-영업3
EDTJ,카이트,e-영업3
EDTM,칼 라거펠트,e-영업3
EDTR,캘빈클라인,e-영업3
EDTV,컨버스,e-영업3
EDU4,코치넬레,e-영업3
EDU5,코페르니,e-영업3
EDUB,쿠레쥬,e-영업3
EDUE,크라임런던,e-영업3
EDUG,크록스,e-영업3
EDV2,토리버치,e-영업3
EDV3,토즈,e-영업3
EDV7,톰브라운,e-영업3
EDVC,트루사르디,e-영업3
EDVG,파라부트,e-영업3
EDVH,파라점퍼스,e-영업3
EDVM,파비아나 필리피,e-영업3
EDVR,파타고니아,e-영업3
EDVT,팜엔젤스,e-영업3
EDVU,패로슈,e-영업3
EDVV,패밀리 퍼스트,e-영업3
EDW4,페드로가르시아,e-영업3
EDW7,페세리코,e-영업3
EDWE,페트레이,e-영업3
EDWG,펜디,e-영업3
EDWN,포비치스,e-영업3
EDWP,폴로 랄프로렌,e-영업3
EDWU,폴스미스,e-영업3
EDWW,프라다,e-영업3
EDXI,핀코,e-영업3
EDXK,필립플레인,e-영업3
EDXM,필슨,e-영업3
EDXU,할마네라,e-영업3
EDXZ,헌터,e-영업3
EDY1,헤레우,e-영업3
EDY8,헬무트 랭,e-영업3
EDY9,호간,e-영업3
EDYB,호카오네오네,e-영업3
EDYG,디에이치티엑스,e-영업4
EDYI,토앤토,e-영업4
EDYQ,스카이 하이 팜 워크웨어,e-영업3
EDYT,마네비,e-영업3
EDYX,크림,e-영업4
EDYY,잉코,e-영업4
EDYZ,투미,e-영업3
EDZ0,쿤달,e-영업4
EE00,프라우니스,e-영업4
EE01,언더아머,e-영업4
EE03,클라쎄오토,e-영업4
EE04,프레쉬,e-영업4
EE07,아메리칸어패럴,e-영업4
EE09,브람스,e-영업4
EE10,4몬스터,e-영업3
EE13,엠에프엔티,e-영업3
EE14,프리베이지 바이 엘리자베스 아덴,e-영업4
EE18,플로리스,e-영업4
EE22,피터토마스로스,e-영업4
EE23,피토,e-영업4
EE24,피토메르,e-영업4
EE26,필로르가,e-영업4
EE27,필로소피,e-영업4
EE28,필립 B,e-영업4
EE38,헬레나 루빈스타인,e-영업4
EE39,호비건트,e-영업4
EE42,후,e-영업4
EE43,휴고보스,e-영업4
EE45,메종키츠네,e-영업3
EE46,무스너클,e-영업3
EE47,오아트,e-영업3
EE48,리틀 그라운드,e-영업3
EE51,무스너클,e-영업3
EE52,메이노브,e-영업3
EE55,메종키츠네,e-영업3
EE56,까르뱅,e-영업4
EE59,토스,e-영업3
EE60,비투비월드,e-영업3
EE61,도토로,e-영업3
EE62,로하티,e-영업3
EE63,에브리봇,e-영업4
EE66,폴뮤지엄,e-영업3
EE6J,아트밀,e-영업4
EE6M,오트리,e-영업3
EE6O,얼킨,e-영업3
EE6P,장듀보,e-영업4
EE6Q,빅유니온,e-영업3
EE6S,씨투써밋,e-영업4
EE6T,카즈미,e-영업4
EE6W,라이헨바흐,e-영업4
EE6X,로마로,e-영업4
EE6Y,한스데코,e-영업4
EE6Z,토잉크,e-영업3
EE73,노멘클레쳐,e-영업4
EE75,피토씨,e-영업4
EE78,큐티폴,e-영업4
EE7A,핀티녹스,e-영업4
EE7B,비스카,e-영업4
EE7C,오브젝트랩,e-영업4
EE7D,골든구스,e-영업3
EE7E,쌤소나이트,e-영업3
EE7F,베테제,e-영업3
EE7G,데이라이프,e-영업3
EE7H,아페쎄,e-영업3
EE7I,칼하트 윕,e-영업3
EE7J,어그,e-영업3
EE7K,오트리,e-영업3
EE7L,비브람파이브핑거스,e-영업3
EE7N,노르딕 캠프,e-영업4
EE7O,해밀턴,e-영업3
EE7P,네파,e-영업4
EE7Q,오르바이스텔라,e-영업3
EE7S,비비안 웨스트우드,e-영업3
EE7U,자크뮈스,e-영업3
EE7V,핏플랍,e-영업3
EE7W,캠퍼,e-영업3
EE7X,모서글라스,e-영업4
EE7Y,알라바스터,e-영업4
EE7Z,뮌더에마일,e-영업4
EE8A,사파,e-영업4
EE8B,카비네트,e-영업3
EE8E,티더블유더블유,e-영업4
EE8F,훌라,e-영업3
EE8G,누드,e-영업4
EE8I,디젤,e-영업3
EE8L,논서비스,e-영업3
EE8N,컬럼비아,e-영업3
EE8P,캐논,e-영업4
EE8U,올비아,e-영업4
EE91,까스텔바작,e-영업4
EE98,프라다,e-영업3
EE99,구찌,e-영업3
EE9L,버버리,e-영업3
EE9W,디올,e-영업3
EEA7,구찌,e-영업3
EEAE,르꼬끄 스포르티브,e-영업3
EEAG,루이비통,e-영업3
EEAZ,프라다,e-영업3
EEBG,그리디,e-영업4
EEBH,마리슈타이거,e-영업4
EEBI,휴바트,e-영업4
EEBK,보만,e-영업4
EEBL,제이린드버그,e-영업3
EEBN,살바토레 페라가모,e-영업3
EEBO,로즈몽,e-영업3
EEBP,시티즌,e-영업3
EEBQ,미쉘에블린,e-영업3
EEBR,아이그너,e-영업3
EEBS,디원 밀라노,e-영업3
EEBT,독파이트,e-영업3
EEBU,아르키메데스,e-영업3
EEBX,라이프토템,e-영업4
EEC2,클락스 오리지널,e-영업3
EEC9,닥터마틴,e-영업3
EECB,나르시소 로드리게스,e-영업4
EECC,아쿠아 디 파르마,e-영업4
EECD,메종 프란시스 커정,e-영업4
EECF,자크뮈스,e-영업3
EECG,로메이키친,e-영업4
EECH,피엑스지,e-영업3
EECI,언더아머,e-영업4
EECJ,부쉬넬,e-영업4
EECK,썬러브,e-영업4
EECL,시세이도,e-영업4
EECM,구찌,e-영업4
EECN,끌로에,e-영업4
EECP,바비브라운,e-영업4
EECQ,발렌티노,e-영업4
EECU,에이션트그릭샌들,e-영업3
EECV,헨더스킴,e-영업3
EED0,가민,e-영업4
EED2,코렐,e-영업4
EED5,더무지,e-영업3
EED6,리쥬란,e-영업4
EED7,르다즐,e-영업4
EEDB,크리드,e-영업4
EEDE,지방시,e-영업4
EEDF,랄프로렌,e-영업4
EEDG,세르주르텐,e-영업4
EEDH,불가리,e-영업4
EEDI,몽블랑,e-영업4
EEDJ,랑콤,e-영업4
EEDL,구딸,e-영업4
EEDM,다비도프,e-영업4
EEDO,메이블린 뉴욕,e-영업4
EEDP,로레알파리,e-영업4
EEDR,아베다,e-영업4
EEDS,반스,e-영업3
EEDT,꼼데가르송 플레이,e-영업3
EEDU,멀버리,e-영업3
EEFI,씨바이끌로에,e-영업3
EEFJ,아식스,e-영업4
EEFO,그라미치,e-영업3
EEFP,오블라,e-영업3
EEFQ,킴지수,e-영업3
EEFR,아노에틱,e-영업3
EEFS,더마크제이콥스,e-영업3
EEFT,미즈노,e-영업4
EEFU,스파클링피스,e-영업3
EEFV,토리버치,e-영업3
EEFY,로드로아르,e-영업4
EEFZ,꼴레꼴레,e-영업3
EEG2,미하라 야스히로,e-영업3
EEG4,하우스 오브 플랜트.,e-영업3
EEG5,에코,e-영업4
EEG6,진로,e-영업4
EEG7,디스코드사운드,e-영업3
EEGB,시이안,e-영업3
EEGE,살로몬,e-영업3
EEGF,천삼백케이,e-영업3
EEGG,듀서,e-영업4
EEGH,유루루카,e-영업4
EEGI,휴케어,e-영업4
EEGJ,뮤리엠,e-영업4
EEGK,이르가,e-영업4
EEGL,포씨,e-영업4
EEGM,아바리스,e-영업4
EEGN,몰리큘,e-영업4
EEGP,시스테마,e-영업4
EEGQ,헤르빈,e-영업4
EEGR,큐티폴,e-영업4
EEGS,제시포터리,e-영업4
EEGU,에블린,e-영업4
EEGV,아사셀렉션,e-영업4
EEGW,아르떼펠레,e-영업4
EEGX,실버데일,e-영업4
EEGY,스팔,e-영업4
EEGZ,스토즐,e-영업4
EEH0,사브르,e-영업4
EEH1,벨로아이녹스,e-영업4
EEH2,루전,e-영업4
EEH3,엘에스에이,e-영업4
EEH5,배큐빈,e-영업4
EEH6,바티리,e-영업4
EEHB,파타고니아,e-영업4
EEHC,와이페이모어,e-영업4
EEHD,드래곤 디퓨전,e-영업3
EEHE,드래곤 디퓨전,e-영업3
EEHF,하울스홈,e-영업4
EEHG,카카오프렌즈,e-영업3
EEHH,라기올,e-영업4
EEHJ,1400 미터타이히,e-영업4
EEHK,모먼,e-영업3
EEHN,비비 베네치아,e-영업3
EEHQ,요시다 포터,e-영업3
EEI2,요시다 포터,e-영업3
EEI4,에르메스,e-영업3
EEI5,샤넬,e-영업3
EEI6,루이비통,e-영업3
EEI8,디올,e-영업3
EEIA,스포티앤리치,e-영업3
EEIB,가니,e-영업3
EEIC,하우스오브써니,e-영업3
EEIE,센텔리안24,e-영업4
EEIG,아위,e-영업3
EEIN,우마뭉,e-영업3
EEIO,오트리,e-영업3
EEIQ,토리버치,e-영업3
EEIR,미즈노,e-영업4
EEIV,아워 레가시,e-영업3
EEIW,데일리슈,e-영업3
EEIX,아나프노,e-영업4
EEJ1,아이빔,e-영업4
EEJ2,베네통글로벌,e-영업3
EEJ3,로긴,e-영업4
EEJ5,틸아이다이,e-영업3
EEJ6,콜핑,e-영업4
EEJ7,아이다,e-영업4
EEJC,투어,e-영업4
EEJE,부테로,e-영업3
EEJJ,키코 코스타디노브,e-영업3
EEJK,래비티 스포츠,e-영업3
EEJL,우포스,e-영업3
EEJN,오트리,e-영업3
EEJQ,파파,e-영업4
EEJS,할로미늄,e-영업3
EEK7,삼성전자,e-영업4
EEL7,이태리인테리,e-영업4
EELA,47브랜드,e-영업3
EELB,씨피컴퍼니,e-영업3
EELD,가니,e-영업3
EELF,가이거,e-영업3
EELG,겐조,e-영업3
EELH,골든구스,e-영업3
EELI,구찌,e-영업3
EELJ,꼼데가르송,e-영업3
EELK,끌로에,e-영업3
EELL,페트레이,e-영업3
EELM,니들스,e-영업3
EELN,드래곤 디퓨전,e-영업3
EELO,살바토레 페라가모,e-영업3
EELQ,커먼 프로젝트,e-영업3
EELR,디젤,e-영업3
EELS,요시다 포터,e-영업3
EELU,레페토,e-영업3
EELV,오메가,e-영업3
EELX,로에베,e-영업3
EELY,알렉산더 맥퀸,e-영업3
EEM0,악셀아리가토,e-영업3
EEM2,보보쇼즈,e-영업3
EEM3,론진,e-영업3
EEM4,미니로디니,e-영업3
EEM5,롱샴,e-영업3
EEM6,몬데인,e-영업3
EEM7,마르니,e-영업3
EEMA,마크바이 마크제이콥스,e-영업3
EEMB,멀버리,e-영업3
EEMC,메종 마르지엘라,e-영업3
EEMD,메종 키츠네,e-영업3
EEME,몽블랑,e-영업3
EEMF,몽클레어,e-영업3
EEMG,루미녹스,e-영업3
EEMH,데우스엑스마키나,e-영업3
EEMI,무스너클,e-영업3
EEMK,미우미우,e-영업3
EEML,미하라 야스히로,e-영업3
EEMO,바라쿠타,e-영업3
EEMP,호카오네오네,e-영업3
EEMQ,바오바오,e-영업3
EEMR,발렌시아가,e-영업3
EEMS,헬렌카민스키,e-영업3
EEMT,발렌티노,e-영업3
EEMU,해밀턴,e-영업3
EEMV,발렌티노 루디,e-영업3
EEMW,피디파올라,e-영업3
EEMX,발리,e-영업3
EEMY,프레드릭 콘스탄트,e-영업3
EEMZ,프라다,e-영업3
EEN0,폴스미스,e-영업3
EEN1,버버리,e-영업3
EEN2,폴브리알,e-영업3
EEN3,베르사체,e-영업3
EEN4,폴로 랄프로렌,e-영업3
EEN6,포체,e-영업3
EEN8,펜디,e-영업3
EEN9,부테로,e-영업3
EENA,판도라,e-영업3
EENB,브라운,e-영업3
EENC,비비안웨스트우드,e-영업3
EEND,살로몬,e-영업3
EENG,파라부트,e-영업3
EENH,생로랑,e-영업3
EENI,티파니 앤코,e-영업3
EENJ,티쏘,e-영업3
EENK,세이코,e-영업3
EENM,톰포드,e-영업3
EENN,톰브라운,e-영업3
EENO,세인트제임스,e-영업3
EENP,토리버치,e-영업3
EENQ,셀린느,e-영업3
EENR,태그 호이어,e-영업3
EENS,솔트워터,e-영업3
EENT,스와로브스키,e-영업3
EENU,타이맥스,e-영업3
EENV,스와치,e-영업3
EENW,스톤아일랜드,e-영업3
EENX,크리스탈 헤이즈,e-영업3
EENY,스파워트,e-영업3
EENZ,스포티앤리치,e-영업3
EEO0,코치,e-영업3
EEO1,시티즌,e-영업3
EEO2,캘빈클라인,e-영업3
EEO3,아미,e-영업3
EEO4,캐나다구스,e-영업3
EEO5,아워 레가시,e-영업3
EEO6,카시오,e-영업3
EEO7,아크네 스튜디오,e-영업3
EEO8,질샌더,e-영업3
EEO9,아페쎄,e-영업3
EEOA,지포어,e-영업3
EEOB,엠포리오 아르마니,e-영업3
EEOC,지포,e-영업3
EEOD,어그,e-영업3
EEOE,지샥,e-영업3
EEOG,지방시,e-영업3
EEOH,에르노,e-영업3
EEOI,에르메스,e-영업3
EEOJ,제이린드버그,e-영업3
EEOK,자크뮈스,e-영업3
EEOL,에코,e-영업3
EEOM,와일드 동키,e-영업3
EEON,에트로,e-영업3
EEOS,바사삭먹태,e-영업4
EEOT,마미케어,e-영업4
EEOU,나무팩토리,e-영업4
EEOV,토즈,e-영업3
EEOW,레브레브,e-영업3
EEP0,꼬떼씨엘,e-영업3
EEP1,꼼데가르송 플레이,e-영업3
EEP3,달가운,e-영업4
EEPC,버버리,e-영업3
EEPE,에니르,e-영업3
EEPF,메종 키츠네,e-영업3
EEPG,캘빈클라인,e-영업4
EEPH,베르사체,e-영업4
EEPI,펜할리곤스,e-영업4
EEPJ,에르메스,e-영업4
EEPL,프라다,e-영업4
EEPN,랑방,e-영업4
EEPO,아리아나 그란데,e-영업4
EEPU,겔랑,e-영업4
EEPV,아이더,e-영업3
EEPW,케이투,e-영업3
EEPX,메종 마르지엘라,e-영업4
EEPY,바이레도,e-영업4
EEPZ,하이웰,e-영업4
EEQ0,살바토레 페라가모,e-영업4
EEQ2,에트로,e-영업4
EEQ3,딥티크,e-영업4
EEQ4,버버리,e-영업4
EEQ5,톰포드,e-영업4
EEQ6,티파니 앤코,e-영업4
EEQ7,메모,e-영업4
EEQ8,아디다스,e-영업3
EEQ9,비오템,e-영업4
EEQB,엘리자베스아덴,e-영업4
EEQC,닥터지,e-영업4
EEQE,휴고보스,e-영업4
EEQF,하루하루원더,e-영업4
EEQG,비비안웨스트우드,e-영업3
EEQH,프렌치캣,e-영업3
EEQM,파라부트,e-영업3
EEQR,보테가 베네타,e-영업3
EEQS,버버리,e-영업3
EER2,고야드,e-영업3
EER3,구찌,e-영업3
EER6,루이비통,e-영업3
EERA,프라다,e-영업3
EERD,발렌티노,e-영업3
EERE,생 로랑,e-영업3
EERF,크로커다일레이디,e-영업3
EERG,샤트렌,e-영업3
EERH,올리비아하슬러,e-영업3
EERI,크로커다일레이디,e-영업3
EERJ,샤트렌,e-영업3
EERK,올리비아하슬러,e-영업3
EERL,스투시,e-영업3
EERM,스투시,e-영업3
EES5,헬렌카민스키,e-영업3
EES7,로에베,e-영업3
EES8,와일드 동키,e-영업3
EES9,와일드 동키,e-영업3
EESA,요이치,e-영업3
EESD,르메르,e-영업3
EESI,케라스타즈,e-영업4
EESK,아하바,e-영업4
EESL,달팡,e-영업4
EESS,오피넬,e-영업4
EEST,소든,e-영업4
EET1,로드사인 오스트레일리아,e-영업3
EET4,꾸레쥬,e-영업3
EET5,마리메꼬,e-영업3
EET6,쥬세페자노티,e-영업3
EET7,피엘라벤,e-영업3
EET8,헤레우,e-영업3
EET9,프로드셔츠,e-영업3
EETA,맨인정글,e-영업3
EETB,뉴발란스,e-영업3
EETC,자넬라토,e-영업3
EETG,드마이어(De MAILLE),e-영업3
EETM,먼슬리121,e-영업4
EETN,유룩,e-영업3
EETO,비욘드클로젯,e-영업3
EETP,마크제이콥스,e-영업4
EETR,센사이,e-영업4
EETS,닥터하우쉬카,e-영업4
EETT,스튜디오루프,e-영업4
EETV,박연경,e-영업4
EETY,윅,e-영업4
EETZ,캠프긱스,e-영업4
EEU0,발리스틱스,e-영업4
EEU1,포스트제너럴,e-영업4
EEU5,티파니앤코,e-영업3
EEU9,비알티씨,e-영업4
EEUE,더다믐,e-영업4
EEUG,케어허,e-영업4
EEUI,카르모나,e-영업3
EEUK,티케비,e-영업3
EEUP,주스앤그로서리,e-영업4
EEUQ,올리비아 버튼,e-영업3
EEUS,어더스,e-영업3
EEV3,자넬라토,e-영업3
EEVA,디올,e-영업3
EEVE,생 로랑,e-영업3
EEVF,버버리,e-영업3
EEVO,리쥬란,e-영업4
EEVU,드루,e-영업4
EEVV,토리버치,e-영업3
EEVW,에코플로우,e-영업4
EEVX,잭커리,e-영업4
EEVZ,비그레인,e-영업4
EEW0,로스트인서울,e-영업4
EEW2,발리,e-영업3
EEW7,아미,e-영업3
EEWC,롱샴,e-영업3
EEWV,에스.티. 듀퐁,e-영업3
EEX2,씨피컴퍼니,e-영업3
EEXL,라이즈앤빌로우,e-영업3
EEXT,제이린더버그,e-영업3
EEXU,지포어,e-영업4
EEXW,다이와,e-영업4
EEY5,지브이투어,e-영업4
EEY8,캘러웨이,e-영업4
EEYA,테일러메이드,e-영업4
EEYD,핑,e-영업4
EEYF,기타 브랜드,e-영업4
EEYG,야마하,e-영업4
EEYI,혼마,e-영업4
EEYJ,요넥스,e-영업4
EEYO,스릭슨,e-영업4
EEYP,코브라,e-영업4
EEZ4,다이와,e-영업4
EEZ6,젝시오,e-영업4
EEZA,볼빅,e-영업4
EEZH,베티나르디,e-영업4
EEZK,자크뮈스,e-영업3
EEZP,오스프리,e-영업4
EEZQ,에스티로더,e-영업4
EF00,버버리,e-영업3
EF01,생 로랑,e-영업3
EF02,강청,e-영업4
EF03,시월다래,e-영업4
EF06,노스페이스,e-영업3
EF07,판도라,e-영업3
EF08,스와로브스키,e-영업3
EF09,락포트,e-영업3
EF0E,오지오,e-영업4
EF0K,세인트나인,e-영업4
EF0L,버뮤다,e-영업4
EF0Q,에코,e-영업4
EF10,쌤소나이트,e-영업3
EF1F,코비스스포츠,e-영업4
EF1J,가민,e-영업4
EF1L,보이스캐디,e-영업4
EF1M,부쉬넬,e-영업4
EF1P,뱅앤올룹슨,e-영업4
EF1R,크로슬리,e-영업4
EF1T,사테치,e-영업4
EF1U,나노리프,e-영업4
EF1V,론체어,e-영업4
EF1X,어테이션,e-영업4
EF1Z,스킨아이,e-영업4
EF22,프린트스타,e-영업3
EF23,글리머,e-영업3
EF27,베스블린,e-영업4
EF28,아쿠아 디 파르마,e-영업4
EF29,구찌,e-영업3
EF2A,시크릿플랜트,e-영업4
EF2B,플랜토닉,e-영업4
EF2J,이외들,e-영업3
EF2R,디바제,e-영업4
EF2S,닥터마틴,e-영업3
EF2T,비오템 옴므,e-영업4
EF2U,브브브,e-영업3
EF2Z,원더월에디션,e-영업3
EF33,제너,e-영업4
EF34,크라움,e-영업4
EF38,프라다,e-영업3
EF39,셀린느,e-영업3
EF3U,버버리,e-영업3
EF40,살바토레 페라가모,e-영업3
EF41,버버리,e-영업3
EF43,톰브라운,e-영업3
EF4E,디올,e-영업3
EF4P,구찌,e-영업3
EF4T,라코스테,e-영업3
EF55,로로피아나,e-영업3
EF59,스타우드,e-영업3
EF5A,몽클레어,e-영업3
EF5O,프라다,e-영업3
EF6D,헬렌카민스키,e-영업3
EF6E,박덕근벌꿀,e-영업4
EF6G,청화미담,e-영업4
EF6H,박덕근참기름,e-영업4
EF6I,오휘,e-영업4
EF6J,베네통,e-영업3
EF6L,이안 조,e-영업3
EF6M,이음,e-영업3
EF6N,메종오브제,e-영업4
EF6O,미호미두,e-영업4
EF6Q,로갓,e-영업4
EF6V,아르마니 익스체인지,e-영업3
EF71,이치하라,e-영업4
EF7W,와일드 동키,e-영업3
EF82,아임쏘리포마이스킨,e-영업4
EF8A,뉴에라,e-영업3
EF8F,록시,e-영업3
EF8L,메트로시티,e-영업3
EF8V,보그,e-영업3
EF97,제로스트릿,e-영업3
EF9H,아가타,e-영업3
EF9V,엠포리오 아르마니,e-영업3
EFAL,파타고니아,e-영업3
EFAP,피에르가르뎅,e-영업3
EFB2,휴닉,e-영업4
EFB4,디보션,e-영업4
EFB5,오들리워크샵,e-영업3
EFB6,제이린드버그,e-영업3
EFB7,타이틀리스트,e-영업4
EFB8,스크램블크로스로드,e-영업3
EFB9,삼공체어,e-영업4
EFBB,시디즈,e-영업4
EFBC,구찌,e-영업3
EFBD,퍼시스,e-영업4
EFBM,코모레비뮤지엄,e-영업3
EFBP,제이브이알,e-영업4
EFBQ,아일랜드 슬리퍼,e-영업3
EFBR,메종 키츠네,e-영업3
EFBU,오트리,e-영업3
EFBV,엘리오,e-영업4
EFBZ,제이린드버그,e-영업3
EFC1,하바이아나스,e-영업3
EFC2,캘러웨이,e-영업3
EFC6,프레드페리,e-영업3
EFC8,투스노트,e-영업4
EFCA,미하라 야스히로,e-영업3
EFCB,비브람파이브핑거스,e-영업4
EFCC,테클라,e-영업3
EFCD,테스트,e-영업4
EFCG,에르메네질도 제냐,e-영업3
EFCK,텔파,e-영업3
EFCL,린나이,e-영업4
EFCO,노비타,e-영업4
EFCV,메종 프란시스 커정,e-영업4
EFCZ,아크테릭스,e-영업3
EFD0,아크테릭스,e-영업3
EFD3,에이제트에이치,e-영업4
EFD8,디얼스 코트다쥐르,e-영업4
EFDA,시크릿쥬쥬,e-영업3
EFDB,엘오엘서프라이즈,e-영업3
EFDD,강민성,e-영업4
EFDQ,태그호이어,e-영업3
EFE1,샤넬,e-영업3
EFEB,티파니앤코,e-영업3
EFF4,에르메스,e-영업3
EFF8,구찌,e-영업3
EFFK,펜디,e-영업3
EFFN,루이비통,e-영업3
EFFQ,오메가,e-영업3
EFI1,보테가 베네타,e-영업3
EFI6,셀린느,e-영업3
EFI9,구찌,e-영업3
EFIA,다미아니,e-영업3
EFIS,고야드,e-영업3
EFJG,오라리,e-영업3
EFJH,룩트,e-영업4
EFJI,아디다스,e-영업4
EFJJ,크록스,e-영업4
EFJK,푸마,e-영업4
EFJL,메듀즈,e-영업4
EFJM,클라우드제로,e-영업4
EFJN,허니에이프릴,e-영업3
EFJO,마커스,e-영업4
EFJP,미쯔,e-영업3
EFJQ,웨버,e-영업4
EFJU,라코스테,e-영업4
EFJW,씨에이치6,e-영업4
EFK3,요넥스,e-영업4
EFK4,타이거다즐러,e-영업4
EFK5,세락스,e-영업4
EFK7,앤드원더,e-영업3
EFK8,아크테릭스,e-영업3
EFK9,아식스,e-영업3
EFKK,뉴발란스,e-영업3
EFKT,오트리,e-영업3
EFL5,페라가모,e-영업3
EFL7,헌터,e-영업3
EFL8,삭스,e-영업3
EFL9,에스까다,e-영업3
EFLD,지포어,e-영업3
EFLE,치타쇼,e-영업4
EFLG,아디다스,e-영업4
EFLJ,언더아머,e-영업3
EFLK,엠씨엠,e-영업3
EFLL,토우토우아카이브,e-영업3
EFLP,티에라,e-영업4
EFLQ,바보사랑,e-영업3
EFLR,에코,e-영업3
EFLS,살로몬,e-영업3
EFLT,온그리디언츠,e-영업4
EFLV,헬렌카민스키,e-영업3
EFM1,파인우드,e-영업4
EFM9,원키친101,e-영업4
EFMJ,스포티앤리치,e-영업3
EFMK,살로몬,e-영업4
EFMW,올리브데올리브,e-영업3
EFMX,제이린드버그,e-영업3
EFMY,모스키노,e-영업3
EFN3,컬럼비아 유니버시티,e-영업3
EFN7,쉬몬브레드,e-영업4
EFN8,베이비코너,e-영업4
EFN9,헤이탄,e-영업4
EFNC,썸머스이브,e-영업4
EFNJ,헌터,e-영업3
EFNK,비스크,e-영업3
EFNL,아미,e-영업3
EFNP,오그레,e-영업4
EFNZ,도메틱,e-영업4
EFO0,신일,e-영업4
EFO1,삼성전자,e-영업4
EFO3,에어렉스,e-영업4
EFO4,대원,e-영업4
EFO6,라피타,e-영업4
EFO7,리큅,e-영업4
EFO8,보국전자,e-영업4
EFO9,안방그릴,e-영업4
EFOA,위닉스,e-영업4
EFOB,캐리어,e-영업4
EFOD,지포어,e-영업3
EFOE,엠에스아이,e-영업4
EFOF,파워가드,e-영업4
EFOG,헤르젠,e-영업4
EFOI,휴고스,e-영업4
EFOJ,21센추리,e-영업4
EFOL,자크뮈스,e-영업3
EFOM,끌레드뽀,e-영업4
EFON,쌤소나이트,e-영업3
EFOO,지포어,e-영업3
EFOQ,POLICE eyewear,e-영업3
EFOV,닥터마틴,e-영업3
EFOW,지샥,e-영업3
EFOX,필로우,e-영업3
EFOY,밈즈,e-영업4
EFP0,벨레스,e-영업4
EFP3,에스케이매직,e-영업4
EFP4,노비타,e-영업4
EFP5,세락스,e-영업4
EFP6,노타백,e-영업3
EFP7,르플,e-영업4
EFPB,도나윌슨,e-영업4
EFPC,세락스,e-영업4
EFPD,티씨100,e-영업4
EFPE,헬렌카민스키,e-영업3
EFPF,참존화장품,e-영업4
EFPG,체스,e-영업4
EFPH,알지투,e-영업4
EFPK,필로트,e-영업3
EFPL,가니,e-영업3
EFPM,쎄미,e-영업3
EFPN,편식공장,e-영업4
EFPO,이스트빈야드,e-영업3
EFPP,화이트플레인,e-영업3
EFPQ,쿡핏,e-영업4
EFPR,필베리,e-영업3
EFPS,잠온,e-영업4
EFPV,드래곤 디퓨전,e-영업3
EFQ4,쿨트,e-영업3
EFQ6,발망,e-영업3
EFQ7,리맥,e-영업4
EFQ8,24그램,e-영업4
EFQ9,로얄 캐네디언,e-영업4
EFQA,힘펠,e-영업4
EFQC,샤넬,e-영업3
EFQE,레노마,e-영업3
EFQI,로이로사,e-영업4
EFQJ,제주닮,e-영업4
EFQL,리프레젠트,e-영업3
EFQM,그라미치,e-영업3
EFQO,마이크돈두잇,e-영업3
EFQP,레이지놈놈,e-영업4
EFQS,아미,e-영업3
EFQT,루카,e-영업4
EFQV,에트로,e-영업3
EFQX,지포어,e-영업3
EFQY,구찌,e-영업3
EFQZ,헬렌카민스키,e-영업3
EFR0,제이린드버그,e-영업3
EFR1,메종 키츠네,e-영업3
EFR2,프라다,e-영업3
EFR3,생로랑,e-영업3
EFR5,스톤아일랜드,e-영업3
EFR6,톰브라운,e-영업3
EFR7,발렌티노,e-영업3
EFR8,우영미,e-영업3
EFR9,디씨,e-영업3
EFRA,유얼어데이,e-영업4
EFRB,로에베,e-영업3
EFRE,볼컴,e-영업4
EFRI,드로게리아 크리베리니,e-영업3
EFRJ,헤레우,e-영업3
EFRK,하이,e-영업3
EFRM,행아웃,e-영업3
EFRR,폴로 랄프로렌,e-영업3
EFRT,이솝,e-영업4
EFRU,올반,e-영업4
EFRY,피코크,e-영업4
EFS0,밀크앤허니,e-영업4
EFS1,미니멜츠,e-영업4
EFS3,신세계푸드,e-영업4
EFS7,앙드레자르뎅,e-영업4
EFS9,파스텔라,e-영업3
EFSA,코션,e-영업4
EFSB,마이브렐라,e-영업3
EFSC,이지쿡,e-영업4
EFSD,세스코,e-영업4
EFSE,안데르센 안데르센,e-영업3
EFSF,오트리,e-영업3
EFSG,베어본즈,e-영업4
EFSH,메종듀,e-영업4
EFSI,워크와디그,e-영업4
EFSM,고스피어,e-영업4
EFSO,베지톨로지,e-영업4
EFSR,디젤,e-영업3
EFSS,식물행성,e-영업4
EFST,오아지앙,e-영업4
EFSU,폴로 랄프로렌,e-영업3
EFSV,봉쁘앙,e-영업3
EFSW,라이프앤콜렉트,e-영업3
EFSX,해밀턴,e-영업3
EFSY,오메가,e-영업3
EFSZ,스와로브스키,e-영업3
EFT0,구찌,e-영업3
EFT1,몽블랑,e-영업3
EFT3,루미녹스,e-영업3
EFT4,스위스밀리터리,e-영업4
EFT5,다니엘 웰링턴,e-영업3
EFT6,미도,e-영업3
EFT7,티쏘,e-영업3
EFT8,태그 호이어,e-영업3
EFT9,코베아,e-영업4
EFTA,불독,e-영업4
EFTB,뷰티포뮬라,e-영업4
EFTN,부쉐론,e-영업4
EFTP,울루루,e-영업4
EFTQ,지포어,e-영업3
EFTR,페니체,e-영업3
EFTU,써모스,e-영업4
EFTV,세인트제임스,e-영업3
EFTX,골프버디,e-영업4
EFTY,까스텔바작,e-영업4
EFTZ,마루망,e-영업4
EFU0,볼빅,e-영업4
EFU1,세인트나인,e-영업4
EFU4,엠유스포츠,e-영업4
EFU5,이글아이드,e-영업4
EFU6,조지스피리츠,e-영업4
EFU7,지브이투어,e-영업4
EFU8,카타나,e-영업4
EFU9,기타,e-영업4
EFUB,힐크릭,e-영업4
EFUC,세븐힐스,e-영업4
EFUD,아이나비,e-영업4
EFUF,모멧,e-영업3
EFUI,보보쇼즈,e-영업3
EFUJ,봉쁘앙,e-영업3
EFUK,엠에스지엠,e-영업3
EFUL,스톤아일랜드,e-영업3
EFUM,스텔라맥카트니,e-영업3
EFUO,우연못,e-영업4
EFV0,까르띠에,e-영업3
EFV3,마스터베어,e-영업4
EFV4,로사센,e-영업4
EFV6,위티코코,e-영업4
EFV8,마스터베어,e-영업4
EFVA,어베이브,e-영업4
EFVE,타치클로징,e-영업3
EFVF,아미,e-영업3
EFVG,메종 키츠네,e-영업3
EFVN,캠퍼,e-영업3
EFVO,마틸라,e-영업4
EFVP,트렉스타,e-영업4
EFVQ,샤넬,e-영업4
EFVR,아디다스,e-영업3
EFVV,제이더블유앤더슨,e-영업3
EFVY,토즈,e-영업3
EFVZ,김영주스포츠,e-영업4
EFW1,클라우스,e-영업4
EFW4,더뉴소사이어티,e-영업3
EFW6,메노킨,e-영업4
EFW7,쿠나장롱,e-영업4
EFW8,데이먼스이어,e-영업3
EFWA,인바디,e-영업4
EFWB,비케이쿡웨어,e-영업4
EFWC,닌텐도,e-영업4
EFWE,아이리버,e-영업4
EFWF,야마하,e-영업4
EFWG,캐논,e-영업4
EFWH,코지마,e-영업4
EFWI,메이블,e-영업4
EFWJ,제이엠더블유,e-영업4
EFWL,쿡셀,e-영업4
EFWM,아이클레보,e-영업4
EFWP,에디슨,e-영업4
EFWQ,브라더,e-영업4
EFWT,켈러브러쉬,e-영업4
EFWW,구찌,e-영업3
EFWZ,버버리,e-영업3
EFX0,비비안웨스트우드,e-영업3
EFX1,아미,e-영업3
EFX3,톰브라운,e-영업3
EFX4,메종 키츠네,e-영업3
EFX6,아워 레가시,e-영업3
EFX9,끌로에,e-영업3
EFXA,생로랑,e-영업3
EFXB,셀린느,e-영업3
EFXD,메종 마르지엘라,e-영업3
EFXF,톰포드,e-영업3
EFXG,아페쎄,e-영업3
EFXI,가니,e-영업3
EFXJ,펜디,e-영업3
EFXM,르메르,e-영업3
EFXO,페라가모,e-영업3
EFXS,자크뮈스,e-영업3
EFXV,몽클레어,e-영업3
EFXW,스톤아일랜드,e-영업3
EFY4,씨피컴퍼니,e-영업3
EFY6,스투시,e-영업3
EFY7,가니,e-영업3
EFY9,겐조,e-영업3
EFYA,골든구스,e-영업3
EFYC,구찌,e-영업3
EFYF,꼼데가르송,e-영업3
EFYY,티파니 앤코,e-영업3
EFZ5,꼬띠,e-영업4
EFZ8,듀베티카,e-영업3
EFZ9,드래곤디퓨전,e-영업3
EFZD,띠어리,e-영업3
EFZG,레페토,e-영업3
EFZI,롱샴,e-영업3
EFZK,리복,e-영업3
EFZL,마르니,e-영업3
EFZP,마이클코어스,e-영업3
EFZQ,마크앤로나,e-영업3
EFZS,멀버리,e-영업3
EFZT,메종마르지엘라,e-영업3
EFZV,메종키츠네,e-영업3
EFZX,몽클레어,e-영업3
EG09,오드스튜디오,e-영업3
EG0A,무스너클,e-영업3
EG0D,미우미우,e-영업3
EG0G,발렌티노,e-영업3
EG0H,발리,e-영업3
EG0I,버버리,e-영업3
EG0J,버버리,e-영업3
EG0K,베이스레인지,e-영업3
EG0L,베트멍,e-영업3
EG0M,보테가베네타,e-영업3
EG0O,생로랑,e-영업3
EG0P,세인트제임스,e-영업3
EG0Q,스톤아일랜드,e-영업3
EG0S,실리쿡,e-영업4
EG0T,린나이,e-영업4
EG0Y,찰리쿡,e-영업4
EG11,케노샤 홈,e-영업4
EG13,컨버스,e-영업4
EG19,건민,e-영업4
EG1A,토즈,e-영업3
EG1Y,비캠버그,e-영업3
EG22,컨버스,e-영업4
EG26,시스티나,e-영업3
EG2F,바오바오,e-영업3
EG2K,우포스,e-영업3
EG3A,이퀄리브,e-영업4
EG3B,스노우라인,e-영업4
EG3E,콜맨,e-영업4
EG3K,티파니 앤코,e-영업4
EG3L,타미힐피거,e-영업3
EG3T,스톤아일랜드,e-영업3
EG3V,스파워트,e-영업3
EG3W,씨피컴퍼니,e-영업3
EG3X,아미,e-영업3
EG3Y,아스토플렉스,e-영업3
EG47,네파,e-영업3
EG4D,어그,e-영업3
EG4F,에르노,e-영업3
EG4G,에코,e-영업3
EG4H,에트로,e-영업3
EG4I,오트리,e-영업3
EG4L,와일드 동키,e-영업3
EG4P,이세이미야케,e-영업3
EG4R,자크뮈스,e-영업3
EG4S,제이린드버그,e-영업3
EG4V,지방시,e-영업3
EG4X,지포어,e-영업3
EG4Y,질샌더,e-영업3
EG4Z,칼하트 윕,e-영업3
EG52,티뮤,e-영업4
EG58,라우쉬,e-영업4
EG59,버팔로,e-영업4
EG5C,코치,e-영업3
EG5D,크리스찬디올,e-영업3
EG5E,크리스탈헤이즈,e-영업3
EG5G,타오,e-영업3
EG5I,토리버치,e-영업3
EG5J,토즈,e-영업3
EG5K,톰브라운,e-영업3
EG5M,파라부트,e-영업3
EG5N,파라점퍼스,e-영업3
EG5O,팜엔젤스,e-영업3
EG5P,페라가모,e-영업3
EG5Q,펜디,e-영업3
EG5R,폴스미스,e-영업3
EG5S,프라다,e-영업3
EG5X,하이,e-영업3
EG61,바스티안,e-영업4
EG64,시카고커트러리,e-영업4
EG65,알렉산더 맥퀸,e-영업3
EG6A,헬렌카민스키,e-영업3
EG6C,캘러웨이,e-영업3
EG6E,다넘 포르투나,e-영업3
EG6O,오베이,e-영업3
EG6Q,루디프로젝트,e-영업3
EG6R,랄프로렌,e-영업3
EG6T,미이,e-영업4
EG6X,선데이모닝플레이트,e-영업4
EG6Y,키플링,e-영업3
EG71,오클리,e-영업3
EG88,해피엔딩이즈마인,e-영업3
EG8U,노리다케,e-영업4
EG94,필로비스놑,e-영업3
EG96,노드 스튜디오,e-영업3
EG97,엔케이오,e-영업4
EG99,스킨코드,e-영업4
EG9D,띠어리,e-영업3
EG9G,버버리,e-영업3
EGC6,니들스,e-영업3
EGC9,듀얼브레서,e-영업4
EGCA,톤28,e-영업4
EGCB,멀버리,e-영업3
EGCC,한샘,e-영업4
EGCD,바이마르,e-영업4
EGCE,메종 마르지엘라,e-영업4
EGCH,산리오,e-영업3
EGCI,디즈니,e-영업3
EGCJ,마블,e-영업3
EGCK,초이락,e-영업3
EGCL,라인프렌즈,e-영업3
EGCM,포켓몬스터,e-영업3
EGCO,갭,e-영업3
EGCP,낫소,e-영업3
EGCQ,가스파드앤리사,e-영업3
EGCR,미니특공대,e-영업3
EGCS,허티프렌즈,e-영업3
EGCX,락포트,e-영업3
EGCY,디아모모,e-영업3
EGCZ,미소니,e-영업3
EGD0,존리치몬드,e-영업3
EGD1,지안프랑코페레,e-영업3
EGD4,써니라이프,e-영업4
EGD5,수앤진골드,e-영업3
EGD6,허스텔러,e-영업4
EGD7,코스무드,e-영업4
EGD8,오프화이트,e-영업3
EGD9,질샌더,e-영업3
EGDA,아페쎄,e-영업3
EGDC,페라가모,e-영업3
EGDS,산드로,e-영업3
EGDX,텐씨,e-영업3
EGE7,마놀로 블라닉,e-영업3
EGE9,꼼데가르송,e-영업3
EGEC,하프크라이즈 레이아웃,e-영업3
EGED,아르켓,e-영업3
EGEF,마쥬,e-영업3
EGEI,르메르,e-영업3
EGEU,칼하트 윕,e-영업3
EGEZ,땡큐슈즈머치,e-영업3
EGF0,스플래쉬어바웃,e-영업3
EGF3,키키스토리,e-영업3
EGF5,토템,e-영업3
EGF6,루이비통,e-영업3
EGFB,꼼데가르송,e-영업3
EGFC,구찌,e-영업3
EGFG,옴므플리세 이세이미야케,e-영업3
EGFT,빈스,e-영업3
EGG1,유원트,e-영업4
EGGD,케라시스,e-영업4
EGGE,미쟝센,e-영업4
EGGF,아방가드로,e-영업4
EGGH,크리스티앙레나르,e-영업4
EGGJ,오쏘몰,e-영업4
EGGL,르라보,e-영업4
EGGM,보테가베네타,e-영업4
EGGN,티파니 앤코,e-영업4
EGGQ,올치,e-영업4
EGGR,오닐,e-영업4
EGGS,클락스 오리지널,e-영업3
EGGU,캘러웨이,e-영업4
EGGW,핑,e-영업4
EGGX,세컨스킨,e-영업3
EGGZ,라이프,e-영업4
EGH0,맥키,e-영업4
EGH1,아이더블유엘티,e-영업4
EGH5,키엘,e-영업4
EGH7,뷰빗,e-영업4
EGH8,하이뮨,e-영업4
EGH9,마로이,e-영업3
EGHB,파세코,e-영업4
EGHD,클래스 크로운,e-영업4
EGHE,롤라로즈,e-영업3
EGHO,팜스프링스,e-영업4
EGHP,주식회사 윤오헬시,e-영업4
EGHQ,비비안 웨스트우드,e-영업3
EGHR,비가,e-영업4
EGHS,메트르 사보,e-영업4
EGHX,페라가모,e-영업3
EGHZ,로아주,e-영업3
EGI0,테바,e-영업3
EGI1,코드오브벨,e-영업3
EGI2,이세이미야케,e-영업3
EGI3,테일러메이드,e-영업4
EGI4,포니,e-영업4
EGI5,유니맥스,e-영업4
EGI6,몽크로스,e-영업4
EGI7,딜라어스,e-영업3
EGI8,꼼데가르송,e-영업3
EGIA,더블알엘,e-영업3
EGIB,오즈웨어,e-영업3
EGIE,스텔톤,e-영업4
EGIG,컬러네이처,e-영업4
EGIH,클레어앤에프,e-영업4
EGIK,만세스,e-영업4
EGIM,비씨비지,e-영업3
EGIR,어그,e-영업3
EGIS,노스피크,e-영업4
EGIU,차바트리,e-영업4
EGIV,스케쳐스,e-영업4
EGIZ,셀리테일즈,e-영업3
EGJ1,글로벌나이프,e-영업4
EGJ2,스칸팬,e-영업4
EGJ6,에이피알론드,e-영업4
EGJ7,포트메리온,e-영업3
EGJ8,시라쿠스,e-영업4
EGJA,듀베티카,e-영업3
EGJD,에스케이투,e-영업4
EGJE,플라잉타이거 코펜하겐,e-영업3
EGJF,뉴아,e-영업4
EGJI,프린시아,e-영업4
EGKY,하코야,e-영업4
EGKZ,포켓몬스터,e-영업3
EGL0,메종드메이어,e-영업3
EGL1,이오스테스트,e-영업4
EGL2,라디오사,e-영업3
EGL3,티엘,e-영업3
EGLD,크라제,e-영업4
EGLM,헬씨랩,e-영업4
EGLP,노멀노모어,e-영업4
EGLQ,보타닉센스,e-영업4
EGLR,포레스크,e-영업4
EGLZ,콜릿,e-영업3
EGM0,루미소브,e-영업3
EGM1,블랙다이아몬드,e-영업3
EGM5,이오스 트래블,e-영업4
EGM8,클락스,e-영업3
EGM9,스타우브,e-영업4
EGMA,소프라움,e-영업4
EGMD,휴리나,e-영업3
EGME,크림슨트리,e-영업4
EGMI,로크,e-영업3
EGMK,페라가모,e-영업3
EGML,캐스피,e-영업4
EGMM,딜립,e-영업4
EGMN,버도어,e-영업4
EGMO,무아미미,e-영업3
EGMZ,리엔,e-영업4
EGN0,삼보넷,e-영업4
EGN2,발렌티노,e-영업3
EGN3,마이클 코어스,e-영업3
EGN4,머랭고,e-영업3
EGN5,아이보리스튜디오,e-영업3
EGN7,오리진스,e-영업4
EGNA,에르노,e-영업3
EGNB,구찌,e-영업3
EGNC,로고나,e-영업4
EGND,위티코코,e-영업4
EGNE,퓨어포포,e-영업4
EGNF,힐크릭,e-영업4
EGNG,로사센,e-영업4
EGNH,유리아쥬,e-영업4
EGNI,듀크레이,e-영업4
EGNJ,르네휘테르,e-영업4
EGNL,삠뽀요,e-영업3
EGNM,니들스,e-영업3
EGNP,씨피티에스,e-영업3
EGNR,지오프리,e-영업4
EGNS,탑앤탑,e-영업4
EGNT,숲,e-영업3
EGNU,비지트인뉴욕,e-영업3
EGNV,데카,e-영업3
EGO1,날진,e-영업4
EGO3,에르베 샤플리에,e-영업3
EGO5,데미플로,e-영업4
EGO6,워브먼트,e-영업3
EGO7,메이크어토스트,e-영업3
EGOB,헤드,e-영업4
EGOC,헤드,e-영업4
EGOD,디에이드,e-영업4
EGOE,바디픽셀,e-영업4
EGOH,록시땅,e-영업4
EGOI,크리션,e-영업4
EGOK,슈펜,e-영업3
EGOL,스파오,e-영업3
EGOM,슈펜,e-영업3
EGON,더블유나인,e-영업3
EGOO,에블린,e-영업3
EGOP,로엠,e-영업3
EGOQ,미쏘,e-영업3
EGOR,클라비스,e-영업3
EGOX,필립스,e-영업4
EGP0,브라운,e-영업4
EGP2,후아유,e-영업3
EGP6,블레스,e-영업4
EGP7,휴비딕,e-영업4
EGP9,하우지안,e-영업4
EGPL,토니로렌스,e-영업3
EGPN,발렌시아가,e-영업3
EGPP,더 로우,e-영업3
EGPT,아크메르,e-영업4
EGPU,슈퍼마켙플라워,e-영업4
EGPW,세타필,e-영업4
EGQ4,필립 스포츠,e-영업3
EGQ6,키네프,e-영업4
EGQA,씨투엠뉴,e-영업3
EGQB,푸아송,e-영업3
EGQC,버버리,e-영업3
EGQD,마크곤잘레스,e-영업3
EGQE,스코겐,e-영업4
EGQF,베어본즈,e-영업4
EGQG,안데르센 안데르센,e-영업3
EGQN,스튜디오 니콜슨,e-영업3
EGQO,엔타이어스튜디오,e-영업3
EGQP,비브람파이브핑거스,e-영업3
EGQQ,사보리노,e-영업4
EGQS,렘노스,e-영업4
EGQT,발코니 인 스위트,e-영업3
EGR1,코치,e-영업3
EGR3,에트로,e-영업3
EGR5,해밀턴,e-영업3
EGR6,제냐,e-영업3
EGR9,돌체앤가바나,e-영업3
EGRB,티쏘,e-영업3
EGRE,아페쎄,e-영업3
EGRF,타임,e-영업3
EGRG,디스퀘어드2,e-영업3
EGRH,라도,e-영업3
EGRI,미소니,e-영업3
EGRL,띠어리,e-영업3
EGRM,에스.티. 듀퐁,e-영업3
EGRS,미도,e-영업3
EGSN,코치,e-영업3
EGSP,에트로,e-영업3
EGT1,타임,e-영업3
EGTO,돌체앤가바나,e-영업3
EGU4,모스키노,e-영업3
EGV1,마벨로제,e-영업4
EGV2,실키아,e-영업3
EGV5,도미솔,e-영업4
EGV7,디오브,e-영업4
EGV9,일상곳곳,e-영업4
EGVB,커버낫,e-영업3
EGVD,비홉,e-영업4
EGVM,위너스피릿,e-영업4
EGVN,매드피치,e-영업4
EGVR,보보쇼즈,e-영업3
EGVS,모멘센트,e-영업4
EGVT,아니아 하이에,e-영업3
EGW0,아웃도어프로덕츠,e-영업3
EGW1,테디베어,e-영업4
EGW2,케네스레이디,e-영업3
EGW5,롱샴,e-영업3
EGW6,쿠쿠수제뜨,e-영업3
EGWB,이블루스,e-영업3
EGWG,솔리드옴므,e-영업3
EGWJ,알리기에리,e-영업3
EGWN,하우스오브써니,e-영업3
EGWO,로우클래식,e-영업3
EGWS,캘러웨이,e-영업3
EGX7,티에스에이치,e-영업3
EGX8,이고르,e-영업3
EGX9,불라디,e-영업3
EGXA,씨앤유 투어,e-영업4
EGXB,스키니,e-영업3
EGXF,알렉산더 맥퀸,e-영업3
EGXH,알파 인더스트리,e-영업3
EGXI,엔디에이,e-영업3
EGXJ,에이틴에이치,e-영업4
EGXK,넥스트큐,e-영업4
EGXL,인스테드,e-영업4
EGXQ,카네수즈,e-영업4
EGXR,내소탈,e-영업4
EGXV,올가휴,e-영업4
EGXW,울트라토닝,e-영업4
EGXY,바이 파미셀 랩,e-영업4
EGY1,섬세이,e-영업4
EGY3,아페쎄,e-영업3
EGY6,씨피컴퍼니,e-영업3
EGYI,폴로 랄프로렌,e-영업3
EGYM,토즈,e-영업3
EGYS,준지,e-영업3
EGYY,에뗄린,e-영업3
EGYZ,콜롬보,e-영업3
EGZ0,올세인츠,e-영업3
EGZ4,장듀보,e-영업4
EGZ5,시라쿠스,e-영업4
EGZ7,쇼트즈위젤,e-영업4
EGZ8,디젤,e-영업3
EGZ9,비비안웨스트우드,e-영업3
EGZA,가니,e-영업3
EGZB,프루아,e-영업3
EGZC,노와,e-영업4
EGZE,슈톨츠,e-영업4
EGZF,자크뮈스,e-영업3
EGZG,제이마크뉴욕,e-영업3
EGZH,위즈웰,e-영업4
EGZJ,아이리스,e-영업4
EGZL,에릭자비츠,e-영업3
EGZM,라코스테,e-영업3
EGZO,스톤아일랜드,e-영업3
EGZP,에르노,e-영업3
EGZR,벨라룩스,e-영업4
EGZS,엠버 퓨어힐 호텔 & 리조트,e-영업4
EGZT,바니쉬먼트,e-영업3
EGZU,스코겐,e-영업4
EGZW,알보우,e-영업4
EGZX,볼릭,e-영업4
EH01,잭니클라우스,e-영업4
EH0A,누아,e-영업4
EH0I,펜디,e-영업3
EH0J,스톤아일랜드,e-영업3
EH0L,몽클레어,e-영업3
EH0M,보보쇼즈,e-영업3
EH0P,스텔라맥카트니,e-영업3
EH0U,커먼 프로젝트,e-영업3
EH0W,아디다스,e-영업4
EH11,스위스밀리터리,e-영업4
EH1E,가버,e-영업3
EH1F,에코백스,e-영업4
EH1H,펄피,e-영업4
EH1I,쿠첸,e-영업4
EH1J,블라썸,e-영업4
EH1K,비트젯,e-영업4
EH1L,코슬리,e-영업4
EH1M,데상트,e-영업4
EH1N,르꼬끄,e-영업3
EH1O,먼싱웨어,e-영업4
EH1T,요시다 포터,e-영업3
EH1U,드래곤 디퓨전,e-영업3
EH1V,버버리,e-영업3
EH1W,미우미우,e-영업3
EH1X,유이앤루이,e-영업3
EH1Y,미하라 야스히로,e-영업3
EH1Z,꼼데가르송,e-영업3
EH2A,부테로,e-영업3
EH2C,세라몰,e-영업4
EH2D,로저앤갈렛,e-영업4
EH2G,펜디,e-영업3
EH2H,디젤,e-영업3
EH2I,호카오네오네,e-영업3
EH2J,휴테크,e-영업4
EH2K,유에스피에이 폴로,e-영업3
EH2L,칸드,e-영업4
EH2N,코스,e-영업3
EH2O,아름다운프로,e-영업4
EH2Q,내셔널지오그래픽,e-영업4
EH2R,지앙,e-영업4
EH2T,폭스베딩,e-영업4
EH2U,살로몬,e-영업3
EH2V,베자,e-영업3
EH2W,캠퍼,e-영업3
EH2X,롤리트롤리,e-영업4
EH2Z,아크테릭스,e-영업3
EH33,레이닌커피,e-영업4
EH34,레베떼커피,e-영업4
EH35,탠디,e-영업4
EH36,엘레강스,e-영업4
EH3E,필로소피,e-영업4
EH3F,메디프레소,e-영업4
EH3G,비비안웨스트우드,e-영업3
EH3K,나베나베페누아,e-영업4
EH3L,로지텍,e-영업4
EH3O,카카오프렌즈,e-영업4
EH3P,요이치,e-영업4
EH3Q,포엘지,e-영업4
EH3V,포더쓰리스,e-영업4
EH3W,애니존,e-영업4
EH3X,비포문라이즈,e-영업3
EH3Z,말본,e-영업4
EH49,포레스트스토리,e-영업4
EH4B,이엠이,e-영업4
EH4C,버지니아까사,e-영업4
EH4F,주디스 레이버,e-영업3
EH4I,위드오가닉,e-영업3
EH4J,자페라노,e-영업4
EH4L,아디다스 웨일즈보너,e-영업3
EH4N,골든구스,e-영업3
EH4O,오트리,e-영업3
EH4P,발리,e-영업3
EH4Q,엠포리오 아르마니,e-영업3
EH4R,샤넬,e-영업3
EH4T,부테로,e-영업3
EH4U,미우미우,e-영업3
EH4W,800도씨,e-영업4
EH4Y,마카,e-영업4
EH50,뒤란,e-영업4
EH5C,에어리브,e-영업4
EH5G,오브조이,e-영업3
EH5H,클라터뮤젠,e-영업4
EH5I,에프이26,e-영업4
EH5J,스파클,e-영업4
EH5K,동아오츠카,e-영업4
EH5L,삼다수,e-영업4
EH5M,백산수,e-영업4
EH5N,시마노_유료,e-영업4
EH5X,루이스미샤,e-영업3
EH5Y,헌터,e-영업3
EH5Z,시모무라,e-영업4
EH6A,숨,e-영업4
EH6B,클리어,e-영업4
EH6C,땡큐오리지널,e-영업4
EH6F,클라란스,e-영업4
EH6G,석수,e-영업4
EH6H,부르조아,e-영업4
EH6I,아이시스,e-영업4
EH6J,풀무원 생수,e-영업4
EH6M,웅진,e-영업4
EH6O,에버봄,e-영업4
EH6P,동원샘물,e-영업4
EH6S,르희 캐시미어,e-영업3
EH6U,반클리프 아펠,e-영업4
EH6V,이녹스프랑,e-영업4
EH6W,예거 르쿨트르,e-영업3
EH71,호재,e-영업3
EH73,세인트프랑,e-영업4
EH74,생 로랑,e-영업3
EH79,인켈,e-영업4
EH7E,빌레로이앤보흐,e-영업4
EH7K,비오비,e-영업4
EH7L,룸인어스,e-영업3
EH7M,돗투돗,e-영업3
EH7N,에르노,e-영업3
EH7P,프로푸워모,e-영업3
EH7R,케어베어,e-영업3
EH7S,올지,e-영업4
EH7T,안야,e-영업4
EH7U,리더스코스메틱,e-영업4
EH7W,아가31도,e-영업4
EH7Z,칼빅터,e-영업4
EH81,알페신,e-영업4
EH84,알콘,e-영업4
EH87,세서미스트리트,e-영업4
EH8A,바운티풀,e-영업4
EH8C,다이와_유료,e-영업4
EH8E,세컨드쉘프,e-영업4
EH8F,피노,e-영업4
EH8H,엔타이어스튜디오,e-영업3
EH8J,뷰링크,e-영업4
EH8K,데상트,e-영업4
EH8L,도요람서울,e-영업4
EH8M,까사무띠,e-영업4
EH8N,타미힐피거,e-영업4
EH8O,디젤,e-영업3
EH8P,폴스미스,e-영업3
EH8S,팬콧,e-영업3
EH92,폴로클럽,e-영업3
EH93,뉴발란스,e-영업3
EH94,나이키,e-영업4
EH95,아디다스,e-영업4
EH9G,끌로에,e-영업3
EH9N,톰브라운,e-영업3
EH9S,파라점퍼스,e-영업3
EH9Z,아미,e-영업3
EHA0,메종 키츠네,e-영업3
EHAA,아페쎄,e-영업3
EHAB,꼼데가르송,e-영업3
EHAN,4711,e-영업4
EHAO,탑레져,e-영업4
EHAP,동일레저,e-영업4
EHAQ,베자,e-영업3
EHAR,카르후,e-영업3
EHAS,프레드페리,e-영업3
EHAT,클레이,e-영업3
EHAV,고세제화,e-영업3
EHAW,테클라,e-영업3
EHAZ,알파 인더스트리,e-영업3
EHB8,픽세이션,e-영업4
EHB9,벨류엣,e-영업3
EHBC,오보즈,e-영업3
EHBD,파나소닉,e-영업4
EHBE,오리가미,e-영업4
EHBG,모어조이,e-영업4
EHBL,블루테일,e-영업3
EHBM,마르니,e-영업3
EHBN,디올,e-영업3
EHBQ,꾸레쥬,e-영업3
EHBT,띠어리,e-영업3
EHBV,휠라,e-영업4
EHBW,반 클리프 앤 아펠,e-영업4
EHC3,로커스트,e-영업3
EHC4,마리오미나르디,e-영업3
EHC5,세븐 포 올 맨카인드,e-영업3
EHCE,밀양본차이나,e-영업4
EHCG,엠리밋,e-영업3
EHCJ,세사온라인,e-영업4
EHCK,지온컴퍼니,e-영업4
EHCN,닥토브,e-영업4
EHCW,스와로브스키,e-영업3
EHD0,피엘라벤,e-영업3
EHD1,폴로 랄프로렌,e-영업3
EHD2,세인트제임스,e-영업3
EHD7,드림셰프,e-영업4
EHD8,가스트로박,e-영업4
EHD9,프로스펙스,e-영업4
EHDA,포레몽,e-영업4
EHDE,포러브낸시,e-영업3
EHDF,제옥스,e-영업3
EHDG,쿠거,e-영업3
EHDH,이지스피릿,e-영업3
EHDI,내추럴라이저,e-영업3
EHDJ,메피스토,e-영업3
EHDK,클락스,e-영업3
EHDL,비제바노,e-영업3
EHDM,더레노마,e-영업3
EHDN,플로쉐임,e-영업3
EHDO,보니스팍스,e-영업3
EHDQ,르샵,e-영업3
EHDR,톰맥켄,e-영업3
EHDU,데코,e-영업3
EHDV,디젤,e-영업3
EHDW,바라쿠타,e-영업3
EHDX,아디다스,e-영업3
EHDZ,켈리도나휴,e-영업3
EHE6,막스까르띠지오,e-영업3
EHE9,알테스,e-영업3
EHEA,올리비아로렌_신상,e-영업3
EHEM,지포어,e-영업4
EHES,엘유비,e-영업3
EHG3,엄브로,e-영업4
EHHT,씨피 컴퍼니,e-영업3
EHJG,비갠디,e-영업3
EHKY,쇼우몰,e-영업4
EHLI,사그라다마드레,e-영업4
EHLJ,스테이포지티브,e-영업4
EHLK,버킷그램,e-영업4
EHLR,알레시,e-영업4
EHLS,경동나비엔,e-영업4
EHLT,풀무원건강생활,e-영업4
EHMX,쯔키우사기지루시,e-영업4
EHN1,멜리타,e-영업4
EHN2,리버스,e-영업4
EHN3,다카히로,e-영업4
EHN6,프레센스,e-영업4
EHNC,로에베,e-영업4
EHNF,코치,e-영업4
EHNG,데코189,e-영업4
EHNI,중외제약,e-영업4
EHNJ,헨리베글린,e-영업3
EHNK,라프레미디,e-영업3
EHNL,혼가먼트,e-영업4
EHNM,칸의 아침,e-영업4
EHNN,브룩스브라더스,e-영업3
EHNR,페라가모,e-영업4
EHNT,소노시즌,e-영업4
EHNU,메종 마르지엘라,e-영업3
EHNV,아미,e-영업3
EHNW,아크네 스튜디오,e-영업3
EHNX,쟈딕앤볼테르,e-영업3
EHNY,알렉산더 맥퀸,e-영업3
EHNZ,와이쓰리,e-영업3
EHO2,아페쎄,e-영업3
EHO3,발렌티노,e-영업3
EHO5,톰포드,e-영업3
EHO6,오트리,e-영업3
EHO8,토즈,e-영업3
EHO9,발렌시아가,e-영업3
EHOA,발리,e-영업3
EHOB,톰브라운,e-영업3
EHOC,발망,e-영업3
EHOF,브루넬로 쿠치넬리,e-영업3
EHOH,버버리,e-영업3
EHOK,바이파,e-영업3
EHOM,골든구스,e-영업3
EHOQ,스톤아일랜드,e-영업3
EHOU,꼼데가르송,e-영업3
EHOV,스포티앤리치,e-영업3
EHOX,씨피 컴퍼니,e-영업3
EHOY,생로랑,e-영업3
EHOZ,디올,e-영업3
EHP1,로저 비비에,e-영업3
EHP3,레페토,e-영업3
EHP6,프라다,e-영업3
EHP7,페라가모,e-영업3
EHP8,가니,e-영업3
EHP9,파라점퍼스,e-영업3
EHPF,구찌,e-영업3
EHPH,헤레우,e-영업3
EHPL,무스너클,e-영업3
EHPN,질샌더,e-영업3
EHPO,몽클레어,e-영업3
EHPR,키톤,e-영업3
EHPV,미우미우,e-영업3
EHPY,로로피아나,e-영업3
EHQ0,마르니,e-영업3
EHQ1,메종 키츠네,e-영업3
EHQ2,메종 마르지엘라,e-영업3
EHQ5,살로몬,e-영업3
EHQL,스위스밀리터리,e-영업4
EHQM,오토모,e-영업4
EHQO,소니,e-영업4
EHTQ,디오디,e-영업4
EHTR,내셔널지오그래픽,e-영업4
EHTS,제이앤제이,e-영업4
EHTT,크로우캐년,e-영업4
EHTV,브라이언베리,e-영업3
EHTX,에프씨엠엠 스포츠,e-영업4
EHTY,덴츠,e-영업3
EHU0,캐나다구스,e-영업3
EHU3,메종노아,e-영업4
EHU5,플리츠미,e-영업3
EHU6,지승민의 공기,e-영업4
EHU7,엘렌쥬얼리,e-영업3
EHV4,유니베라,e-영업4
EHV7,우영미,e-영업3
EHV8,샤오미,e-영업3
EHV9,문부츠,e-영업3
EHVA,구이디,e-영업3
EHVB,프뮤아무르,e-영업3
EHVD,디네치,e-영업3
EHVE,캠퍼,e-영업3
EHVG,폴로 랄프로렌,e-영업3
EHVI,나르시,e-영업4
EHVL,소노시즌,e-영업4
EHVM,바라쿠타,e-영업3
EHVN,디제이아이,e-영업4
EHVO,일일오구,e-영업4
EHVP,써니라이프,e-영업3
EHVQ,포레스트뉴,e-영업4
EHVS,트라이엄프,e-영업3
EHVT,Triumph,e-영업3
EHVU,마스터바니,e-영업4
EHW0,포레스트뉴,e-영업4
EHW1,볼빅,e-영업4
EHW2,야나칸,e-영업4
EHW3,로키,e-영업3
EHW7,해밀턴,e-영업3
EHWA,베이비꼬꼴레,e-영업3
EHWB,피엑스지,e-영업3
EHWD,어바웃미,e-영업4
EHWG,언레이블,e-영업3
EHWH,구찌,e-영업3
EHWK,브레넨스툴,e-영업4
EHWN,라 프레리,e-영업4
EHWO,코티지,e-영업4
EHXA,카펙,e-영업4
EHXC,포케틀,e-영업4
EHXD,우영미,e-영업3
EHXN,앱코,e-영업4
EHXP,리델,e-영업4
EHXR,MLB키즈_,e-영업3
EHXV,바라쿠타,e-영업3
EHXX,헌터,e-영업3
EHXY,르꼬끄 스포르티브,e-영업3
EHXZ,아크테릭스,e-영업3
EHY1,씨피컴퍼니,e-영업3
EHY4,플르부아,e-영업4
EHY5,우영미,e-영업3
EHY6,바라쿠타,e-영업3
EHY7,미사키,e-영업3
EHY8,지포어,e-영업3
EHYA,카웨코,e-영업3
EHYB,제이린드버그,e-영업3
EHYE,헤레우,e-영업3
EHYF,마리메꼬,e-영업3
EHYG,노타백,e-영업3
EHYH,자넬라토,e-영업3
EHYI,엔타이어스튜디오,e-영업3
EHYJ,피엘라벤,e-영업3
EHYK,알뜨랑,e-영업4
EHYL,부라더,e-영업4
EHYN,루디스,e-영업4
EHYO,이스트스모크,e-영업4
EHYW,세라비,e-영업4
EHYY,지에스아이아웃도어,e-영업4
EHZ0,잔느 프로방스,e-영업4
EHZ3,웬즈데이오아시스,e-영업3
EHZ4,코렐,e-영업4
EHZ7,베셀,e-영업4
EHZB,자크뮈스,e-영업3
EHZI,이십칠와이,e-영업3
EHZJ,비지스,e-영업3
EHZK,메종 마르지엘라,e-영업3
EHZL,우영미,e-영업3
EHZP,파라점퍼스,e-영업3
EHZR,살로몬,e-영업4
EHZV,우영미,e-영업3
EHZY,살로몬,e-영업4
EHZZ,힐크릭,e-영업4
EI00,예루살렘샌들,e-영업3
EI01,캘빈클라인,e-영업3
EI02,라코스테,e-영업3
EI03,빅토리아 시크릿,e-영업3
EI04,휴고보스,e-영업3
EI05,타미 힐피거,e-영업3
EI06,엠포리오 아르마니,e-영업3
EI08,임페리얼 포슬린,e-영업4
EI0A,캘러웨이,e-영업4
EI0B,젝시오,e-영업4
EI0C,클리브랜드,e-영업4
EI0D,세인트나인,e-영업4
EI0E,스릭슨,e-영업4
EI0F,지브이투어,e-영업4
EI0G,마스터베어,e-영업4
EI0H,미즈노,e-영업4
EI0I,야마하,e-영업4
EI0J,테일러메이드,e-영업4
EI0K,에코,e-영업4
EI0L,핑,e-영업4
EI0N,브릿지스톤,e-영업4
EI0O,볼빅,e-영업4
EI0P,카타나,e-영업4
EI0Q,칼라미티제인,e-영업4
EI0R,야마모토,e-영업4
EI0T,페슈라,e-영업4
EI0U,레츠큐어,e-영업4
EI0V,피토힐,e-영업4
EI0W,피토씨,e-영업4
EI0X,클레아닉,e-영업4
EI0Y,소닉슬립,e-영업4
EI0Z,미미앤룰라,e-영업3
EI13,예티,e-영업3
EI14,수려한,e-영업4
EI17,미사키,e-영업3
EI18,아이에스컴퍼니,e-영업4
EI1A,메리메리,e-영업3
EI1C,꼴레지앙,e-영업3
EI1E,리우드,e-영업3
EI1H,티틀리,e-영업3
EI1J,콩제슬래드,e-영업3
EI1K,산토로런던,e-영업4
EI1L,앤그리앤시프,e-영업4
EI1Q,맥넷,e-영업4
EI1R,위시드,e-영업3
EI1S,플러스에스큐,e-영업3
EI1T,이앤씨,e-영업3
EI1U,코인코즈,e-영업3
EI1V,닥터탑,e-영업4
EI1W,메종 에르메스,e-영업4
EI1X,리스,e-영업4
EI1Y,레노마,e-영업3
EI1Z,세인스,e-영업3
EI20,네이티브 유니온,e-영업3
EI25,르무통,e-영업3
EI26,머렐,e-영업3
EI27,에스파이벗,e-영업3
EI28,피엘라벤,e-영업3
EI2A,오트리,e-영업3
EI2C,마크제이콥스,e-영업3
EI2E,살로몬,e-영업4
EI2H,가니,e-영업3
EI2I,지포어,e-영업3
EI2J,마크앤로나,e-영업3
EI2K,제이린드버그,e-영업3
EI2L,골프버디,e-영업4
EI2M,까스텔바작,e-영업4
EI2N,엑스페론,e-영업4
EI2O,엠유스포츠,e-영업4
EI2Q,휠라,e-영업4
EI2X,폴로 랄프로렌,e-영업3
EI2Y,판도라,e-영업3
EI36,비씨엘,e-영업4
EI39,하바,e-영업4
EI3J,폴러스터프,e-영업4
EI3M,청담스타일,e-영업4
EI3V,티에스샴푸,e-영업4
EI3Y,브루넬로 쿠치넬리,e-영업3
EI4A,무어레르,e-영업3
EI4C,앤슬리,e-영업4
EI4D,이세이미야케,e-영업3
EI4E,부붐,e-영업3
EI4K,준야와타나베,e-영업3
EI4U,스텐팟,e-영업4
EI4V,필더스,e-영업3
EI4X,어그,e-영업3
EI4Z,벨마네띠,e-영업3
EI51,부르조아,e-영업4
EI55,엘타엠디,e-영업4
EI5A,에르제이,e-영업4
EI5G,블루반,e-영업4
EI5H,피앤알,e-영업3
EI5J,써티파이브모먼트,e-영업4
EI5N,르메르,e-영업3
EI5P,디에프,e-영업4
EI5V,니어랩,e-영업4
EI5W,루니덕,e-영업3
EI5X,엠씨큐,e-영업3
EI5Y,스텔라맥카트니,e-영업3
EI5Z,몽클레어,e-영업3
EI60,제로스킨,e-영업4
EI6A,어그,e-영업3
EI6E,헤이우,e-영업3
EI6J,에르노,e-영업3
EI6K,닥터팁스,e-영업4
EI6L,나이키,e-영업3
EI6P,라이플페이퍼,e-영업3
EI6R,르 쁘띠 루카스 뒤 테르트르,e-영업3
EI6T,몽클레어,e-영업3
EI6X,아르떼펠레,e-영업4
EI7F,베리클로젯,e-영업3
EI7G,유잇,e-영업3
EI7H,알렉산더 맥퀸,e-영업3
EI7K,오트리,e-영업3
EI7L,아페쎄,e-영업3
EI7N,버버리,e-영업3
EI7O,보테가 베네타,e-영업3
EI7S,브루넬로 쿠치넬리,e-영업3
EI7T,발리,e-영업3
EI7W,씨피컴퍼니,e-영업3
EI7X,커먼 프로젝트,e-영업3
EI7Y,샤넬,e-영업3
EI8F,꼼데가르송,e-영업3
EI8G,디스퀘어드2,e-영업3
EI8I,디올,e-영업3
EI8J,드래곤 디퓨전,e-영업3
EI8M,페라가모,e-영업3
EI8N,페이스커넥션,e-영업3
EI91,야나기야,e-영업4
EI9A,에르노,e-영업3
EI9E,인코텍스,e-영업3
EI9G,이세이미야케,e-영업3
EI9S,몽클레어,e-영업3
EI9U,메종 키츠네,e-영업3
EI9V,메종 마르지엘라,e-영업3
EIA2,마르니,e-영업3
EIAA,오프화이트,e-영업3
EIAB,파라점퍼스,e-영업3
EIAC,프라다,e-영업3
EIAF,피티제로우노,e-영업3
EIAP,스톤아일랜드,e-영업3
EIAW,톰브라운,e-영업3
EIAZ,트라마로사,e-영업3
EIB7,비비안 웨스트우드,e-영업3
EIBF,문부츠,e-영업3
EIBG,안데르센 안데르센,e-영업3
EIBH,하울린,e-영업3
EIBI,코스타노바,e-영업4
EIBL,쉐누아파리,e-영업3
EIBN,우영미,e-영업3
EIBP,땡큐마더,e-영업4
EIBR,루이스미샤,e-영업3
EIBT,올리브레이디,e-영업3
EIBU,스테이크 챔프,e-영업4
EIBV,안드레아 까라노,e-영업3
EIBZ,피닉스,e-영업3
EIC0,오즈어그웨어,e-영업3
EIC3,미니쿄모,e-영업3
EIC5,튜튜드몽드,e-영업3
EIC6,조조팩토리,e-영업3
EIC7,그렉앤코,e-영업3
EICB,나나미카,e-영업3
EICF,브이비씨까사,e-영업4
EICG,에르노,e-영업3
EICH,험머,e-영업3
EICM,호텔도슨,e-영업4
EICQ,잠온,e-영업4
EICR,샤넬,e-영업3
EID3,테라누고,e-영업3
EID4,데이지크,e-영업4
EID5,리클레어,e-영업4
EID6,테르사,e-영업3
EIDA,드렁크 엘리펀트,e-영업4
EIDO,아넷사,e-영업4
EIDQ,아우구스티누스 바더,e-영업4
EIDX,코스메 데코르테,e-영업4
EIE3,투에이엔,e-영업4
EIE6,리한,e-영업4
EIE7,미우미우,e-영업4
EIEB,스마일리월드,e-영업3
EIEC,판도라,e-영업3
EIEE,아페쎄,e-영업3
EIEF,카시오,e-영업3
EIEL,오라리,e-영업3
EIEM,아식스,e-영업3
EIEN,엑스넬스,e-영업4
EIEP,라이즐,e-영업4
EIER,구이디,e-영업3
EIES,메종미하라야스히로,e-영업3
EIEV,라이더스 온더 스톰,e-영업3
EIEX,뷰리어스,e-영업4
EIEZ,르크루제,e-영업4
EIF1,고사리손,e-영업4
EIF2,베르티,e-영업4
EIF3,고사리숲,e-영업4
EIF4,에포나,e-영업4
EIF5,제주인디,e-영업4
EIF6,쿄쿄,e-영업4
EIF7,아리얼,e-영업4
EIFB,마틴발,e-영업3
EIFD,썬앤도터스,e-영업3
EIFE,르메르,e-영업3
EIFF,험블솔,e-영업3
EIFH,돈셰,e-영업3
EIFI,페페,e-영업3
EIFJ,홍홀,e-영업4
EIFK,휴고보스,e-영업4
EIFM,투다리,e-영업4
EIFN,을지깐깐,e-영업4
EIFQ,르니앤맥코이,e-영업4
EIFR,에뜨랑제,e-영업3
EIFU,라이프티,e-영업4
EIFX,애프터 라벨,e-영업3
EIG0,구찌,e-영업3
EIG1,스톤아일랜드,e-영업3
EIG2,버버리,e-영업3
EIG9,메종 마르지엘라,e-영업3
EIGB,꼼데가르송,e-영업3
EIGD,보테가 베네타,e-영업3
EIGI,페라가모,e-영업3
EIGJ,롱샴,e-영업3
EIGL,써니사이드업,e-영업4
EIGO,프레쉬파인드,e-영업4
EIH5,피엔풍년,e-영업4
EIH6,캐로스,e-영업4
EIHA,텐바이텐,e-영업3
EIHB,데우스 엑스 마키나,e-영업3
EIHC,에이아이라이더스,e-영업3
EIHJ,크로우캐년,e-영업4
EIHL,스타일지음,e-영업4
EIHP,쏘로사떼,e-영업3
EIHR,수아이레,e-영업4
EIHS,더롬브,e-영업4
EIHT,니씨드,e-영업4
EIHU,에코트렌드,e-영업4
EIHV,론체어,e-영업4
EIHW,노운베러,e-영업3
EII3,파인베이,e-영업4
EII4,론앤디마리,e-영업4
EII5,리피트_키친,e-영업4
EII7,바베,e-영업4
EII8,헬렌카민스키,e-영업3
EII9,질샌더,e-영업3
EIIA,비비안 웨스트우드,e-영업3
EIIB,아크로,e-영업4
EIIC,더프레스카랩,e-영업4
EIID,텐씨,e-영업3
EIIE,라누베,e-영업4
EIIG,드래곤 디퓨전,e-영업3
EIIH,이너플랏,e-영업4
EIIJ,하루브이,e-영업4
EIIM,씨피컴퍼니,e-영업3
EIIN,캘빈클라인,e-영업3
EIIO,노비스,e-영업3
EIIP,듀베티카,e-영업3
EIIQ,무스너클,e-영업3
EIIR,세인트제임스,e-영업3
EIIS,어그,e-영업3
EIIT,오즈웨어,e-영업3
EIIU,오프화이트,e-영업3
EIIY,트로엔토프,e-영업3
EIIZ,헬렌카민스키,e-영업3
EIJ0,오트리,e-영업3
EIJ1,락포트,e-영업3
EIJ2,리프로덕션 오브 파운드,e-영업3
EIJ3,헌터,e-영업3
EIJ4,캠퍼,e-영업3
EIJ6,닥터마틴,e-영업3
EIJ7,크리스탈 헤이즈,e-영업3
EIJ8,베어파우,e-영업3
EIJ9,알파인더스트리 바이 아더에러,e-영업3
EIJC,포터,e-영업3
EIJR,밀스,e-영업4
EIJS,헬렌카민스키,e-영업3
EIK2,룰루레몬,e-영업4
EIK3,알로요가,e-영업4
EIK4,잔스포츠,e-영업4
EIK5,라이프워크,e-영업3
EIK6,타이니코튼,e-영업3
EIK8,살롱핸즈,e-영업4
EIKA,칼하트,e-영업3
EIKB,라이프워크,e-영업3
EIKC,미민,e-영업3
EIKF,콜마,e-영업4
EILR,요시다 포터,e-영업3
EILS,더그린랩,e-영업3
EILW,오트리,e-영업3
EILX,마린세르,e-영업3
EIM0,노비타,e-영업4
EIM2,라르디니,e-영업3
EIM3,마칼루,e-영업4
EIM4,제이엠더블유,e-영업4
EIM5,아크테릭스,e-영업3
EIM7,로에일,e-영업3
EIM8,로에일,e-영업3
EIM9,사만사타바사,e-영업3
EIMB,마레몬떼,e-영업3
EIME,니베아,e-영업4
EIMF,에이디디,e-영업3
EIMG,에이아이라이더스,e-영업3
EIMN,제옥스 어패럴,e-영업3
EIMO,어그,e-영업3
EIMQ,에이디디,e-영업3
EIMR,듀베티카,e-영업3
EIMS,BASSO,e-영업3
EIMU,겔랑,e-영업4
EIMV,하울린,e-영업3
EIMW,판도라핏,e-영업3
EIMY,아르드포,e-영업4
EIMZ,예향,e-영업4
EIN0,아이차밍,e-영업4
EIN3,아웃도어프로덕츠,e-영업3
EIN4,에르메네질도 제냐,e-영업3
EIN7,러브캣,e-영업3
EIN9,발렌타인,e-영업3
EINA,인디우드,e-영업4
EINB,르샵,e-영업3
EINC,보니스팍스,e-영업3
EIND,클레망,e-영업3
EINJ,뷰티피플,e-영업4
EINK,엑스아이엑스,e-영업3
EINO,한일의료기,e-영업4
EINQ,일렉트로지,e-영업4
EINS,스포츠레디,e-영업4
EINT,삭샵,e-영업3
EINX,듀라핏,e-영업4
EIO0,랩,e-영업3
EIO3,아크테릭스,e-영업3
EIO4,스콧 해미쉬,e-영업4
EIO5,쏘베이스,e-영업4
EIO6,뷰망뜨,e-영업4
EIO8,브라운,e-영업3
EIO9,마린세르,e-영업3
EIOB,구이디,e-영업3
EIOD,루이스미샤,e-영업3
EIOE,봉쁘앙,e-영업3
EIOF,두노,e-영업3
EIOG,에이디디,e-영업3
EIOH,에이아이라이더스,e-영업3
EIOI,나이젤 카본,e-영업3
EIOJ,피레넥스,e-영업3
EIOK,에르노,e-영업3
EIOL,캘러웨이,e-영업3
EIOP,스위스밀리터리,e-영업4
EIOQ,크로우캐년,e-영업4
EIOS,반스,e-영업3
EIOW,해피바스,e-영업4
EIOZ,스투시,e-영업3
EIP0,노스페이스,e-영업3
EIP1,그라미치,e-영업3
EIP2,꼼데가르송,e-영업3
EIP3,호카오네오네,e-영업3
EIP4,람브레타,e-영업4
EIP5,랩,e-영업3
EIP6,나나미카,e-영업3
EIP7,두노,e-영업3
EIP8,베일런스,e-영업3
EIPB,모스키노,e-영업3
EIPG,비뮤즈맨션,e-영업3
EIPH,어그,e-영업3
EIPI,캐나다구스,e-영업3
EIPJ,몽벨,e-영업3
EIPK,케이투,e-영업4
EIPL,레인메이커,e-영업4
EIPM,어몽,e-영업3
EIPN,콤 스튜디오,e-영업3
EIPO,패트치,e-영업4
EIPS,그린펌프,e-영업4
EIPU,발리,e-영업3
EIPV,마이클 코어스,e-영업3
EIPW,메종 키츠네,e-영업3
EIPZ,알렉산더 맥퀸,e-영업3
EIQ0,어그,e-영업3
EIQ2,인콘트로,e-영업4
EIQ3,제코,e-영업4
EIQ4,스파이더,e-영업4
EIQ6,킵,e-영업4
EIQB,스튜디오나인,e-영업3
EIQD,로우알파인,e-영업4
EIQE,우영미,e-영업3
EIQG,오트리,e-영업3
EIQK,덴티스테,e-영업4
EIQL,재영코리아리빙,e-영업4
EIQM,킷캣클락,e-영업4
EIQN,대원제약,e-영업4
EIQR,아페쎄,e-영업3
EIQV,보테가 베네타,e-영업3
EIR6,구찌,e-영업3
EIRC,메종 마르지엘라,e-영업3
EIRE,미우미우,e-영업3
EIS1,메종 키츠네,e-영업3
EIS3,아미,e-영업3
EIS7,가니,e-영업3
EISA,입생로랑,e-영업4
EISB,키엘,e-영업4
EISC,에스티로더,e-영업4
EISD,케라스타즈,e-영업4
EISE,슈에무라,e-영업4
EISF,랑콤,e-영업4
EISG,비오템 옴므,e-영업4
EISH,클라란스,e-영업4
EISI,에스케이투,e-영업4
EISK,바비브라운,e-영업4
EISL,구찌,e-영업4
EISM,조르지오 아르마니,e-영업4
EISN,디올,e-영업4
EISO,록시땅,e-영업4
EISP,로라메르시에,e-영업4
EISQ,겔랑,e-영업4
EISR,조말론,e-영업4
EIST,클라우스,e-영업4
EISU,위티코코,e-영업4
EISV,보이스캐디,e-영업4
EISX,남조쉬,e-영업3
EISY,아워 레가시,e-영업3
EISZ,씨피컴퍼니,e-영업3
EIT0,뉴발란스,e-영업3
EIT2,르니앤맥코이,e-영업3
EIT4,까사니,e-영업4
EIT5,인테리어스,e-영업4
EIT6,바겐슈타이거,e-영업4
EIT8,하울린,e-영업3
EIT9,센텔리안24,e-영업4
EITD,스타우브,e-영업4
EITE,웰싱,e-영업4
EITG,끌로에,e-영업4
EITH,뉴발란스,e-영업3
EITI,엘라스틴,e-영업4
EITJ,언에디트,e-영업3
EITK,시슬리,e-영업4
EITM,프리바토우,e-영업4
EITO,라비오캄,e-영업3
EITQ,테포레,e-영업3
EITR,메리쿱,e-영업3
EITU,닥터올가,e-영업4
EITX,유리프,e-영업4
EITZ,주식회사 티오엔,e-영업4
EIU0,비지트 인 뉴욕,e-영업3
EIU1,비지트 인 뉴욕_이월,e-영업3
EIU2,와이잭,e-영업3
EIU3,브루클린 뮤지엄,e-영업3
EIU4,헬렌카민스키,e-영업3
EIUE,안데르센 안데르센,e-영업3
EIUG,버버리,e-영업3
EIUH,셀린느,e-영업3
EIUI,구찌,e-영업3
EIUJ,프라다,e-영업3
EIUY,에르네스,e-영업4
EIV0,아크테릭스,e-영업3
EIV1,크로스엑스,e-영업4
EIV5,샹테카이,e-영업4
EIV6,크리니크,e-영업4
EIVA,꾸버스,e-영업4
EIVC,구찌,e-영업3
EIVD,한국표준금거래소(순금),e-영업3
EIVK,리프로덕션 오브 파운드,e-영업3
EIVL,로바,e-영업3
EIVM,버프,e-영업3
EIVO,도넛,e-영업3
EIVP,캘러웨이,e-영업3
EIVQ,보테가 베네타,e-영업3
EIVR,챈세스노이,e-영업3
EIVS,뉴에라,e-영업3
EIWE,엘리고랩스,e-영업3
EIWL,필립플레인,e-영업3
EIWS,프라다,e-영업3
EIWT,코드26,e-영업4
EIWU,헤즈로,e-영업4
EIWV,코드리빙,e-영업4
EIWW,피레티,e-영업4
EIWX,베르판,e-영업4
EIWZ,엘엠,e-영업4
EIX2,오트리,e-영업3
EIX5,시세이도,e-영업4
EIX6,멀멀,e-영업3
EIX8,지방시,e-영업4
EIXA,빨질레리,e-영업3
EIXH,리,e-영업3
EIYC,조지스피리츠,e-영업4
EIYH,티오유,e-영업3
EIYI,하스,e-영업3
EIYN,모룬,e-영업3
EIYO,마제스티,e-영업4
EIYQ,버버리,e-영업3
EIYR,프라다,e-영업3
EIYS,웰크론,e-영업4
EIYT,리프로덕션 오브 파운드,e-영업3
EIYU,아쉬,e-영업3
EIYV,지프,e-영업3
EIYW,캘빈클라인퍼포먼스,e-영업3
EIYX,지오스피릿,e-영업3
EIYZ,풀다,e-영업3
EIZ1,비비안,e-영업3
EIZ2,오트리,e-영업3
EIZ3,데렉램,e-영업3
EIZ4,에이디디,e-영업3
EIZ5,엘비엘,e-영업3
EIZ6,네파,e-영업4
EIZ8,네파,e-영업4
EIZ9,바이브리짓,e-영업3
EIZB,뎁플러스,e-영업3
EIZC,이앤씨,e-영업3
EIZD,제인송,e-영업3
EIZE,갭,e-영업3
EIZF,로던,e-영업3
EIZG,조르쥬레쉬,e-영업3
EIZH,텐업,e-영업3
EIZJ,가이거,e-영업3
EIZK,사만사타바사,e-영업3
EIZL,화이트샌즈,e-영업3
EIZQ,엘르헤어,e-영업3
EIZR,메이크업포에버,e-영업4
EIZS,나인식스뉴욕,e-영업3
EJ01,로레타,e-영업4
EJ09,에이컨,e-영업3
EJ0C,샤카웨어,e-영업4
EJ0E,노스페이스,e-영업3
EJ0F,레드페이스,e-영업4
EJ0G,까사베르데,e-영업3
EJ0I,멀버리,e-영업3
EJ0L,바오바오,e-영업3
EJ0O,퀸스타일,e-영업3
EJ0R,젤리캣,e-영업3
EJ0S,비앤비골드_순금,e-영업3
EJ0T,고요,e-영업3
EJ0U,게스,e-영업3
EJ0V,울시,e-영업3
EJ14,와코도,e-영업4
EJ1A,모아캠핑,e-영업4
EJ1B,툴콘,e-영업4
EJ1D,플레이블,e-영업4
EJ1F,시다스,e-영업4
EJ1G,모스키노,e-영업3
EJ1H,나나미카,e-영업3
EJ1J,파작,e-영업4
EJ1K,그래니트기어,e-영업4
EJ1L,썬컴퍼니,e-영업4
EJ1M,에버뉴,e-영업4
EJ1N,키이스,e-영업4
EJ1O,익스트리미티즈,e-영업4
EJ1Q,텐씨,e-영업3
EJ1R,셀린느,e-영업3
EJ21,셀린느,e-영업3
EJ22,이머전시 스튜디오,e-영업3
EJ23,프론투라인,e-영업3
EJ24,위그로우,e-영업4
EJ29,팀버랜드,e-영업4
EJ2C,안데르센 안데르센,e-영업3
EJ2E,토요토미,e-영업4
EJ2F,테라노바,e-영업4
EJ2I,스텔라맥카트니,e-영업3
EJ2M,아크테릭스,e-영업3
EJ2N,켈러웨이,e-영업3
EJ2O,수부,e-영업3
EJ2P,팩세이프,e-영업3
EJ2Q,랩,e-영업3
EJ2S,나나미카,e-영업3
EJ2T,수부,e-영업3
EJ2U,미세스마이어스,e-영업4
EJ2V,텐씨,e-영업3
EJ2Y,라플리,e-영업3
EJ37,모던하임,e-영업4
EJ3A,몬테라,e-영업4
EJ3B,콜핑,e-영업4
EJ3D,블루폴,e-영업4
EJ3E,프로스펙스,e-영업3
EJ3L,오스본가구,e-영업4
EJ3M,모라나이프,e-영업4
EJ3N,트란지아,e-영업4
EJ3Q,브린제,e-영업4
EJ3S,노마드,e-영업4
EJ3T,나로,e-영업3
EJ3U,레노마,e-영업3
EJ3V,제로라운지,e-영업3
EJ3W,드로게리아 크리베리니,e-영업3
EJ3X,에르노,e-영업3
EJ3Y,럼블롤러,e-영업3
EJ40,미다,e-영업4
EJ41,마티스파리,e-영업4
EJ42,생 로랑,e-영업3
EJ43,라씨엘르,e-영업4
EJ45,샤넬,e-영업4
EJ46,시슬리,e-영업4
EJ48,로켓런치,e-영업3
EJ4B,토템,e-영업3
EJ4C,스튜디오 니콜슨,e-영업3
EJ4D,비즈빔,e-영업3
EJ4E,우영미,e-영업3
EJ4F,턴업,e-영업4
EJ50,어몽,e-영업3
EJ52,오이엘,e-영업3
EJ64,메종키츠네,e-영업3
EJ70,에스까다,e-영업4
EJ75,매너그램,e-영업3
EJ77,라미네즈,e-영업3
EJ79,레노마,e-영업3
EJ81,윌슨,e-영업3
EJ93,앤와이코튼클럽,e-영업3
EJ95,멧앤멜,e-영업3
EJ96,마마스크,e-영업3
EJ97,로에베,e-영업3
EJT8,이지갭,e-영업3
EJT9,세인트앤드류스,e-영업4
EJTA,베이-비,e-영업3
EJTD,에르메스,e-영업3
EJTF,삼성,e-영업4
EJTG,벨레다,e-영업4
EJTO,르샵,e-영업3
EJTP,보니스팍스,e-영업3
EJTQ,더레노마,e-영업3
EJTR,디젤,e-영업3
EJTT,소니,e-영업4
EJU6,린나이,e-영업4
EJUC,파나소닉,e-영업4
EJUP,캐논,e-영업4
EJUZ,니콘,e-영업4
EJVF,삼성전자,e-영업4
EJXA,어베이브,e-영업4
EJXK,카시야,e-영업4
EJY1,삼성전자,e-영업4
EJY2,삼성전자,e-영업3
EJY3,삼성전자,e-영업4
EJYC,알라이아,e-영업3
EJYG,코렐,e-영업4
EJYH,라헨느,e-영업3
EJYI,비타그램,e-영업4
EJYJ,슈미트,e-영업4
EJYK,이탈리아 1969,e-영업4
EJYL,드로게리아 크리베리니,e-영업3
EJYN,플랜40,e-영업4
EJYO,와릿이즌,e-영업3
EJYP,삼성전자,e-영업4
EJYR,아디다스(스포츠),e-영업3
EJYT,나이키(스포츠),e-영업3
EJZ0,스투시,e-영업3
EJZ4,워터프론트,e-영업3
EJZ5,타임앤러버,e-영업3
EJZ6,스위브,e-영업3
EJZL,구이디,e-영업3
EJZN,헤레우,e-영업3
EJZW,한국삼,e-영업4
EJZX,정관장,e-영업4
EJZY,천호엔케어,e-영업4
EJZZ,대원제약,e-영업4
EK00,지알엔,e-영업4
EK01,어반드레스,e-영업3
EK0A,보령,e-영업4
EK0B,동의삼,e-영업4
EK0C,광동제약,e-영업4
EK0D,래오이경제,e-영업4
EK0E,김소형원장,e-영업4
EK0F,젬소,e-영업4
EK0G,이브 살로몬,e-영업3
EK0I,캐나다구스,e-영업3
EK0K,웨스트우드,e-영업4
EK0L,바라쿠타,e-영업3
EK0O,에르노,e-영업3
EK0Q,바톤 페레이라,e-영업3
EK0S,드비저리,e-영업4
EK0X,올지,e-영업3
EK0Y,샤이선,e-영업3
EK0Z,매드고트,e-영업3
EK13,골든구스,e-영업3
EK1A,아베오,e-영업3
EK1B,베어트랩스,e-영업3
EK1G,헤어버스트,e-영업4
EK1I,장듀보,e-영업4
EK1J,엘엔씨스텐달,e-영업4
EK1M,파세코,e-영업4
EK1V,에센셜-피어오브갓,e-영업3
EK2B,브루노말리,e-영업3
EK2C,살레와,e-영업4
EK2D,트리메르,e-영업4
EK2F,문씰,e-영업4
EK2G,가니,e-영업3
EK2H,레인보우볼,e-영업3
EK2J,프리업,e-영업4
EK2L,셀리그램,e-영업4
EK2M,웨스트우드,e-영업4
EK2N,에이비씨마트,e-영업3
EK2O,브루넬로 쿠치넬리,e-영업3
EK2P,리프로덕션 오브 파운드,e-영업3
EK2Q,부쉬넬,e-영업4
EK2R,피엑스지클럽,e-영업4
EK2S,디젤,e-영업3
EK2T,키지마 타카유키,e-영업3
EK2U,블랙야크,e-영업4
EK2V,쿤타,e-영업4
EK2W,블랙킹,e-영업4
EK2X,바이칼,e-영업4
EK2Y,지맥스,e-영업4
EK2Z,피앤케이,e-영업4
EK3A,미즈노,e-영업3
EK3B,NEPA.,e-영업4
EK3C,포트메리온,e-영업4
EK3H,큐가든,e-영업4
EK3J,엠씨엔스포츠,e-영업4
EK3K,엠씨엔핏,e-영업4
EK3L,메세나,e-영업4
EK3N,드래곤 디퓨전,e-영업3
EK3O,르니앤맥코이,e-영업4
EK3P,르미에캔들,e-영업4
EK3V,더코이즈,e-영업4
EK3W,더마펌,e-영업4
EK3X,지노리 1735,e-영업4
EK3Y,하디르,e-영업4
EK4A,살로몬,e-영업3
EK4B,발리,e-영업3
EK4C,아페쎄,e-영업3
EK4D,드래곤 디퓨전,e-영업3
EK4F,아크네 스튜디오,e-영업3
EK4I,아미,e-영업3
EK4S,칼하트 윕,e-영업3
EK4V,샤넬,e-영업3
EK4W,끌로에,e-영업3
EK4Z,꼼데가르송,e-영업3
EK5C,씨피컴퍼니,e-영업3
EK5N,페라가모,e-영업3
EK5P,가니,e-영업3
EK5S,구찌,e-영업3
EK5V,에르메스,e-영업3
EK5Y,이자벨 마랑,e-영업3
EK6E,르메르,e-영업3
EK6G,롱샴,e-영업3
EK6H,로로피아나,e-영업3
EK6J,메종 키츠네,e-영업3
EK6P,미우미우,e-영업3
EK6Q,몽클레어,e-영업3
EK6Y,프라다,e-영업3
EK74,주에로,e-영업3
EK75,아노블리어,e-영업3
EK77,소곤소곤,e-영업3
EK78,그래핀텍스,e-영업4
EK79,아모레퍼시픽,e-영업4
EK7F,스톤아일랜드,e-영업3
EK7G,스투시,e-영업3
EK7H,톰브라운,e-영업3
EK7L,발렌티노 가라바니,e-영업3
EK7O,비비안 웨스트우드,e-영업3
EK7V,데우스 엑스 마키나,e-영업3
EK7W,베이비블리,e-영업3
EK7X,컴퍼델,e-영업4
EK80,르메르,e-영업3
EK85,뱅앤올룹슨,e-영업4
EK86,헹켈,e-영업4
EK87,스타우브,e-영업4
EK88,휘슬러,e-영업4
EK8E,캘러웨이,e-영업4
EK8F,파타고니아,e-영업3
EK8G,데카,e-영업3
EK8H,보니스팍스,e-영업3
EK8J,엠씨엔피싱,e-영업4
EK8L,볼빅,e-영업4
EK8M,핑,e-영업4
EK8N,테일러메이드,e-영업4
EK8O,보테가 베네타,e-영업3
EK8P,생로랑,e-영업3
EK8Q,톰브라운,e-영업3
EK8R,씨피컴퍼니,e-영업3
EK8S,비비안웨스트우드,e-영업3
EK8T,발렌티노,e-영업3
EK8V,토리버치,e-영업3
EK8W,버버리,e-영업3
EK8X,디스퀘어드2,e-영업3
EK8Z,스톤아일랜드,e-영업3
EK90,옥소,e-영업4
EK91,코렐,e-영업4
EK93,아쿠아드폴리,e-영업4
EK95,리하스,e-영업4
EK96,로하셀,e-영업4
EK99,선데이디스코클럽,e-영업3
EK9A,톰포드,e-영업3
EK9G,샤넬,e-영업3
EK9H,메종 키츠네,e-영업3
EK9I,닐바렛,e-영업3
EK9M,쥬세페자노티,e-영업3
EK9N,아미,e-영업3
EK9P,셀린느,e-영업3
EK9R,발렌시아가,e-영업3
EK9S,겐조,e-영업3
EK9X,메종 마르지엘라,e-영업3
EKA5,골든구스,e-영업3
EKA7,아페쎄,e-영업3
EKA8,쟈딕앤볼테르,e-영업3
EKAA,제이린드버그,e-영업3
EKAD,페라가모,e-영업3
EKAE,알렉산더맥퀸,e-영업3
EKAH,에르메스,e-영업3
EKAN,크롬하츠,e-영업3
EKAO,지포어,e-영업3
EKAV,토즈,e-영업3
EKAW,롱샴,e-영업3
EKB2,폰드그룹,e-영업3
EKB3,모스키노,e-영업3
EKB5,드로게리아 크리베리니,e-영업3
EKB6,캐나다구스,e-영업3
EKB7,키지마 타카유키,e-영업3
EKB8,이브 살로몬,e-영업3
EKB9,에스티로더,e-영업4
EKBA,로레알파리,e-영업4
EKBB,스케쳐스,e-영업3
EKBF,베리메이,e-영업3
EKBG,월튼,e-영업3
EKBH,마리앤모리,e-영업3
EKBI,프렌치불,e-영업4
EKBJ,오트리,e-영업3
EKBK,드래곤 디퓨전,e-영업3
EKBM,시세이도 프로페셔널,e-영업4
EKBN,톰브라운,e-영업3
EKBO,메종 마르지엘라,e-영업3
EKBP,아미,e-영업3
EKBQ,메종미하라야스히로,e-영업3
EKBR,오트리,e-영업3
EKBS,비비안 웨스트우드,e-영업3
EKBT,엠엠6,e-영업3
EKBU,미우미우,e-영업3
EKBV,스톤아일랜드,e-영업3
EKBX,르메르,e-영업3
EKBY,아워 레가시,e-영업3
EKBZ,마르니,e-영업3
EKC1,프라다,e-영업3
EKC3,오라리,e-영업3
EKC4,파라점퍼스,e-영업3
EKC7,몽클레어,e-영업3
EKC8,메종 키츠네,e-영업3
EKC9,디젤,e-영업3
EKCA,보테가 베네타,e-영업3
EKCB,우영미,e-영업3
EKCD,발렌티노,e-영업3
EKCH,지포어,e-영업3
EKCK,타이틀리스트,e-영업4
EKCL,올리버앤카일,e-영업3
EKCO,시스티나,e-영업3
EKCS,파고,e-영업3
EKCT,케이스위스,e-영업3
EKCU,마쟈,e-영업3
EKCV,소렐,e-영업3
EKCW,애프터라벨,e-영업3
EKCX,플로스,e-영업4
EKCY,아르떼미데,e-영업4
EKCZ,에이티피코,e-영업3
EKD0,시스티나,e-영업3
EKD1,본,e-영업3
EKD2,타이틀리스트,e-영업4
EKD8,나이키(스포츠),e-영업4
EKDD,칼하트(스포츠),e-영업3
EKDF,팔라디움,e-영업4
EKDJ,베네피트,e-영업4
EKDK,비오템 옴므,e-영업4
EKDL,에스티로더,e-영업4
EKDM,로라메르시에,e-영업4
EKDN,맥,e-영업4
EKDO,나스,e-영업4
EKDQ,리던,e-영업3
EKDR,안데르센 안데르센,e-영업3
EKDS,두눈,e-영업4
EKDU,카스코,e-영업4
EKDV,스릭슨,e-영업4
EKE1,피알지알,e-영업4
EKE2,말본,e-영업4
EKE3,마제스티,e-영업4
EKE4,살로몬,e-영업3
EKE5,우영미,e-영업3
EKE7,스테이씨,e-영업3
EKE8,꾸레쥬,e-영업3
EKEA,크로리치,e-영업4
EKEC,앵글포이즈,e-영업4
EKED,제라,e-영업4
EKEG,골든구스,e-영업3
EKEH,구찌,e-영업3
EKEL,노비스,e-영업3
EKEN,디스퀘어드2,e-영업3
EKEW,메종 키츠네,e-영업3
EKF1,발렌시아가,e-영업3
EKF2,발렌티노,e-영업3
EKF3,발리,e-영업3
EKF5,버버리,e-영업3
EKF8,비비안웨스트우드,e-영업3
EKF9,살로몬,e-영업3
EKFA,생로랑,e-영업3
EKFD,스톤아일랜드,e-영업3
EKFE,씨피컴퍼니,e-영업3
EKFG,아미,e-영업3
EKFI,아크네 스튜디오,e-영업3
EKFJ,아페쎄,e-영업3
EKFK,안데르센 안데르센,e-영업3
EKFM,알릭스,e-영업3
EKFO,에르노,e-영업3
EKFP,엠에스지엠,e-영업3
EKFQ,오트리,e-영업3
EKFS,와이쓰리,e-영업3
EKFU,이자벨 마랑,e-영업3
EKFX,제이린드버그,e-영업3
EKG2,커먼 프로젝트,e-영업3
EKG3,크리스탈 헤이즈,e-영업3
EKG4,토즈,e-영업3
EKG5,톰브라운,e-영업3
EKG7,페라가모,e-영업3
EKG8,폴로 랄프로렌,e-영업3
EKGE,스톤아일랜드,e-영업3
EKGG,혼마,e-영업4
EKGI,캘러웨이,e-영업4
EKGJ,부루앤쥬디,e-영업3
EKGK,젝시오,e-영업4
EKGR,마와,e-영업3
EKGT,도이터,e-영업4
EKGU,테일러메이드,e-영업4
EKGV,잇츠스킨,e-영업4
EKGX,몬스터 파워,e-영업4
EKGY,모니카비나더,e-영업3
EKGZ,아워 레가시,e-영업3
EKH0,아티스티나,e-영업4
EKH1,제이디엑스,e-영업4
EKH2,리빙인도무스,e-영업4
EKH3,나이젤 카본,e-영업3
EKH4,브이티코스메틱,e-영업4
EKH6,오트리,e-영업3
EKH7,할리오브스코틀랜드,e-영업3
EKHB,옴므플리세 이세이미야케,e-영업3
EKHC,미즈노,e-영업4
EKHD,풋조이,e-영업4
EKHE,페넬로페베드룸,e-영업4
EKHG,볼빅,e-영업4
EKHH,타이틀리스트,e-영업4
EKHI,기타,e-영업4
EKHJ,던롭,e-영업4
EKHK,스릭슨,e-영업4
EKHM,마루망,e-영업4
EKHO,미즈노,e-영업4
EKHQ,아디다스,e-영업4
EKHR,테일러메이드,e-영업4
EKHT,풋조이,e-영업4
EKHZ,혜인담,e-영업4
EKI0,비욘드오리진,e-영업4
EKI1,셀트리온스킨큐어,e-영업4
EKI4,보뚜,e-영업4
EKI5,해피콜,e-영업4
EKI6,스타우브,e-영업4
EKI7,쉬젤,e-영업4
EKI8,리빙아트,e-영업4
EKI9,노르디쿡,e-영업4
EKIA,로얄튜더,e-영업4
EKIB,코아,e-영업4
EKIC,테지움,e-영업4
EKID,코리아나,e-영업4
EKIE,황후지화,e-영업4
EKIF,천의삼,e-영업4
EKIG,코오롱제약,e-영업4
EKIH,아이제나흐,e-영업4
EKIJ,니치크,e-영업4
EKIK,샤크,e-영업4
EKIQ,셀프포트레이트,e-영업3
EKIU,인터파크큐브릿지,e-영업4
EKIZ,라미,e-영업4
EKK7,펜마스터,e-영업4
EKKB,에뜨와,e-영업3
EKKE,지지피엑스,e-영업3
EKKF,바디프롬,e-영업4
EKKG,푸마,e-영업4
EKKH,캘빈클라인퍼포먼스,e-영업4
EKKI,아다바트,e-영업4
EKKJ,디케이엔와이,e-영업4
EKKK,제이린드버그,e-영업4
EKKM,버커루,e-영업3
EKKO,쥬시꾸뛰르,e-영업4
EKKP,아리프,e-영업4
EKKQ,아이워너,e-영업4
EKKR,프로이스,e-영업4
EKKS,넷플레이즈,e-영업4
EKKT,오메비,e-영업4
EKKU,라라애플,e-영업4
EKKV,프로스펙스,e-영업4
EKKW,아워 레가시,e-영업3
EKL0,페블펫,e-영업4
EKL2,타이틀리스트,e-영업4
EKL3,도씨,e-영업3
EKL5,키텐실,e-영업4
EKL6,놋담,e-영업4
EKL7,오보즈,e-영업4
EKL9,웨일테일,e-영업4
EKLA,한샘,e-영업4
EKLB,비히디,e-영업4
EKLD,토템,e-영업3
EKLE,투에이엔,e-영업4
EKLG,콘에어,e-영업4
EKLH,몽블랑,e-영업3
EKLI,디젤,e-영업3
EKLM,테팔,e-영업4
EKLN,스마트카라,e-영업4
EKLO,바비리스,e-영업4
EKLP,비달사순,e-영업4
EKLQ,락앤락,e-영업4
EKLR,피네플리츠,e-영업3
EKLS,헌터,e-영업3
EKLT,니베아,e-영업4
EKLU,갸스비,e-영업4
EKLX,푸드어홀릭,e-영업4
EKM0,스케쳐스,e-영업4
EKM2,엘렌실라,e-영업4
EKM3,뱅네프 생토노레,e-영업4
EKM5,라반데리나,e-영업4
EKM6,캐모마일블루,e-영업4
EKM7,존바바토스,e-영업4
EKM9,젝시오,e-영업4
EKMA,브루클린웍스 어패럴,e-영업4
EKMJ,지방시,e-영업4
EKML,하이뮨,e-영업4
EKMN,닥터로하스,e-영업4
EKMP,세인트나인,e-영업4
EKMQ,정가진,e-영업4
EKMR,보그너,e-영업3
EKMT,이노타임,e-영업4
EKN3,우영미,e-영업3
EKN6,어그,e-영업3
EKNA,스투시,e-영업3
EKNG,아미,e-영업3
EKNJ,아식스,e-영업3
EKNP,버버리,e-영업3
EKNR,셀린느,e-영업3
EKNX,씨피 컴퍼니,e-영업3
EKO1,드래곤 디퓨전,e-영업3
EKO2,디스퀘어드2,e-영업3
EKO3,피어오브갓,e-영업3
EKOA,골든구스,e-영업3
EKOE,제이린드버그,e-영업3
EKOH,조슈아 샌더스,e-영업3
EKOJ,겐조,e-영업3
EKOK,클라터뮤젠,e-영업3
EKOL,랑방,e-영업3
EKOP,마크앤로나,e-영업3
EKOQ,메종 마르지엘라,e-영업3
EKOS,몽클레어,e-영업3
EKOZ,오프화이트,e-영업3
EKP0,아워 레가시,e-영업3
EKP3,프라다,e-영업3
EKPA,스포티앤리치,e-영업3
EKPE,톰브라운,e-영업3
EKPH,발렌티노,e-영업3
EKPI,발렉스트라,e-영업3
EKPJ,베트멍,e-영업3
EKPT,마켓비,e-영업4
EKPU,블루다이아몬드,e-영업4
EKPV,팔켄포젤란,e-영업4
EKPW,아쿠,e-영업4
EKPX,리베로,e-영업4
EKQ1,피알지알,e-영업4
EKQ2,미즈노,e-영업4
EKQ4,베르데마르,e-영업3
EKQ5,우영미,e-영업3
EKQ6,무라이,e-영업3
EKQ9,심플로그,e-영업4
EKQA,닥터마틴,e-영업3
EKQB,알도,e-영업3
EKQC,세일레이싱,e-영업4
EKQD,타미힐피거,e-영업3
EKQF,체이싱레빗,e-영업4
EKQG,딕셔니스트,e-영업4
EKQI,스톤아일랜드,e-영업3
EKQK,버버리,e-영업3
EKQL,보테가 베네타,e-영업3
EKQM,톰브라운,e-영업3
EKQN,펜디,e-영업3
EKQQ,발렌티노,e-영업3
EKQR,톰포드,e-영업3
EKQS,폴스미스,e-영업3
EKQT,씨피컴퍼니,e-영업3
EKQU,골든구스,e-영업3
EKQX,끌로에,e-영업3
EKQY,생로랑,e-영업3
EKQZ,프라다,e-영업3
EKR0,메종 마르지엘라,e-영업3
EKR4,미하라야스히로,e-영업3
EKR6,아페세,e-영업3
EKR9,에르노,e-영업3
EKRD,메종키츠네,e-영업3
EKRG,아미,e-영업3
EKRK,베르사체,e-영업3
EKRM,토즈,e-영업3
EKRP,발리,e-영업3
EKRS,무스너클,e-영업3
EKRV,비비안 웨스트우드,e-영업3
EKS3,주세페자노티,e-영업3
EKS4,엠에스지엠,e-영업3
EKS5,우포스,e-영업3
EKT2,자크뮈스,e-영업3
EKT8,오트리,e-영업3
EKTD,아워레가시,e-영업3
EKTK,부테로,e-영업3
EKTN,아식스,e-영업3
EKVM,디젤,e-영업3
EKVN,클라우드살몬,e-영업4
EKVP,보에즈,e-영업3
EKVQ,엠에스지엠,e-영업3
EKVR,수아비스,e-영업4
EKVV,엠에스지엠,e-영업3
EKVX,엠에스지엠,e-영업3
EKVY,로사케이,e-영업3
EKVZ,오스프리,e-영업4
EKW2,하우즈,e-영업4
EKW3,에코,e-영업4
EKW4,텐씨,e-영업3
EKW5,구스앤홈,e-영업4
EKW8,락포트,e-영업3
EKW9,크로커다일,e-영업3
EKWA,세인트스코트,e-영업3
EKWE,로저 비비에,e-영업3
EKWF,노스페이스,e-영업3
EKWG,흐꺙,e-영업3
EKWI,스파이더,e-영업4
EKWJ,롤랑가로스,e-영업4
EKWO,하이네,e-영업3
EKWQ,끌로에,e-영업3
EKWR,래쉬,e-영업3
EKWS,수잔 카프만,e-영업4
EKWV,젤리캣,e-영업3
EKWW,코닥 캐리어,e-영업3
EKWX,샤를드로앙,e-영업3
EKWY,키녹스,e-영업4
EKX1,로바,e-영업3
EKX2,퓨어리랩,e-영업4
EKX4,에스틸로,e-영업4
EKX5,아디다스,e-영업4
EKX6,윌슨,e-영업4
EKX9,이엑스알,e-영업4
EKXA,에버라스트,e-영업4
EKXB,토트넘 홋스퍼,e-영업4
EKXD,미즈노,e-영업4
EKXE,엠에스지엠,e-영업3
EKXG,제이더블유앤더슨,e-영업3
EKXO,온 러닝,e-영업3
EKXQ,디타,e-영업3
EKXR,리던,e-영업3
EKXT,레드윙,e-영업3
EKY4,렉토,e-영업3
EKY9,단톤,e-영업3
EKYP,뷰어 에끌렛,e-영업3
EKYQ,오덴세,e-영업4
EKYS,시다스,e-영업3
EKYU,올리,e-영업4
EKZ0,토토헤로스,e-영업3
EKZ1,네버마인드올,e-영업4
EKZ2,캐디톡,e-영업4
EKZ3,요넥스,e-영업4
EKZ4,드라마,e-영업4
EKZ5,쟝블랑,e-영업4
EKZ9,할리오브스코틀랜드,e-영업3
EKZA,에메필,e-영업3
EKZD,캘빈클라인,e-영업3
EKZE,알레르망,e-영업4
EKZF,쿠쿠,e-영업4
EKZG,드래곤 디퓨전,e-영업3
EKZI,세인트제임스,e-영업3
EKZK,미밍코,e-영업4
EKZM,푸마,e-영업4
EKZN,밀레,e-영업4
EKZO,클린켄틴,e-영업4
EKZR,유닛,e-영업3
EKZT,아르마니,e-영업3
EKZU,보테가 베네타,e-영업3
EKZV,프라다,e-영업3
EKZW,꾸레쥬,e-영업3
EKZX,메종 마르지엘라,e-영업3
EKZY,톰브라운,e-영업3
EKZZ,비비안웨스트우드,e-영업3
EL00,니씨프레스,e-영업3
EL03,아코스튜디오스페이스,e-영업3
EL05,아더월들리,e-영업3
EL07,안스엉클,e-영업3
EL0A,토리버치,e-영업3
EL0B,토즈,e-영업3
EL0C,씨피컴퍼니,e-영업3
EL0D,발리,e-영업3
EL0E,파라점퍼스,e-영업3
EL0F,무스너클,e-영업3
EL0G,페라가모,e-영업3
EL0H,발렌티노,e-영업3
EL0I,아페쎄,e-영업3
EL0L,버버리,e-영업3
EL0M,알렉산더왕,e-영업3
EL0N,아미,e-영업3
EL0O,어그,e-영업3
EL0P,베르사체,e-영업3
EL0X,스톤아일랜드,e-영업3
EL10,골드빛,e-영업3
EL12,테스트브랜드24,e-영업3
EL13,닥터마틴,e-영업3
EL15,타미힐피거,e-영업3
EL16,라코스테,e-영업3
EL1B,끌로에,e-영업3
EL1C,롱샴,e-영업3
EL1E,메종 키츠네,e-영업3
EL1H,꼼데가르송,e-영업3
EL1S,르메르,e-영업3
EL1V,써코니,e-영업4
EL1X,마르니,e-영업3
EL20,올리비아데코,e-영업4
EL21,이즈미,e-영업4
EL22,씨엘코코,e-영업4
EL2A,아식스,e-영업3
EL2B,데우스 엑스 마키나,e-영업3
EL2C,오디오테크니카,e-영업4
EL2D,애플라인드,e-영업4
EL2E,콜만,e-영업4
EL2F,이즈미,e-영업4
EL2H,르젠,e-영업4
EL2I,르크루제,e-영업4
EL2J,부쉐론,e-영업4
EL2K,배리,e-영업3
EL2L,엠에스지엠,e-영업3
EL2M,몽벨,e-영업4
EL2O,위시앤징크스,e-영업4
EL2P,클리브랜드,e-영업4
EL2Q,폴앤조,e-영업3
EL2S,농협,e-영업4
EL2T,대한홍삼진흥공사,e-영업4
EL2V,에버그린,e-영업4
EL2W,까사니,e-영업4
EL2X,바겐슈타이거,e-영업4
EL2Z,네오플램,e-영업4
EL30,아베다,e-영업4
EL31,몬스터락,e-영업4
EL32,아소부,e-영업4
EL34,델코퍼,e-영업3
EL3A,헹켈,e-영업4
EL3B,골든벨,e-영업4
EL3C,빌레로이앤보흐,e-영업4
EL3D,로얄그래프톤,e-영업4
EL3E,한샘,e-영업4
EL3F,제너,e-영업4
EL3G,쉬젤,e-영업4
EL3K,보국전자,e-영업4
EL3N,한경희,e-영업4
EL3O,퀸센스,e-영업4
EL3Q,동화약품,e-영업4
EL3R,유유제약,e-영업4
EL3S,월드바이오팜,e-영업4
EL3T,공간주방,e-영업4
EL3V,더블유엠에프,e-영업4
EL3X,노르딕키친,e-영업4
EL43,컬럼비아,e-영업3
EL48,봄소와,e-영업4
EL4D,제네바,e-영업4
EL4E,아르떼미데,e-영업4
EL4F,세컨스킨,e-영업3
EL4H,마샬,e-영업4
EL4I,요넥스,e-영업4
EL4J,하와이안 호스트,e-영업4
EL4M,도로시,e-영업3
EL4P,케이트스페이드,e-영업4
EL4Q,락토바이브,e-영업4
EL4R,셀파렉스,e-영업4
EL4S,아일로,e-영업4
EL4T,엑스텐드,e-영업4
EL4U,미니막스,e-영업4
EL4V,기어팩,e-영업4
EL4Z,브라운,e-영업3
EL50,지방시,e-영업3
EL51,로저비비에,e-영업3
EL53,우알롱,e-영업3
EL59,컨버스,e-영업4
EL5A,루이비앙,e-영업3
EL5B,코인코즈,e-영업3
EL5C,켈티,e-영업4
EL5D,셀크백,e-영업4
EL5E,파라팩,e-영업4
EL5F,유닛,e-영업3
EL5G,까사무띠,e-영업4
EL5J,요넥스,e-영업4
EL5K,핑,e-영업4
EL5M,마제스티,e-영업4
EL5Q,리꼼,e-영업4
EL5R,풋조이,e-영업4
EL5S,클리브랜드,e-영업4
EL5T,숲,e-영업3
EL5U,레드랜서,e-영업4
EL5W,라다미노,e-영업4
EL5X,티에스 샴푸,e-영업4
EL5Y,요넥스,e-영업4
EL5Z,테일러메이드,e-영업4
EL66,프라다,e-영업4
EL67,오덴세,e-영업4
EL68,경동나비엔,e-영업4
EL6B,752,e-영업4
EL6C,베티나르디,e-영업4
EL6D,모즈,e-영업4
EL6E,샤카웨어,e-영업3
EL6H,하우스,e-영업3
EL6I,씨드앤팜,e-영업4
EL6J,에비씨마트,e-영업3
EL6L,엔지니어드 가먼츠,e-영업3
EL6M,치키타,e-영업3
EL6P,맥케이지,e-영업3
EL6Q,비비씨어스,e-영업4
EL6R,펠드메디스파,e-영업4
EL6S,젤리캣,e-영업3
EL6T,브에노,e-영업4
EL6U,오트리,e-영업3
EL6V,제이엠웨스턴,e-영업3
EL6W,알렉산더 왕,e-영업3
EL6Y,쿠레주,e-영업3
EL6Z,셀프포트레이트,e-영업3
EL76,휠라,e-영업4
EL77,언더아머,e-영업4
EL79,리피트,e-영업4
EL7A,아페쎄,e-영업3
EL7D,아미,e-영업3
EL7G,발리,e-영업3
EL7H,보테가 베네타,e-영업3
EL7I,버버리,e-영업3
EL7L,끌로에,e-영업3
EL7P,시피 컴퍼니,e-영업3
EL7T,지방시,e-영업3
EL7U,골든구스,e-영업3
EL7X,에르노,e-영업3
EL7Z,메종 키츠네,e-영업3
EL80,레만글라스,e-영업4
EL81,더슨,e-영업4
EL82,지베네딕트,e-영업4
EL89,퓨어메이트,e-영업4
EL8B,마르셀로 불론,e-영업3
EL8J,폴스미스,e-영업3
EL8N,프라다,e-영업3
EL8Q,스톤아일랜드,e-영업3
EL8R,톰브라운,e-영업3
EL8S,토즈,e-영업3
EL8U,발렌티노,e-영업3
EL8V,베르사체,e-영업3
EL8Z,아크네,e-영업3
EL90,더마슨,e-영업4
EL93,라이젠탈,e-영업4
EL97,동의본초연구,e-영업4
EL98,에이지투웨니스,e-영업4
EL99,포인트,e-영업4
EL9B,톰포드,e-영업3
EL9D,어그,e-영업3
EL9E,비비안 웨스트우드,e-영업3
EL9G,제이린드버그,e-영업3
EL9H,미우미우,e-영업3
EL9L,바라쿠타,e-영업3
EL9M,듀베티카,e-영업3
EL9N,가니,e-영업3
EL9S,골든구스,e-영업3
EL9W,꼼데가르송,e-영업3
EL9X,끌로에,e-영업3
EL9Y,나나미카,e-영업3
ELA6,듀베티카,e-영업3
ELA7,드래곤 디퓨전,e-영업3
ELAO,롱샴,e-영업3
ELB1,멀버리,e-영업3
ELB2,메종 마르지엘라,e-영업3
ELB3,메종 키츠네,e-영업3
ELB7,몽클레어,e-영업3
ELBJ,발렌티노,e-영업3
ELBK,발리,e-영업3
ELBL,버버리,e-영업3
ELBU,비비안 웨스트우드,e-영업3
ELC2,스톤아일랜드,e-영업3
ELC8,씨피 컴퍼니,e-영업3
ELC9,아미,e-영업3
ELCA,아스토플렉스,e-영업3
ELCG,알라이아,e-영업3
ELCM,어그,e-영업3
ELCN,에르노,e-영업3
ELCZ,우영미,e-영업3
ELDB,지방시,e-영업3
ELDF,캐나다구스,e-영업3
ELDH,캠퍼,e-영업3
ELDJ,코치,e-영업3
ELDQ,테클라,e-영업3
ELDS,토리버치,e-영업3
ELDT,토즈,e-영업3
ELDV,톰브라운,e-영업3
ELE2,페라가모,e-영업3
ELE3,펜디,e-영업3
ELEG,헬렌카민스키,e-영업3
ELEI,호카오네오네,e-영업3
ELEK,디즈니,e-영업4
ELEN,컬럼비아,e-영업3
ELEP,모니끄미앙,e-영업4
ELEQ,CK진,e-영업3
ELES,힐리먼트,e-영업3
ELET,르파코,e-영업4
ELEU,센스큐,e-영업4
ELEW,주코,e-영업4
ELEY,캠퍼,e-영업3
ELF5,토템,e-영업3
ELF6,뮤지크,e-영업3
ELF7,아더에러,e-영업3
ELF8,로플린,e-영업4
ELF9,크록스,e-영업3
ELFA,요기펫,e-영업4
ELFB,피엑스지,e-영업4
ELFD,스튜디오 니콜슨,e-영업3
ELFF,바이네르,e-영업3
ELFG,리브앤리스,e-영업4
ELFH,골드로니,e-영업4
ELFI,세르지오로시,e-영업3
ELFK,피닉스,e-영업3
ELFM,아스티에 드 빌라트,e-영업4
ELFP,네파 이젠벅,e-영업4
ELFS,울프라운치,e-영업4
ELFT,이엔오,e-영업4
ELFW,샴브리에,e-영업3
ELFY,던롭,e-영업4
ELFZ,라이프소스,e-영업4
ELG2,스퀘어가든,e-영업4
ELG3,엘리자베스아덴,e-영업4
ELG4,UCLA,e-영업3
ELG6,르크루제,e-영업4
ELG7,혼마,e-영업4
ELGE,할리오브스코틀랜드,e-영업3
ELGF,아디다스,e-영업3
ELGG,우영미,e-영업3
ELGH,프로기어,e-영업4
ELGJ,뉴발란스,e-영업4
ELGL,듀오백,e-영업4
ELGM,루이스미샤,e-영업3
ELGO,스투시,e-영업3
ELGP,에어박스,e-영업4
ELGQ,후이코스메틱,e-영업4
ELGR,슈퍼밀리언헤어,e-영업4
ELGS,리시리,e-영업4
ELGT,캘프,e-영업4
ELGV,프라이탁,e-영업3
ELGY,프렌즈손데토이,e-영업3
ELH1,알트라,e-영업4
ELH2,우영미,e-영업3
ELH3,롱샴,e-영업3
ELH4,VIVIEN,e-영업3
ELH5,아디다스,e-영업4
ELH7,보카,e-영업3
ELH8,메종 마르지엘라,e-영업3
ELHA,토템,e-영업3
ELHB,톰브라운,e-영업3
ELHC,르젠,e-영업4
ELHD,브루클린웍스,e-영업4
ELHI,위칙,e-영업4
ELHJ,브레카,e-영업4
ELHK,혼마,e-영업4
ELHL,트루릴리젼,e-영업3
ELHM,우프웨어,e-영업3
ELHN,랩스,e-영업3
ELHP,스투시,e-영업3
ELHQ,할리오브스코틀랜드,e-영업3
ELHR,핏플랍,e-영업3
ELHS,프리미아타,e-영업3
ELHW,캠퍼,e-영업3
ELHX,우영미,e-영업3
ELHZ,샥즈,e-영업4
ELI0,발롱드파리,e-영업4
ELI1,프로젝트오디오,e-영업4
ELI2,마놀로 블라닉,e-영업3
ELI3,에트로,e-영업3
ELI8,라미,e-영업3
ELIA,캐릭터,e-영업4
ELIB,베럴즈,e-영업4
ELIC,우영미,e-영업3
ELIE,온더바디,e-영업4
ELIG,디,e-영업3
ELII,헌터,e-영업3
ELIJ,케어프린,e-영업4
ELIK,더스킨랩,e-영업4
ELIN,자스페로,e-영업3
ELIO,코치,e-영업3
ELIP,타미힐피거,e-영업3
ELIQ,라코스테,e-영업3
ELIU,헬렌카민스키,e-영업3
ELIV,타오,e-영업3
ELIW,콩제슬레드,e-영업3
ELIX,미니로디니,e-영업3
ELIY,이프네,e-영업3
ELJ1,미피,e-영업3
ELJ2,롱샴,e-영업3
ELJ3,할리오브스코틀랜드,e-영업3
ELJ4,가누다,e-영업4
ELJ9,베어트랩스,e-영업3
ELJA,코엣,e-영업3
ELJB,파이어메이플,e-영업4
ELJC,에르메스,e-영업4
ELJD,소티스,e-영업4
ELJE,캐논,e-영업4
ELJF,셔우드,e-영업4
ELJG,에듀플레이어,e-영업4
ELJH,난가,e-영업3
ELJI,수아비스,e-영업4
ELJJ,데스트리,e-영업3
ELJM,캠퍼,e-영업3
ELJO,클락스,e-영업3
ELJP,피파1904,e-영업4
ELJS,테팔,e-영업4
ELJT,코렐,e-영업4
ELJU,네파,e-영업4
ELJV,크리슨,e-영업4
ELJY,까르투하,e-영업4
ELJZ,시노글라스,e-영업4
ELK1,버버리,e-영업3
ELK2,킨토,e-영업4
ELK8,메트로시티,e-영업3
ELKB,스케쳐스,e-영업4
ELKD,코코 일렉,e-영업4
ELKE,아부가르시아,e-영업4
ELKG,바로우,e-영업3
ELKI,핏펫,e-영업4
ELKK,아디다스,e-영업4
ELKL,에이투,e-영업4
ELKM,톤스피어,e-영업4
ELKO,어콜드월,e-영업3
ELKP,아크네 스튜디오,e-영업3
ELKU,아골디,e-영업3
ELKV,알라이아,e-영업3
ELKX,알렉산더맥퀸,e-영업3
ELL0,알릭스,e-영업3
ELL1,아미,e-영업3
ELL3,아미리,e-영업3
ELL7,아페쎄,e-영업3
ELLB,오라리,e-영업3
ELLC,오트리,e-영업3
ELLE,발렌시아가,e-영업3
ELLF,발리,e-영업3
ELLL,보르살리노,e-영업3
ELLM,보테가베네타,e-영업3
ELLN,브루넬로 쿠치넬리,e-영업3
ELLR,캘러웨이,e-영업3
ELLS,캘빈클라인,e-영업3
ELLV,칼하트,e-영업3
ELLW,카사블랑카,e-영업3
ELLX,세실리아 반센,e-영업3
ELLZ,샤넬,e-영업3
ELM0,끌로에,e-영업3
ELM1,디올,e-영업3
ELM8,꼼데가르송,e-영업3
ELMA,꾸레쥬,e-영업3
ELMB,씨피컴퍼니,e-영업3
ELMC,크록스,e-영업3
ELME,디젤,e-영업3
ELMF,디온 리,e-영업3
ELMH,돈셰,e-영업3
ELMJ,드레곤디퓨젼,e-영업3
ELML,드롤드무슈어,e-영업3
ELMM,디스퀘어드,e-영업3
ELMO,이스트팩,e-영업3
ELMS,에트로,e-영업3
ELMT,에뛰드,e-영업3
ELMU,이티스,e-영업3
ELMV,파비아나필리피,e-영업3
ELMX,펜디,e-영업3
ELMY,페라가모,e-영업3
ELMZ,프레드페리,e-영업3
ELN0,가니,e-영업3
ELN1,지포어,e-영업3
ELN7,구찌,e-영업3
ELNA,헬렌카민스키,e-영업3
ELNC,헤레우,e-영업3
ELNE,에르노,e-영업3
ELNF,하우스오브써니,e-영업3
ELNG,하울린,e-영업3
ELNI,훈자 지,e-영업3
ELNN,제이린드버그,e-영업3
ELNP,자크뮈스,e-영업3
ELNR,질샌더,e-영업3
ELNT,제이더블유앤더슨,e-영업3
ELNW,겐조,e-영업3
ELO3,르메르,e-영업3
ELOB,맥케이지,e-영업3
ELOC,마하리시,e-영업3
ELOD,메종키츠네,e-영업3
ELOE,메종 마르지엘라,e-영업3
ELOF,마놀로 블라닉,e-영업3
ELOG,마린세르,e-영업3
ELOH,마크앤로나,e-영업3
ELOI,마르니,e-영업3
ELOM,미하라 야스히로,e-영업3
ELOP,미우미우,e-영업3
ELOQ,몽클레어,e-영업3
ELOW,뉴암스테르담,e-영업3
ELOX,뉴발란스,e-영업3
ELOY,나이키,e-영업3
ELOZ,노비스,e-영업3
ELP2,오베이,e-영업3
ELP3,오프와이트,e-영업3
ELP5,아워레가시,e-영업3
ELP6,팜엔젤스,e-영업3
ELP7,팔로마울,e-영업3
ELP8,파라점퍼스,e-영업3
ELP9,폴스미스,e-영업3
ELPA,필립모델,e-영업3
ELPD,프라다,e-영업3
ELPF,랄프로렌,e-영업3
ELPM,릭오웬스,e-영업3
ELPO,로저비비에,e-영업3
ELPS,생로랑,e-영업3
ELPT,살로몬,e-영업3
ELPW,시몬느 로샤,e-영업3
ELPX,슬로기,e-영업3
ELPZ,스포티앤리치,e-영업3
ELQ2,스톤아일랜드,e-영업3
ELQ3,스튜디오 니콜슨,e-영업3
ELQ5,써네이,e-영업3
ELQ6,스와로브스키,e-영업3
ELQ8,텐씨,e-영업3
ELQB,더로우,e-영업3
ELQC,톰브라운,e-영업3
ELQF,톰포드,e-영업3
ELQH,토템,e-영업3
ELQI,트로픽 오브 씨,e-영업3
ELQJ,어그,e-영업3
ELQL,발렌티노,e-영업3
ELQM,발렉스트라,e-영업3
ELQP,베르사체,e-영업3
ELQR,비비안웨스트우드,e-영업3
ELQV,와일드동키,e-영업3
ELQW,우영미,e-영업3
ELQX,와이 프로젝트,e-영업3
ELR0,제냐,e-영업3
ELSO,페라슈발,e-영업4
ELSP,아하바,e-영업4
ELSV,코디아이,e-영업3
ELSW,보헤미안블루,e-영업4
ELSX,플랙,e-영업3
ELSY,헤비추얼,e-영업3
ELT1,닥터프리오,e-영업4
ELT2,세리박스,e-영업4
ELT5,시티브리즈,e-영업3
ELT7,메종키츠네,e-영업3
ELTB,모비엘,e-영업4
ELTC,사브르,e-영업4
ELTD,이안폴터디자인,e-영업4
ELTE,스파이더,e-영업4
ELTG,겐조,e-영업3
ELTH,골든구스,e-영업3
ELTI,구찌,e-영업3
ELTK,나이키,e-영업3
ELTM,뉴발란스,e-영업3
ELTO,디스퀘어드2,e-영업3
ELTP,디젤,e-영업3
ELTS,폴로 랄프로렌,e-영업3
ELTX,로에베,e-영업3
ELTY,롱샴,e-영업3
ELU1,마이클 코어스,e-영업3
ELU2,마크 제이콥스,e-영업3
ELU3,멀버리,e-영업3
ELU7,미우미우,e-영업3
ELU9,반스,e-영업3
ELUA,발렉스트라,e-영업3
ELUB,발렌시아가,e-영업3
ELUC,발렌티노,e-영업3
ELUD,발리,e-영업3
ELUE,버버리,e-영업3
ELUH,보테가 베네타,e-영업3
ELUI,비비안 웨스트우드,e-영업3
ELUJ,살로몬,e-영업3
ELUK,생 로랑,e-영업3
ELUM,셀린느,e-영업3
ELUT,아식스,e-영업3
ELUV,알렉산더 왕,e-영업3
ELUW,어그,e-영업3
ELUX,제냐,e-영업3
ELUZ,에트로,e-영업3
ELV1,오클리,e-영업3
ELV3,조르지오 아르마니,e-영업3
ELV4,지미추,e-영업3
ELV5,지방시,e-영업3
ELVA,코치,e-영업3
ELVD,디올,e-영업3
ELVF,끌로에,e-영업3
ELVH,토리버치,e-영업3
ELVI,토즈,e-영업3
ELVJ,톰포드,e-영업3
ELVK,파비아나 필리피,e-영업3
ELVO,펜디,e-영업3
ELVP,폴스미스,e-영업3
ELVQ,프라다,e-영업3
ELVT,호간,e-영업3
ELVW,아크테릭스,e-영업3
ELVY,파라점퍼스,e-영업3
ELVZ,아쉬,e-영업3
ELW0,그렌슨,e-영업3
ELW2,캐나다구스,e-영업3
ELW5,무스너클,e-영업3
ELW6,알렉산더 맥퀸,e-영업3
ELWB,스톤아일랜드,e-영업3
ELWD,브루넬로 쿠치넬리,e-영업3
ELWE,자넬라토,e-영업3
ELWG,마르니,e-영업3
ELWH,톰브라운,e-영업3
ELWJ,발망,e-영업3
ELWK,디올 옴므,e-영업3
ELWN,핑코,e-영업3
ELWP,스투시,e-영업3
ELWT,레페토,e-영업3
ELX3,크리스찬 루부탱,e-영업3
ELX6,아워 레가시,e-영업3
ELX7,커먼 프로젝트,e-영업3
ELX8,에르노,e-영업3
ELXK,릭오웬스,e-영업3
ELXL,로저 비비에,e-영업3
ELXM,드루모어,e-영업3
ELXP,꼼데가르송,e-영업3
ELXX,로로피아나,e-영업3
ELXY,알라이아,e-영업3
ELY1,드리스 반 노튼,e-영업3
ELY3,헤리스워프런던,e-영업3
ELY6,오프화이트,e-영업3
ELY7,메종 키츠네,e-영업3
ELY9,아미,e-영업3
ELYH,만수르가브리엘,e-영업3
ELYJ,생로랑,e-영업3
ELYN,알리타,e-영업3
ELYQ,벨스타프,e-영업3
ELYR,브리오니,e-영업3
ELYS,까스따네르,e-영업3
ELYW,제임스펄스,e-영업3
ELZ0,메종 마르지엘라,e-영업3
ELZB,스튜어트와이츠먼,e-영업3
ELZI,파라부트,e-영업3
ELZM,아크네 스튜디오,e-영업3
ELZU,리프레젠트,e-영업3
ELZW,사카이,e-영업3
EM00,루나,e-영업4
EM01,에이솔루션,e-영업4
EM02,린타,e-영업3
EM04,커먼프로잭트,e-영업3
EM05,엑스피어,e-영업3
EM07,켄조,e-영업3
EM08,베디베로,e-영업3
EM09,셀린느,e-영업3
EM0K,보보쇼즈,e-영업3
EM0P,베자,e-영업3
EM17,에트로,e-영업3
EM1H,페트레이,e-영업3
EM1J,마더,e-영업3
EM1K,더 로우,e-영업3
EM2D,지안비토로시,e-영업3
EM2F,이티스,e-영업3
EM2H,벨루티,e-영업3
EM2P,헤레우,e-영업3
EM2V,가니,e-영업3
EM30,칼하트,e-영업4
EM31,벤데이비스,e-영업4
EM32,트래셔,e-영업4
EM33,벨로이,e-영업3
EM34,뉴발란스,e-영업4
EM36,리복,e-영업4
EM38,브룩스,e-영업4
EM39,휠라,e-영업4
EM3N,니들스,e-영업3
EM3Q,르메르,e-영업3
EM3R,알레산드라리치,e-영업3
EM3X,보르살리노,e-영업3
EM41,무스너클,e-영업3
EM4D,페데리카 토시,e-영업3
EM4J,마린세르,e-영업3
EM4O,마틴로즈,e-영업3
EM4S,아리조나러브,e-영업3
EM4W,몽클레어,e-영업3
EM51,굿앤홈,e-영업4
EM5A,베르사체,e-영업3
EM5H,치르콜로 1901,e-영업3
EM5M,자크뮈스,e-영업3
EM5P,문부츠,e-영업3
EM60,대웅모닝컴,e-영업4
EM62,파벡스,e-영업4
EM65,까사니,e-영업4
EM66,커스텀에이드리퍼블릭,e-영업3
EM6D,코페르니,e-영업3
EM6F,드래곤 디퓨전,e-영업3
EM6H,호카오네오네,e-영업3
EM6P,엠포리오 아르마니,e-영업3
EM6X,바라쿠타,e-영업3
EM71,네오플램,e-영업4
EM72,메종 마르지엘라,e-영업3
EM73,롤리탑,e-영업3
EM74,이누이트,e-영업3
EM75,랜섬,e-영업3
EM76,베트멍,e-영업3
EM77,사이노스,e-영업4
EM79,사이노스,e-영업4
EM7F,시몬로샤,e-영업3
EM7K,웨일스보너,e-영업3
EM7O,토템,e-영업3
EM7R,트윈셋,e-영업3
EM7V,세실리에 반센,e-영업3
EM7W,오트리,e-영업3
EM81,피엘라벤,e-영업3
EM86,란체티,e-영업3
EM87,링스,e-영업3
EM8B,이안폴터디자인_보스턴백,e-영업4
EM8D,이안폴터디자인_캐디백(단품),e-영업4
EM8G,미하라 야스히로,e-영업3
EM8J,알리지,e-영업3
EM8O,우영미,e-영업3
EM8P,지포어,e-영업3
EM8T,에이디,e-영업3
EM8V,스튜디오 니콜슨,e-영업3
EM92,한국도자기,e-영업4
EM94,상상그램,e-영업4
EM95,마발라,e-영업4
EM97,콤마씨,e-영업4
EM98,피엘라벤,e-영업3
EM9B,오라리,e-영업3
EM9C,하울린,e-영업3
EM9G,와일드 동키,e-영업3
EM9W,캘빈클라인,e-영업3
EM9X,쿠레주,e-영업3
EMAD,키코 코스타디노브,e-영업3
EMAJ,휴먼메이드,e-영업3
EME3,쁘띠바또,e-영업3
EMEY,선플라워,e-영업3
EMGA,스테파노 모르타리,e-영업3
EMHC,커트가이거,e-영업3
EMJV,랄프로렌,e-영업3
EMPD,로베르토페스타,e-영업3
EMYA,아티드,e-영업3
EMYE,씨피 컴퍼니,e-영업3
EMYG,골든구스,e-영업3
EMYI,델보,e-영업3
EMZ0,야곱코헨,e-영업3
EMZ1,에드워드 그린,e-영업3
EMZ2,에르노,e-영업3
EMZ8,칼하트,e-영업3
EMZA,톰브라운,e-영업3
EMZC,파라점퍼스,e-영업3
EMZD,페트레이,e-영업3
EMZF,휴고보스,e-영업3
EMZV,나나미카,e-영업3
EN01,아방,e-영업3
EN0G,디스이즈네버댓,e-영업3
EN0H,디스트릭트 비전,e-영업3
EN0I,디에메,e-영업3
EN0U,르라보,e-영업3
EN0Z,릭오웬스 다크쉐도우,e-영업3
EN10,마발라,e-영업4
EN12,호무로,e-영업4
EN13,테팔,e-영업4
EN14,그레비,e-영업3
EN16,아델콰트로,e-영업3
EN1R,메종키츠네,e-영업3
EN1X,미니 로디니,e-영업3
EN22,뭄카,e-영업3
EN25,라드레드,e-영업3
EN26,리한나,e-영업4
EN27,사방넷브랜드,e-영업3
EN2G,배로우,e-영업3
EN2Q,봉쁘앙,e-영업3
EN2X,비아로마15,e-영업3
EN37,세인트페인,e-영업3
EN38,비아봉드비아,e-영업3
EN3F,셀프포트레이트,e-영업3
EN3S,아디다스,e-영업3
EN43,애경,e-영업4
EN4M,애니빙,e-영업3
EN4N,애비뉴67,e-영업3
EN53,찰스보툼,e-영업3
EN57,무아유,e-영업4
EN5A,엠엠식스 메종 마르지엘라,e-영업3
EN5B,오랄리,e-영업3
EN5G,우마 왕,e-영업3
EN5O,이세이미야끼,e-영업3
EN5P,이솝,e-영업3
EN60,토스카나,e-영업3
EN67,밀라네제,e-영업4
EN68,워모,e-영업4
EN69,썬월드,e-영업4
EN6K,카렐,e-영업3
EN6Q,칼하트,e-영업3
EN70,르아보네,e-영업3
EN78,티티티,e-영업4
EN79,슬럼비,e-영업4
EN7G,토가풀라,e-영업3
EN7P,페라가모,e-영업3
EN82,샌더스,e-영업4
EN83,데일리팜,e-영업4
EN84,고티바쉬,e-영업3
EN85,티오오,e-영업3
EN86,버버리,e-영업3
EN87,걸작,e-영업3
EN8B,플라워 마운틴,e-영업3
EN8V,플라즈,e-영업3
EN8W,라르츠,e-영업4
EN92,발몽,e-영업4
EN97,닥터오라클,e-영업4
EN98,왁,e-영업4
EN9B,클라터뮤젠,e-영업3
EN9D,까사렐,e-영업3
EN9E,아디다스,e-영업4
EN9F,숄,e-영업3
EN9I,세인트나인,e-영업4
EN9K,잘토,e-영업4
EN9L,타이틀리스트,e-영업3
EN9Q,조이비스,e-영업3
EN9R,우영미,e-영업3
EN9S,제프몽,e-영업3
EN9T,더블유티디,e-영업4
EN9U,윙,e-영업4
EN9V,코코릭,e-영업4
EN9X,대원헬스랩,e-영업4
EN9Z,카카오프렌즈,e-영업4
ENA1,제스타임,e-영업4
ENA5,마몽드,e-영업4
ENA6,무궁화,e-영업4
ENA8,에르노,e-영업3
ENAC,스튜디오폴앤컴퍼니,e-영업3
ENAE,더 스튜디오 케이,e-영업3
ENAF,오라리,e-영업3
ENAG,쉬젤,e-영업4
ENAH,노르딕키친,e-영업4
ENAI,로얄그래프톤,e-영업4
ENAL,유에스폴로어신,e-영업3
ENAM,애즈이프,e-영업3
ENAN,포셀리,e-영업3
ENAQ,가버,e-영업3
ENAR,제니퍼룸,e-영업3
ENAS,이엑스알,e-영업4
ENAT,빅키드,e-영업3
ENAU,키친아트,e-영업4
ENAV,델루체,e-영업4
ENAW,가니,e-영업3
ENB1,골든구스,e-영업3
ENB6,끌로에,e-영업3
ENBF,듀베티카,e-영업3
ENBG,드래곤 디퓨전,e-영업3
ENBH,드로게리아 크리베리니,e-영업3
ENC3,마르니,e-영업3
ENCA,멀버리,e-영업3
ENCB,메종 마르지엘라,e-영업3
ENCC,메종 키츠네,e-영업3
ENCI,무스너클,e-영업3
ENCM,미우미우,e-영업3
ENCS,발렌티노,e-영업3
ENCT,발리,e-영업3
ENCU,버버리,e-영업3
ENCV,버버리,e-영업3
ENCW,베이스레인지,e-영업3
ENCY,보보쇼즈,e-영업3
END0,보테가 베네타,e-영업3
END3,비비안 웨스트우드,e-영업3
END4,사카이,e-영업3
END7,생 로랑,e-영업3
ENDD,스톤아일랜드,e-영업3
ENDE,스튜디오 니콜슨,e-영업3
ENDG,스포티앤리치,e-영업3
ENDJ,아미,e-영업3
ENDO,아페쎄,e-영업3
ENDQ,알라이아,e-영업3
ENDW,어그,e-영업3
ENDX,에르노,e-영업3
ENE3,오트리,e-영업3
ENE9,우영미,e-영업3
ENED,자크뮈스,e-영업3
ENEG,제이린드버그,e-영업3
ENEL,지방시,e-영업3
ENEN,질샌더,e-영업3
ENES,커먼 프로젝트,e-영업3
ENET,코치,e-영업3
ENF1,텐씨,e-영업3
ENF2,토리버치,e-영업3
ENF4,토템,e-영업3
ENF5,톰브라운,e-영업3
ENF8,파라점퍼스,e-영업3
ENFC,페라가모,e-영업3
ENFE,폴로 랄프로렌,e-영업3
ENFG,프라다,e-영업3
ENFQ,헬렌카민스키,e-영업3
ENFV,배리,e-영업3
ENFW,케이트,e-영업3
ENFY,앤트레디션,e-영업4
ENFZ,아모스프로페셔널,e-영업4
ENG1,조르지오 아르마니,e-영업4
ENG2,리에떼,e-영업3
ENG3,케프,e-영업4
ENG7,휴라이즈,e-영업4
ENG8,인켈,e-영업4
ENG9,캘빈클라인퍼포먼스,e-영업4
ENGA,에코,e-영업3
ENGF,닥터웰,e-영업4
ENGH,먼스앤데이즈,e-영업4
ENGJ,먼스앤데이즈,e-영업4
ENGK,다우니,e-영업4
ENGL,질레트,e-영업4
ENGM,페브리즈,e-영업4
ENGN,오랄비,e-영업4
ENGO,팬틴,e-영업4
ENGP,헤드앤숄더,e-영업4
ENGW,몽클레어,e-영업3
ENGX,버버리,e-영업3
ENGY,니지,e-영업3
ENGZ,쥬드,e-영업3
ENH0,해피랜드,e-영업3
ENH1,압소바,e-영업3
ENH2,미피,e-영업3
ENH3,구스온,e-영업4
ENH4,네오플램,e-영업4
ENH6,알텐바흐,e-영업4
ENH7,오리지니크,e-영업4
ENHF,마루망_무료,e-영업4
ENHM,마르셋,e-영업4
ENHP,버블피스,e-영업3
ENHQ,칼하트,e-영업4
ENHR,팔라디움,e-영업3
ENHT,엠유스포츠,e-영업4
ENHV,꼬떼씨엘,e-영업3
ENHX,웰릭스,e-영업4
ENHY,산드로,e-영업3
ENHZ,리터니티,e-영업4
ENI2,데이앤미 코리아,e-영업4
ENI3,크리드,e-영업4
ENI4,유닉스,e-영업4
ENI7,델라이프,e-영업4
ENI8,한경희생활과학,e-영업4
ENIA,셀프포트레이트,e-영업3
ENIC,신일,e-영업4
ENID,제로너스,e-영업4
ENIE,라코스테,e-영업3
ENIF,네이키드서프클럽,e-영업4
ENIT,한미생활건강,e-영업4
ENIU,트리밀데이즈,e-영업4
ENIV,잉거솔,e-영업3
ENIW,자일렉,e-영업4
ENIX,톰브라운,e-영업3
ENIZ,버버리,e-영업3
ENJ0,우영미,e-영업3
ENJ3,몽클레어,e-영업3
ENJ6,구찌,e-영업3
ENJA,스톤아일랜드,e-영업3
ENJB,아미,e-영업3
ENJC,메종키츠네,e-영업3
ENJG,베네통,e-영업3
ENJH,시슬리,e-영업3
ENJI,로마로,e-영업4
ENJK,토리버치,e-영업3
ENJL,캉골,e-영업3
ENJN,김소형헤밀레,e-영업4
ENJR,랜드미,e-영업4
ENJS,셀린느,e-영업3
ENJU,JJ JIGOTT,e-영업3
ENJV,롱샴,e-영업3
ENJW,칼하트,e-영업3
ENJY,실바트,e-영업4
ENJZ,실리닷,e-영업4
ENK0,아이붐,e-영업4
ENK2,쿠첸,e-영업4
ENK4,탄스,e-영업4
ENK6,드래곤 디퓨전,e-영업3
ENK7,뉴네이처,e-영업4
ENK8,JJ지고트_,e-영업3
ENKC,노비스,e-영업3
ENKD,듀베티카,e-영업3
ENKF,드홀드무슈,e-영업3
ENKI,파라점퍼스,e-영업3
ENKJ,다이나핏,e-영업4
ENKK,앤트레디션,e-영업4
ENKL,앤트레디션,e-영업4
ENKM,언리시아,e-영업4
ENKN,골드퍼센트,e-영업3
ENKO,끌로에,e-영업3
ENKP,오쎄르,e-영업4
ENKS,루니덕,e-영업3
ENKT,킬리안,e-영업4
ENKU,아베크롬비 앤 피치,e-영업4
ENL0,바이소품,e-영업3
ENL1,아라미스,e-영업4
ENL2,라이프아웃도어,e-영업4
ENL4,풋조이,e-영업3
ENL5,브롬톤런던,e-영업3
ENL7,트래블폭스,e-영업3
ENLA,엔소드,e-영업4
ENLB,한스펩타이드,e-영업4
ENLC,로보락,e-영업4
ENLD,카시오,e-영업3
ENLE,휴캄,e-영업4
ENLH,레스노베,e-영업4
ENLJ,케이알시,e-영업3
ENLK,메사블루,e-영업4
ENLL,슈퍼핏,e-영업4
ENLM,보랄,e-영업4
ENLN,우포스,e-영업4
ENLO,비스카,e-영업4
ENLQ,드래곤 디퓨전,e-영업3
ENLX,맥,e-영업4
ENM0,제로캐리어,e-영업3
ENM2,스틸시리즈,e-영업4
ENM3,올림피아,e-영업3
ENM7,렉스퀸,e-영업4
ENM8,더블유엠에프,e-영업4
ENM9,스타우브,e-영업4
ENMB,퀸스타일,e-영업3
ENMC,아디다스,e-영업4
ENMD,컬럼비아,e-영업4
ENME,노스페이스,e-영업4
ENMF,언더아머,e-영업4
ENMK,펜디,e-영업3
ENMM,로라메르시에,e-영업4
ENMN,나스,e-영업4
ENMO,메종 프란시스 커정,e-영업4
ENMQ,롱샴,e-영업3
ENN0,에코체,e-영업4
ENN1,아이룸,e-영업4
ENN2,에어메이드,e-영업4
ENN3,샤크,e-영업4
ENN4,휴렉,e-영업4
ENN6,툴앤툴,e-영업4
ENN7,닥스,e-영업3
ENNC,스타터,e-영업3
ENND,휴고보스,e-영업3
ENNG,앳센셜,e-영업4
ENNH,브롬톤런던,e-영업3
ENNI,오라이프,e-영업4
ENNK,리에벨로,e-영업3
ENNL,구찌,e-영업3
ENNM,톰포드,e-영업3
ENNN,셀린느,e-영업3
ENNP,퀵실버,e-영업4
ENNQ,록시,e-영업3
ENNR,빌라봉,e-영업4
ENNS,루카,e-영업4
ENNZ,보테가 베네타,e-영업3
ENO3,스위스밀리터리,e-영업4
ENO5,로아,e-영업3
ENO6,디씨,e-영업4
ENO7,폴앤조,e-영업4
ENO9,숲,e-영업3
ENOC,스타벅스,e-영업4
ENOK,다이나핏,e-영업4
ENOL,잠온,e-영업4
ENOM,쥬헤브,e-영업4
ENON,마모트,e-영업4
ENOP,블레쥬,e-영업4
ENOU,피엑스지,e-영업4
ENOV,캘러웨이,e-영업4
ENOW,테일러메이드,e-영업4
ENOX,기타,e-영업4
ENOY,젝시오,e-영업4
ENOZ,스릭슨,e-영업4
ENP0,클리브랜드,e-영업4
ENP1,미사일,e-영업4
ENP2,타이틀리스트,e-영업4
ENP4,풋조이,e-영업4
ENP5,휠라,e-영업4
ENP7,아이나비,e-영업4
ENP8,볼빅,e-영업4
ENP9,보이스캐디,e-영업4
ENPB,꾸레쥬,e-영업3
ENPC,나이키,e-영업4
ENPD,범양글러브,e-영업4
ENPH,기가,e-영업3
ENPI,스와들업,e-영업3
ENPJ,밧핫,e-영업3
ENPK,브랜드비,e-영업3
ENPL,드리븐,e-영업3
ENPM,클래식월드,e-영업3
ENPN,마샬,e-영업4
ENPQ,고트만,e-영업4
ENPS,아틀라스,e-영업4
ENPT,네오플램,e-영업4
ENPU,휴고보스,e-영업3
ENPV,테라,e-영업3
ENPW,러닝저니,e-영업3
ENPY,에듀사이언스,e-영업3
ENPZ,말라키,e-영업3
ENQ0,이디엑스,e-영업3
ENQ1,폴로 랄프로렌,e-영업3
ENQ2,타미 힐피거,e-영업3
ENQ3,포르쉐디자인,e-영업3
ENQ4,세이코,e-영업3
ENQ5,브릿지스톤,e-영업4
ENQ6,엘리먼트,e-영업4
ENQ7,카이젤,e-영업4
ENQ8,클래파,e-영업4
ENQ9,벤하임,e-영업4
ENQA,다자연,e-영업4
ENQB,샥즈,e-영업4
ENQC,제네바,e-영업4
ENQD,라문,e-영업4
ENQI,사투르니아,e-영업4
ENQK,뮬라웨어,e-영업4
ENQP,엔보우,e-영업4
ENQQ,파카,e-영업3
ENQR,스마트스코어,e-영업4
ENQS,소토,e-영업4
ENQT,시마노,e-영업4
ENQU,폰네크리스,e-영업4
ENQV,티크,e-영업4
ENQW,울트라세컨스킨,e-영업4
ENQX,웰녹,e-영업4
ENR0,홈리아,e-영업4
ENR1,어게인,e-영업4
ENR4,롱샴,e-영업3
ENR6,굿토드즈,e-영업3
ENSD,가니,e-영업3
ENSF,휴먼메이드,e-영업3
ENSG,메종 키츠네,e-영업3
ENSN,톰브라운,e-영업3
ENSW,벨루티,e-영업3
ENT3,디올,e-영업3
ENT4,펜디,e-영업3
ENT5,지방시,e-영업3
ENT7,구찌,e-영업3
ENT9,루이비통,e-영업3
ENTK,톰브라운,e-영업3
ENW3,아식스,e-영업3
ENW5,발렌시아가,e-영업3
ENW6,발리,e-영업3
ENW7,발망,e-영업3
ENWA,버버리,e-영업3
ENWG,씨피컴퍼니,e-영업3
ENX4,마르셀로 불론,e-영업3
ENX6,몽클레어,e-영업3
ENX7,무스너클,e-영업3
ENXA,닐 바렛,e-영업3
ENXG,리프레젠트,e-영업3
ENXH,릭오웬스,e-영업3
ENXV,와이쓰리,e-영업3
ENXY,아미,e-영업3
ENY0,오트리,e-영업3
ENYC,르메르,e-영업3
ENYE,메종 키츠네,e-영업3
ENYR,스튜디오 니콜슨,e-영업3
ENYX,오트리,e-영업3
ENZ0,씨피컴퍼니,e-영업3
ENZ1,골든구스,e-영업3
ENZ2,메종 키츠네,e-영업3
ENZ5,무스너클,e-영업3
ENZ8,스톤아일랜드,e-영업3
ENZA,토즈,e-영업3
ENZE,아크네 스튜디오,e-영업3
ENZI,아미,e-영업3
ENZJ,아크테릭스,e-영업3
ENZK,오트리,e-영업3
ENZN,보테가 베네타,e-영업3
ENZP,버버리,e-영업3
ENZT,씨피컴퍼니,e-영업3
ENZV,디올,e-영업3
ENZW,디스퀘어드2,e-영업3
EO06,탠디,e-영업3
EO07,47브랜드,e-영업4
EO08,아크코펜하겐,e-영업3
EO09,비 플라스티,e-영업4
EO0A,페라가모,e-영업3
EO0B,가니,e-영업3
EO0E,구찌,e-영업3
EO0F,에르노,e-영업3
EO0K,르메르,e-영업3
EO0M,로로피아나,e-영업3
EO0N,메종 키츠네,e-영업3
EO0R,아미,e-영업3
EO0S,아식스,e-영업3
EO13,오버다인,e-영업3
EO17,피플스워크,e-영업3
EO1I,가니,e-영업3
EO1L,골든구스,e-영업3
EO1U,메종 마르지엘라,e-영업3
EO1W,마크 제이콥스,e-영업3
EO21,네오플램,e-영업4
EO28,라헨느,e-영업4
EO29,반스,e-영업4
EO2B,몽클레어,e-영업3
EO2T,비비안 웨스트우드,e-영업3
EO2W,알렉산더 맥퀸,e-영업3
EO2X,아미,e-영업3
EO32,팀버랜드,e-영업4
EO33,락포트,e-영업3
EO34,크록스,e-영업4
EO35,캐롤프랑크,e-영업4
EO37,아디다스,e-영업4
EO39,에코,e-영업4
EO3C,버버리,e-영업3
EO3F,캐나다구스,e-영업3
EO3K,씨피컴퍼니,e-영업3
EO3T,골든구스,e-영업3
EO40,어그,e-영업3
EO41,소렐,e-영업4
EO43,힐리스,e-영업4
EO46,나이키,e-영업4
EO48,블루마운틴,e-영업4
EO4E,몽클레어,e-영업3
EO4H,엠에스지엠,e-영업3
EO4J,노비스,e-영업3
EO4O,폴로,e-영업3
EO4Y,마르니,e-영업3
EO50,안나퀸스,e-영업3
EO52,칼리타,e-영업4
EO53,파쉬,e-영업4
EO59,모뉴먼트,e-영업3
EO5A,메종 마르지엘라,e-영업3
EO5C,몽클레어,e-영업3
EO5D,무스너클,e-영업3
EO5E,무스너클,e-영업3
EO5G,발렌티노,e-영업3
EO5M,스튜디오 니콜슨,e-영업3
EO5Q,아워 레가시,e-영업3
EO5T,우영미,e-영업3
EO5V,제냐,e-영업3
EO5W,토리버치,e-영업3
EO5X,톰브라운,e-영업3
EO5Z,파라점퍼스,e-영업3
EO61,펠로우,e-영업4
EO62,비욘드오리진,e-영업4
EO68,그리너리,e-영업3
EO6A,폴로,e-영업3
EO6D,테팔,e-영업4
EO6E,주부디자인,e-영업4
EO6F,이켈,e-영업4
EO6G,멀버리,e-영업3
EO6H,에이본,e-영업3
EO6P,블랙샌즈,e-영업3
EO6T,앤드,e-영업4
EO6U,테바,e-영업3
EO6V,휠라,e-영업3
EO6W,엠포리오 아르마니,e-영업3
EO6X,온 러닝,e-영업3
EO6Y,르까프,e-영업4
EO7B,셀린느,e-영업3
EO7C,아디다스,e-영업3
EO7D,오클리,e-영업3
EO7E,아디다스,e-영업4
EO7F,에이지케이,e-영업4
EO7H,퀸나,e-영업4
EO7I,퀸메이드,e-영업4
EO7J,렉스퀸,e-영업4
EO7K,세인트프랑,e-영업4
EO7L,리나시타,e-영업4
EO7M,카이아크만,e-영업4
EO7N,씨티지,e-영업3
EO7O,베네통,e-영업3
EO7Q,신영와코루 메모리업,e-영업3
EO7R,슬로기,e-영업3
EO7V,엘엘엘디자인스튜디오,e-영업3
EO7W,아디다스,e-영업4
EO87,스와치,e-영업3
EO8A,패트치,e-영업4
EO8E,하이그라운즈,e-영업4
EO8F,정관장,e-영업4
EO8G,로저앤갈렛,e-영업4
EO8H,베나모르,e-영업4
EO8I,벨라오로라,e-영업4
EO8J,보로탈코,e-영업4
EO8K,아쿠아알레로제,e-영업4
EO8L,코티지,e-영업4
EO8N,아하바,e-영업4
EO8O,데스트리,e-영업3
EO8Q,로샤스,e-영업3
EO92,온틈,e-영업4
EO94,쿠진아트,e-영업4
EO95,바스키아 브루클린,e-영업4
EO96,나른,e-영업3
EO99,헬렌카민스키,e-영업3
EO9B,몽블랑,e-영업3
EO9G,스포티앤리치,e-영업3
EO9L,드래곤 디퓨전,e-영업3
EO9N,데우스 엑스 마키나,e-영업3
EO9Q,카시오,e-영업3
EO9V,폴로 랄프로렌,e-영업3
EO9X,퀴타히야,e-영업4
EOA2,훌라,e-영업3
EOA3,비오비,e-영업3
EOAA,브라이트베리,e-영업4
EOAJ,록시땅,e-영업4
EOAK,롱샴,e-영업3
EOAM,토템,e-영업3
EOAN,리볼드,e-영업3
EOAO,핸드,e-영업3
EOAP,컨텐트먼트,e-영업3
EOAR,트루버,e-영업4
EOAS,숙면연구소,e-영업4
EOAT,라엘뷰티,e-영업4
EOAX,스미스,e-영업3
EOAY,아르마니 익스체인지,e-영업3
EOB0,아쿠아티카,e-영업3
EOB1,언패러렐,e-영업4
EOB2,웨이브위시,e-영업4
EOB4,지프,e-영업4
EOB5,블랙야크키즈_,e-영업3
EOB8,딥트3일,e-영업4
EOB9,위슬로,e-영업4
EOBA,필리브,e-영업4
EOBC,헤드앤숄더,e-영업4
EOBD,에코백스,e-영업4
EOBE,에고이스트,e-영업3
EOBF,도티,e-영업3
EOBG,미카엘라버거,e-영업3
EOBM,마모트,e-영업4
EOBO,크레이지비,e-영업4
EOBP,닥터지,e-영업4
EOBQ,닥터포헤어,e-영업4
EOBR,아모스프로페셔널,e-영업4
EOBS,엘라스틴,e-영업4
EOBT,가그린,e-영업4
EOBU,칩스,e-영업4
EOBV,브릭스,e-영업4
EOBY,소싱,e-영업4
EOC0,뭍,e-영업3
EOC2,아이노헤아,e-영업4
EOC3,멜리멜로,e-영업4
EOCB,제이청,e-영업3
EOCG,메즈클라,e-영업4
EOCH,필립스 아벤트,e-영업3
EOCL,오프로드,e-영업4
EOCM,밀크베이비,e-영업3
EOCN,리졸리,e-영업4
EOCO,까르띠에,e-영업4
EOCQ,나이키,e-영업3
EOCR,비비케이트,e-영업3
EOCS,BARBARA,e-영업3
EOCT,피아네르,e-영업3
EOCU,아디다스,e-영업4
EOCV,푸마,e-영업4
EOCW,이엑스알,e-영업4
EOD0,메듀즈,e-영업4
EOD1,투믹서,e-영업4
EOD2,티파니주니어_,e-영업3
EOD5,목우촌,e-영업4
EOD6,리튠,e-영업4
EOD9,버팔로,e-영업3
EODD,프란츠,e-영업4
EODG,포트메리온,e-영업4
EODJ,포트메리온,e-영업4
EODN,르파코,e-영업3
EODR,도브,e-영업4
EODU,베베숲,e-영업3
EOE0,아이엠아이,e-영업3
EOE1,널디,e-영업3
EOE3,스팽스,e-영업3
EOE7,메팔,e-영업4
EOEC,겐조,e-영업3
EOEF,칼 라거펠트,e-영업3
EOEG,폴라로이드,e-영업3
EOEH,디어버즈,e-영업4
EOEI,탱그램,e-영업4
EOEJ,씨케이디,e-영업4
EOEL,크록스,e-영업3
EOEM,라문,e-영업4
EOEO,웨이백홈,e-영업3
EOEW,라헨느,e-영업4
EOF1,마른파이브,e-영업3
EOF3,로드로아르,e-영업4
EOF4,유에스폴로어신,e-영업3
EOF5,아,e-영업3
EOF6,에뜨와,e-영업3
EOF7,디즈니베이비,e-영업3
EOFB,제이린드버그,e-영업4
EOFC,말본,e-영업4
EOFD,나이키,e-영업4
EOFE,바스통,e-영업3
EOFF,포레울,e-영업4
EOFG,맘스네이처,e-영업3
EOFH,마리떼,e-영업3
EOFJ,라코스테,e-영업3
EOFK,나이키,e-영업4
EOFM,뉴발란스,e-영업4
EOFO,드래곤디퓨전,e-영업3
EOFP,디,e-영업3
EOFR,메듀즈,e-영업4
EOFS,미즈노,e-영업4
EOFT,반스,e-영업4
EOFV,살로몬,e-영업4
EOFW,샤카웨어,e-영업4
EOFY,수부,e-영업4
EOFZ,아디다스,e-영업4
EOG0,어그,e-영업3
EOG1,언더아머,e-영업4
EOG3,잔스포츠,e-영업4
EOG4,제이린드버그,e-영업4
EOG5,지포어,e-영업4
EOG6,칼하트,e-영업3
EOG7,캉골,e-영업3
EOG8,캘빈클라인,e-영업3
EOG9,캠퍼,e-영업3
EOGA,컨버스,e-영업4
EOGB,컬럼비아,e-영업4
EOGC,크록스,e-영업4
EOGF,푸마,e-영업4
EOGG,하바이아나스,e-영업4
EOGH,헌터,e-영업3
EOGI,호카,e-영업4
EOGJ,베어풋사이언스,e-영업4
EOGK,오에스퍼스트,e-영업4
EOGL,오즈어그웨어,e-영업3
EOGM,니모,e-영업4
EOGN,라이트웨이,e-영업4
EOGO,로너,e-영업4
EOGP,카오라스,e-영업4
EOGU,코슬리,e-영업4
EOGX,뉴발란스,e-영업4
EOGY,스탠스,e-영업3
EOH0,알라바스터,e-영업4
EOH1,뮌더에마일,e-영업4
EOH3,테스토리,e-영업4
EOH8,레스팅거,e-영업4
EOH9,삼미수저,e-영업4
EOHB,문부츠,e-영업3
EOHD,돌체앤가바나,e-영업3
EOHG,보그너,e-영업3
EOHH,제이린드버그,e-영업3
EOHJ,지포어,e-영업3
EOHK,말본,e-영업3
EOHL,라르디니,e-영업3
EOHM,벨스타프,e-영업3
EOHN,칼하트,e-영업3
EOHO,캘빈클라인,e-영업3
EOHQ,폴로 랄프로렌,e-영업3
EOHR,크로켓 앤 존스,e-영업3
EOHT,알엔,e-영업4
EOHU,미니멈 에브리데이,e-영업3
EOHW,레벤호프,e-영업4
EOHY,닥터퍼니스트,e-영업3
EOI0,쿡셀,e-영업4
EOI3,락토덤,e-영업4
EOI4,벨라수,e-영업4
EOI5,올젠,e-영업3
EOI6,지오지아,e-영업3
EOI7,앤드지,e-영업3
EOI8,에디션,e-영업3
EOIQ,르메르,e-영업3
EOIR,숙면연구소,e-영업4
EOIS,오디,e-영업4
EOIV,엘리막쉬,e-영업4
EOIW,리에벨로,e-영업3
EOIX,꼬메모이,e-영업3
EOJ1,헬로닷,e-영업4
EOJ3,브이앤에이,e-영업4
EOJ4,카파,e-영업4
EOJ5,지포어,e-영업4
EOJ8,마리아쥬드비엔,e-영업4
EOJA,톰맥캔,e-영업3
EOJC,스위스밀리터리,e-영업3
EOJI,파잘,e-영업3
EOJJ,어그,e-영업3
EOJK,유로,e-영업4
EOJM,하르딘,e-영업4
EOJP,디얼스,e-영업4
EOJQ,롱샴,e-영업3
EOJR,씨몬스터,e-영업4
EOJT,알펜무어1618,e-영업4
EOJV,와키윌리,e-영업3
EOJY,로보락,e-영업4
EOJZ,잠뱅이,e-영업3
EOK2,캘빈클라인,e-영업3
EOK3,이즐리,e-영업4
EOK4,블런드스톤,e-영업3
EOK5,SISTINA,e-영업3
EOK7,투미,e-영업3
EOK8,로얄알바트로스,e-영업4
EOK9,한사,e-영업4
EOKA,프라다,e-영업4
EOKC,휴렉,e-영업4
EOKD,헌터,e-영업3
EOKF,베베드피노,e-영업3
EOKG,베베드피노,e-영업3
EOKH,아이스비스킷,e-영업3
EOKI,누누누,e-영업3
EOKJ,푸마,e-영업3
EOKK,뉴발란스,e-영업4
EOKN,유니프레임,e-영업4
EOKQ,비노아,e-영업4
EOKS,꼼데가르송,e-영업3
EOKT,셀린느,e-영업3
EOKV,콜게이트,e-영업4
EOKW,챈세스노이 포,e-영업3
EOKX,벨루티,e-영업3
EOKZ,뉴에라,e-영업4
EOL0,살로몬,e-영업4
EOL2,노스페이스,e-영업4
EOL3,노스페이스,e-영업4
EOLZ,예가한복,e-영업3
EOM7,발몽,e-영업4
EOM8,아레나,e-영업3
EOMB,벨킨,e-영업4
EOMC,수련,e-영업4
EOMJ,레노마,e-영업3
EOMW,아,e-영업3
EOMY,톰보이,e-영업3
EOMZ,테일러메이드,e-영업4
EON2,디젤,e-영업3
EON4,스톤아일랜드,e-영업4
EON5,말본,e-영업3
EON6,캐나다구스,e-영업3
EON7,테스토리,e-영업4
EON8,로아,e-영업3
EONA,그라미치,e-영업3
EONE,사브르,e-영업4
EONF,장듀보,e-영업4
EONH,나이키,e-영업4
EONK,래핑차일드,e-영업3
EONL,뉴네이처,e-영업4
EONM,비비와이비,e-영업3
EONO,메이븐뮤즈,e-영업3
EONQ,참존화장품,e-영업4
EONS,벨리에르,e-영업4
EONU,애끌리아,e-영업4
EONV,애끌리아,e-영업4
EONW,애끌리아,e-영업4
EOO0,후아유,e-영업3
EOO3,아디다스,e-영업4
EOO4,아디다스,e-영업4
EOO5,하이코스 퍼퓸,e-영업4
EOO7,브리즈홈,e-영업4
EOO8,지방시,e-영업3
EOOA,블루마토,e-영업3
EOOB,알티피아,e-영업4
EOOC,루펜,e-영업4
EOOD,오슬로,e-영업4
EOOF,해피프린스,e-영업3
EOOG,아,e-영업3
EOOH,스타일노리터,e-영업3
EOOI,스타일노리터,e-영업3
EOOJ,헤지스,e-영업3
EOOK,애플핑크,e-영업3
EOOL,제이씨비,e-영업3
EOOM,릴리푸리,e-영업3
EOON,슬리피헤드,e-영업3
EOOO,래핑차일드,e-영업3
EOOP,래핑차일드ACC,e-영업3
EOOQ,아디다스,e-영업3
EOOR,애플핑크,e-영업3
EOOS,애플핑크,e-영업3
EOOU,제이씨비,e-영업3
EOOV,스타일노리터,e-영업3
EOOW,스타일노리터,e-영업3
EOOX,슬리피헤드,e-영업3
EOOY,스타일노리터,e-영업3
EOOZ,래핑차일드,e-영업3
EOP0,스타일노리터,e-영업3
EOP1,스타일노리터,e-영업3
EOP2,스타일노리터,e-영업3
EOP3,슬리피헤드,e-영업3
EOP4,슬리피헤드,e-영업3
EOP5,게스,e-영업3
EOP6,닥스 리틀,e-영업3
EOP7,헤지스,e-영업3
EOP8,헤지스,e-영업3
EOP9,휠라,e-영업3
EOPA,래핑차일드,e-영업3
EOPB,래핑차일드ACC,e-영업3
EOPC,몽쥬르,e-영업3
EOPD,닥스 리틀,e-영업3
EOPE,올리반,e-영업3
EOPF,릴리푸리,e-영업3
EOPG,제이씨비,e-영업3
EOPH,애플핑크,e-영업3
EOPI,릴리푸리,e-영업3
EOPJ,릴리푸리,e-영업3
EOPK,릴리푸리,e-영업3
EOPL,올리반,e-영업3
EOPM,게스,e-영업3
EOPN,릴리푸리,e-영업3
EOPO,릴리푸리,e-영업3
EOPP,올리반,e-영업3
EOPQ,올리반,e-영업3
EOPR,닥스 리틀,e-영업3
EOPS,헤지스,e-영업3
EOPT,닥스 리틀,e-영업3
EOPU,헤지스,e-영업3
EOPV,컬럼비아,e-영업3
EOPW,컬럼비아,e-영업3
EOPX,베네통,e-영업3
EOPY,베네통,e-영업3
EOPZ,아이러브제이,e-영업3
EOQ2,커넥트킨록,e-영업3
EOQ3,버뮤다,e-영업4
EOQ6,크록스,e-영업3
EOQ7,컬럼비아,e-영업3
EOQ9,토도리브로,e-영업3
EOQA,디코랜드,e-영업3
EOQC,미미월드,e-영업3
EOQE,손오공,e-영업3
EOQF,영실업,e-영업3
EOQK,에어워크,e-영업3
EOQM,아,e-영업3
EOQN,에꼴리에,e-영업3
EOQO,셀덴,e-영업3
EOQP,휠라,e-영업3
EOQQ,오가닉맘,e-영업3
EOQR,한설,e-영업3
EOQS,브러쉬버디즈,e-영업4
EOQT,토박스,e-영업3
EOQV,아가타,e-영업3
EOQW,요가피기,e-영업3
EOQY,헤즈,e-영업3
EOQZ,밤보,e-영업3
EOR0,범보,e-영업3
EOR1,디,e-영업3
EOR2,두리,e-영업3
EOR3,휠라,e-영업3
EOR5,오션스카이,e-영업3
EOR7,키즈꼬모,e-영업3
EORA,카카오프렌즈 ACC,e-영업3
EORB,크록스,e-영업3
EORC,삐까부,e-영업3
EORD,릿첼,e-영업3
EORF,아디다스,e-영업3
EORH,멜리사앤더그,e-영업3
EORJ,해피랜드,e-영업3
EORK,압소바,e-영업3
EORL,베어파우,e-영업3
EORM,크록스,e-영업3
EORN,플랜토이즈,e-영업3
EORS,트렁키,e-영업3
EORT,아디다스,e-영업3
EORV,지프,e-영업3
EOS3,무스텔라,e-영업4
EOS5,키키스토리,e-영업3
EOS7,실바니안패밀리,e-영업3
EOS9,오로라월드,e-영업3
EOSA,시쿠,e-영업3
EOSC,토이스타일,e-영업3
EOSD,아이존,e-영업3
EOSE,그린핑거,e-영업4
EOSF,나이키,e-영업3
EOSI,뉴발란스,e-영업3
EOSL,삐삐롱,e-영업3
EOSO,루나스토리,e-영업3
EOSP,러닝톡톡,e-영업3
EOSR,오가닉맘,e-영업3
EOSS,아,e-영업3
EOST,빅토리아앤프렌즈,e-영업3
EOSX,윙하우스,e-영업3
EOSZ,에꼴리에,e-영업3
EOT0,헤겐,e-영업3
EOT1,예가한복,e-영업3
EOT2,스킵합,e-영업3
EOT3,에꼴리에,e-영업3
EOT5,플레이맥스,e-영업3
EOT6,러닝리소스,e-영업3
EOT7,아이윙크,e-영업3
EOT9,나이스토이,e-영업3
EOTA,디어베이비,e-영업3
EOTC,에뜨와,e-영업3
EOTD,헤겐,e-영업3
EOTE,해피버스,e-영업3
EOTF,브러쉬버디즈,e-영업4
EOTG,올라베이비,e-영업3
EOTH,마밤,e-영업3
EOTL,아이팜,e-영업3
EOTM,알로봇,e-영업3
EOTQ,실바니안,e-영업3
EOTR,토이트론,e-영업3
EOTS,앤디애플,e-영업3
EOTU,에꼴리에,e-영업3
EOTV,촉촉이모래,e-영업3
EOTX,브리스틱,e-영업4
EOTZ,루아코,e-영업4
EOU1,아이스샌드,e-영업3
EOU2,금동이한복,e-영업3
EOU3,맘스보드,e-영업3
EOU4,발로타,e-영업3
EOU5,베이비캠프,e-영업3
EOU7,아이스비스킷,e-영업3
EOU8,맘스보드,e-영업3
EOUA,버드시아,e-영업3
EOUC,제이씨비,e-영업3
EOUD,iggo,e-영업3
EOUE,올리버,e-영업3
EOUF,베베샤,e-영업3
EOUH,뎀뎀,e-영업3
EOUK,조이키즈샵,e-영업3
EOUL,소이베베,e-영업4
EOUM,비앤비,e-영업4
EOUN,스몰리,e-영업3
EOUO,버블트리,e-영업3
EOUP,그린핑거,e-영업4
EOUQ,베베드피노,e-영업3
EOUS,닥터브라운,e-영업4
EOUU,아,e-영업3
EOUV,처음교육,e-영업3
EOV1,리바이스,e-영업3
EOV2,에꼴리에,e-영업3
EOV3,에어워크,e-영업3
EOV4,페리미츠,e-영업3
EOV5,아,e-영업3
EOV6,인디고뱅크,e-영업3
EOV8,밀리밤,e-영업3
EOV9,일로딜로,e-영업3
EOVA,버츠비,e-영업3
EOVB,치크,e-영업3
EOVC,오후,e-영업3
EOVD,로엠걸즈,e-영업3
EOVE,더데이걸즈,e-영업3
EOVF,유솔,e-영업3
EOVG,앙떼떼,e-영업3
EOVH,월튼,e-영업3
EOVI,옥스포드,e-영업3
EOVJ,삐삐롱,e-영업3
EOVK,젤리스푼,e-영업3
EOVM,아이팜,e-영업3
EOVN,달곰이,e-영업4
EOVP,페리미츠,e-영업3
EOVQ,레시피박스,e-영업4
EOVR,레노마,e-영업3
EOVS,뿌야뿌,e-영업3
EOVV,에스크,e-영업3
EOVX,애플핑크,e-영업3
EOVY,킨더스코너,e-영업3
EOW0,알로봇,e-영업3
EOW1,제니스튜디오,e-영업3
EOW4,피터젠슨,e-영업3
EOW5,스타일노리터,e-영업3
EOW6,피터젠슨,e-영업3
EOW7,피터젠슨,e-영업3
EOW8,쿠키하우스,e-영업3
EOW9,쿠키하우스,e-영업3
EOWA,미니멜리사,e-영업3
EOWB,래핑차일드,e-영업3
EOWC,아디다스,e-영업3
EOWD,아디다스,e-영업3
EOWE,피터젠슨,e-영업3
EOWF,알로봇,e-영업3
EOWH,아디다스,e-영업3
EOWI,레노마,e-영업3
EOWJ,페리미츠,e-영업3
EOWK,게스,e-영업3
EOWL,해피랜드,e-영업3
EOWM,압소바,e-영업3
EOWN,오가닉맘,e-영업3
EOWO,래핑차일드,e-영업3
EOWQ,크록스,e-영업3
EOWR,오차드토이즈,e-영업3
EOWS,타티네쇼콜라,e-영업3
EOWU,라비베베,e-영업3
EOWV,휠라,e-영업3
EOWW,헤이미니,e-영업3
EOWX,뉴발란스,e-영업3
EOWZ,스마트자전거,e-영업3
EOX0,네파,e-영업3
EOX2,하이비,e-영업3
EOX4,에스핏,e-영업3
EOX5,라코스테,e-영업3
EOX6,버켄스탁,e-영업3
EOX7,나이키,e-영업3
EOX9,킹토이,e-영업3
EOXB,크록스,e-영업3
EOXD,아디다스,e-영업3
EOXE,팀버랜드,e-영업3
EOXG,로이토이즈,e-영업3
EOXH,토이트론,e-영업3
EOXI,다이노킹즈,e-영업3
EOXJ,팁토이조이,e-영업3
EOXK,보그스,e-영업3
EOXM,모던하우스,e-영업3
EOXN,유비맘,e-영업3
EOXO,토이톡톡,e-영업3
EOXP,소브,e-영업3
EOXQ,미니도우,e-영업3
EOXR,에스핏,e-영업3
EOXS,마틸다엔와이,e-영업3
EOXT,아이숲,e-영업3
EOXV,유비맘,e-영업3
EOXW,보드레,e-영업4
EOXX,아디다스,e-영업3
EOXY,노스페이스,e-영업3
EOY2,청아한복,e-영업3
EOY3,예일,e-영업3
EOY4,미즈노,e-영업3
EOY9,아디다스,e-영업3
EOYB,블루독,e-영업3
EOYC,블루독베이비,e-영업3
EOYD,밍크뮤,e-영업3
EOYE,폴햄,e-영업3
EOYF,에코센,e-영업3
EOYH,포켓몬스터,e-영업3
EOYI,캐치티니핑,e-영업3
EOYJ,미니특공대,e-영업3
EOYL,더하랑,e-영업3
EOYN,에뜨와,e-영업3
EOYO,쇼콜라,e-영업3
EOYP,이몽,e-영업3
EOYT,베이직엘르,e-영업3
EOYW,아디다스,e-영업3
EOYX,밀크마일로로,e-영업3
EOYY,루나,e-영업4
EOZ0,탁가온,e-영업4
EOZ2,나이키,e-영업3
EOZ3,언더아머,e-영업3
EOZ4,몰리멜리프렌즈,e-영업3
EOZ5,아디다스,e-영업3
EOZ8,크록스,e-영업3
EOZ9,토이세븐,e-영업3
EOZA,영실업,e-영업3
EOZB,미미월드,e-영업3
EOZC,아이존,e-영업3
EOZD,고나,e-영업3
EOZE,대영,e-영업3
EOZF,주영,e-영업3
EOZG,코니스,e-영업3
EOZH,레노마,e-영업3
EOZI,페리미츠,e-영업3
EOZK,원더키드,e-영업3
EOZM,산리오프렌즈,e-영업3
EOZN,포켓몬코리아,e-영업3
EOZO,리바이스,e-영업3
EOZV,나이키,e-영업3
EOZW,슈펜,e-영업3
EOZY,미미월드,e-영업3
EOZZ,아디다스,e-영업3
EP02,엠엘비,e-영업3
EP03,오로라,e-영업3
EP04,애플크럼비,e-영업3
EP05,크록스,e-영업3
EP06,나이키,e-영업3
EP07,아디다스,e-영업3
EP09,푸마,e-영업3
EP0A,뉴발란스,e-영업3
EP0B,언더아머,e-영업3
EP0C,뉴발란스,e-영업3
EP0D,크록스,e-영업3
EP0E,언더아머,e-영업3
EP0F,나이키,e-영업3
EP0G,아디다스,e-영업3
EP0H,뉴발란스,e-영업3
EP0I,폴로 랄프로렌,e-영업3
EP0K,반스,e-영업3
EP0M,리복,e-영업3
EP0N,아디다스,e-영업3
EP0O,푸마,e-영업3
EP0P,나이키,e-영업3
EP0Q,초이락,e-영업3
EP0R,어그,e-영업3
EP0T,어그,e-영업3
EP0U,컨버스,e-영업3
EP0V,메듀즈,e-영업3
EP0W,미니멜리사,e-영업3
EP0X,라코스테,e-영업3
EP0Y,메듀즈,e-영업3
EP0Z,챔피온,e-영업3
EP10,라코스테,e-영업3
EP11,베리메이,e-영업3
EP13,디즈니,e-영업3
EP14,동아완구,e-영업3
EP15,리틀 마크제이콥스,e-영업3
EP16,에스트라,e-영업4
EP18,건종,e-영업3
EP19,옥소토트,e-영업3
EP1B,아,e-영업3
EP1E,아,e-영업3
EP1G,지니스타,e-영업3
EP1H,비앤비,e-영업4
EP1M,나비잠,e-영업3
EP1N,폴로랄프로렌,e-영업3
EP1S,삠뽀요,e-영업3
EP1X,옥스포드,e-영업4
EP1Y,나비잠,e-영업3
EP1Z,레노마,e-영업3
EP21,베베숲,e-영업4
EP24,해피랜드,e-영업3
EP27,파타고니아,e-영업3
EP2B,해피랜드,e-영업3
EP2G,케어베어,e-영업3
EP2I,아디다스,e-영업3
EP2J,돗투돗,e-영업3
EP2L,지프,e-영업3
EP2M,오가닉맘,e-영업3
EP2N,알로봇,e-영업3
EP2O,쇼콜라,e-영업3
EP2P,빈,e-영업3
EP2Q,블루테일,e-영업3
EP2U,토드비,e-영업3
EP34,아디다스,e-영업3
EP35,나이키,e-영업3
EP37,아디다스,e-영업3
EP38,캐치티니핑,e-영업4
EP3A,윌슨,e-영업3
EP3B,엠리밋,e-영업3
EP3C,르파코,e-영업3
EP3F,롱샴,e-영업3
EP3L,베어본즈,e-영업4
EP3M,베드락,e-영업4
EP3N,치키,e-영업4
EP3O,듀 시그니,e-영업4
EP3P,에스프로,e-영업4
EP3R,핏츠,e-영업4
EP3S,젠틀맨 하드웨어,e-영업4
EP3T,인도솔,e-영업4
EP3U,카부,e-영업4
EP3V,아웃도어 엘레먼트,e-영업4
EP3W,스마트 마이크로버 시스템,e-영업4
EP3X,솔로,e-영업4
EP3Y,선스키,e-영업4
EP3Z,아르떼 레뇨,e-영업4
EP40,홈이즈,e-영업4
EP41,더레이블,e-영업3
EP42,키움하우스,e-영업3
EP44,비아모노,e-영업3
EP45,살로몬,e-영업3
EP4B,오레노,e-영업4
EP4C,알라이아,e-영업3
EP4D,까사골드,e-영업3
EP4E,스너글,e-영업4
EP4J,숌,e-영업4
EP4N,제이린드버그,e-영업3
EP4O,에코,e-영업3
EP4T,데스트리,e-영업3
EP4V,로바,e-영업3
EP4W,리프로덕션 오브 파운드,e-영업3
EP4Y,살로몬,e-영업3
EP50,안데르센 안데르센,e-영업3
EP51,오라리,e-영업3
EP52,우영미,e-영업3
EP53,클라터뮤젠,e-영업3
EP54,할리오브스코틀랜드,e-영업3
EP55,호카오네오네,e-영업3
EP56,보네코,e-영업4
EP58,제이린드버그,e-영업4
EP5A,레전드 잉글랜드,e-영업4
EP5D,샤넬,e-영업3
EP5E,진,e-영업4
EP5F,설화수,e-영업4
EP5G,르메르,e-영업3
EP5I,티니블랑,e-영업4
EP5K,르플랑에떼,e-영업4
EP5N,알씨비 폴로클럽,e-영업3
EP5P,엘리오나,e-영업3
EP5Q,브루넬로 쿠치넬리,e-영업3
EP5R,일월,e-영업4
EP5S,아르카익,e-영업3
EP5T,클로트,e-영업3
EP5U,플라스틱아일랜드,e-영업3
EP5V,하버드,e-영업3
EP5X,아림클로젯,e-영업3
EP5Y,본네,e-영업3
EP5Z,매리앤,e-영업3
EP60,오뜨베베,e-영업3
EP61,피아네르,e-영업3
EP63,디디오,e-영업3
EP67,몰리올리,e-영업3
EP69,어나더봄,e-영업3
EP6A,히얼아이엠,e-영업3
EP6C,조이풀리,e-영업3
EP6D,아이보리스튜디오,e-영업3
EP6J,로로볼리,e-영업3
EP6K,미니마린,e-영업3
EP6L,아웃도어프로덕츠,e-영업3
EP6M,오일릴리,e-영업3
EP6N,크로커다일,e-영업3
EP6P,로제까바이에,e-영업4
EP6Q,콜게이트,e-영업4
EP6R,스포츠리서치,e-영업4
EP6S,아쿠아퍼,e-영업4
EP6T,세타필,e-영업4
EP6U,도브,e-영업4
EP6V,헤드앤숄더,e-영업4
EP6W,테라브레스,e-영업4
EP6Y,센트룸,e-영업4
EP6Z,모로칸오일,e-영업4
EP70,엘리자베스아덴,e-영업4
EP72,롱샴,e-영업3
EP73,제니유,e-영업4
EP74,뉴발란스,e-영업3
EP75,벨리타앤보이즈,e-영업3
EP77,캐나다구스,e-영업3
EP78,카시오,e-영업3
EP79,지샥,e-영업3
EP7A,롱샴,e-영업3
EP7C,아더에러,e-영업3
EP7D,어반어트리,e-영업4
EP7F,아페쎄,e-영업3
EP7G,팀버랜드,e-영업4
EP7H,헌터,e-영업3
EP7I,블런드스톤,e-영업3
EP7J,레드윙,e-영업3
EP7K,헌터,e-영업3
EP7M,꾸민가,e-영업4
EP7O,고비,e-영업3
EP7P,꾸민가,e-영업4
EP7R,쉬엔,e-영업4
EP7S,수면공학소,e-영업4
EP7T,꾸민가,e-영업4
EP7U,더버한일,e-영업4
EP7V,(주)웜바디한일,e-영업4
EP7X,아디다스,e-영업3
EP7Y,노스페이스,e-영업4
EP80,어그,e-영업3
EP82,티파니 앤코,e-영업3
EP85,온러닝,e-영업3
EP8A,셀트만바이덴,e-영업4
EP8B,어그,e-영업3
EP8E,젤프로,e-영업4
EP8J,드파운드,e-영업3
EP8L,루이까또즈,e-영업3
EP8Q,미니스,e-영업4
EP8R,어그,e-영업3
EP8V,MALBON GOLF,e-영업4
EP8W,푸마,e-영업4
EP90,비건타이거,e-영업3
EP91,어그,e-영업3
EP95,필슨,e-영업3
EP99,셀뮬러,e-영업4
EP9A,스칼큐,e-영업4
EP9B,몽클레어,e-영업4
EP9C,더향,e-영업4
EP9D,루트루트,e-영업3
EP9F,로라 애슐리,e-영업3
EP9G,모그어스,e-영업3
EP9L,톰포드,e-영업3
EP9N,김소형원장,e-영업4
EP9O,아워레가시,e-영업3
EP9P,폴로 랄프로렌,e-영업3
EP9Q,나나미카,e-영업3
EP9R,칼하트,e-영업3
EP9T,타미힐피거,e-영업3
EP9U,캉골,e-영업3
EP9X,오르띠에,e-영업4
EPA8,로사센,e-영업4
EPAA,비비안웨스트우드,e-영업3
EPAE,데코아르,e-영업4
EPAH,부쿠로 혼마,e-영업4
EPAI,더마토브,e-영업4
EPAL,어그,e-영업3
EPAM,로아,e-영업3
EPAN,홈바이홈,e-영업4
EPAO,오터스마켓,e-영업4
EPAP,워크 터프 스토브,e-영업4
EPAQ,테클라,e-영업3
EPAS,미마,e-영업4
EPAT,블루닷,e-영업4
EPAU,하트만,e-영업4
EPAV,모데나,e-영업4
EPAW,기가,e-영업4
EPAY,트리노바,e-영업4
EPAZ,홈바이홈,e-영업4
EPB0,스위스밀리터리,e-영업4
EPB8,산드로,e-영업3
EPB9,마쥬,e-영업3
EPBC,까사골드,e-영업3
EPBD,라헨느,e-영업4
EPBE,타이니코튼,e-영업3
EPBI,마시모두띠,e-영업3
EPBK,알투지,e-영업4
EPBL,모락,e-영업4
EPBM,프로셔니스,e-영업4
EPBQ,릴리오,e-영업3
EPC9,폴로 랄프로렌,e-영업3
EPCL,칼하트,e-영업3
EPCP,돌체앤가바나,e-영업3
EPCQ,우프,e-영업3
EPCR,프롬더스킨,e-영업4
EPCU,빈폴멘,e-영업3
EPCV,금강제화,e-영업3
EPCX,스팀보이,e-영업4
EPCY,누디진,e-영업3
EPCZ,팀버랜드,e-영업3
EPD4,캐치티니핑,e-영업3
EPD5,미라클레어,e-영업4
EPD8,카멕스,e-영업4
EPD9,원어데이,e-영업4
EPDA,닥스 리틀,e-영업3
EPDB,헤지스,e-영업3
EPDC,닥스 리틀,e-영업3
EPDD,헤지스 키즈 ACC,e-영업3
EPDE,피터젠슨,e-영업3
EPDF,헤지스 키즈 ACC,e-영업3
EPDG,피터젠슨,e-영업3
EPDH,닥스 리틀 ACC,e-영업3
EPDI,포인터웍스,e-영업3
EPDJ,헤지스,e-영업3
EPDK,닥스 리틀,e-영업3
EPDL,포인터웍스,e-영업3
EPDM,피터젠슨,e-영업3
EPDN,포인터웍스,e-영업3
EPDO,피터젠슨,e-영업3
EPDP,닥스 리틀 ACC,e-영업3
EPDQ,헤지스 키즈 ACC,e-영업3
EPDR,피터젠슨,e-영업3
EPDS,포인터웍스,e-영업3
EPDT,아식스,e-영업3
EPDU,아르카익,e-영업3
EPE1,노앤뮤트,e-영업3
EPE2,루메나,e-영업4
EPE4,노티카,e-영업4
EPE5,베네통,e-영업3
EPE7,닥터엘리자베스,e-영업4
EPE8,나우푸드,e-영업4
EPEB,에스더포뮬러,e-영업4
EPES,뉴트리원,e-영업4
EPEW,멜라밀라,e-영업3
EPEX,스칼큐,e-영업4
EPEY,아르마니 익스체인지,e-영업3
EPEZ,컬럼비아,e-영업3
EPF6,비비안 웨스트우드,e-영업3
EPFA,SOUP,e-영업3
EPFB,메종키츠네,e-영업4
EPFC,버켄스탁,e-영업3
EPFE,살로몬,e-영업3
EPFL,무어레르,e-영업3
EPFV,문부츠,e-영업3
EPFW,더니트컴퍼니,e-영업3
EPFY,안데르센 안데르센,e-영업3
EPG0,미샤앤퍼프,e-영업3
EPGA,크로커다일,e-영업3
EPGB,세인트스코트,e-영업3
EPGC,47브랜드,e-영업3
EPGD,씨피컴퍼니,e-영업3
EPGE,디케이앤와이,e-영업3
EPGG,골든구스,e-영업3
EPGH,길단,e-영업3
EPGI,나이키,e-영업3
EPGM,뉴발란스,e-영업3
EPGN,드래곤 디퓨전,e-영업3
EPGO,디,e-영업3
EPGP,로스코,e-영업3
EPGQ,메종키츠네,e-영업3
EPGS,바쿠,e-영업3
EPGT,세인트제임스,e-영업3
EPGV,스마트울,e-영업3
EPGX,아디다스,e-영업3
EPH0,아페쎄,e-영업3
EPH4,엠포리오 아르마니,e-영업3
EPH5,오클리,e-영업3
EPH8,잔스포츠,e-영업3
EPHA,지포어,e-영업3
EPHC,칼하트,e-영업3
EPHD,캉골,e-영업3
EPHF,캐나다구스,e-영업3
EPHH,캘빈클라인,e-영업3
EPHI,컬럼비아,e-영업3
EPHJ,타미힐피거,e-영업3
EPHL,폴로 랄프로렌,e-영업3
EPHN,미닉스,e-영업4
EPHQ,씨피 컴퍼니,e-영업3
EPHR,가니,e-영업3
EPHV,꼼데가르송,e-영업3
EPI2,라코스테,e-영업3
EPI9,마르니,e-영업3
EPIB,마이클코어스,e-영업3
EPIR,메종 마르지엘라,e-영업3
EPIS,메종키츠네,e-영업3
EPIV,몽클레어,e-영업3
EPJ2,발리,e-영업3
EPJ3,버버리,e-영업3
EPJ8,나이키,e-영업3
EPJ9,써네이,e-영업3
EPJA,뉴발란스,e-영업3
EPJB,텐씨,e-영업3
EPJC,아디다스,e-영업3
EPJG,보스,e-영업3
EPJQ,스톤아일랜드,e-영업3
EPJS,스포티앤리치,e-영업3
EPJV,아식스,e-영업3
EPJX,아페쎄,e-영업3
EPJZ,알렉산더맥퀸,e-영업3
EPK0,아르마니 진,e-영업3
EPK1,어그,e-영업3
EPK3,케이제이잡화점,e-영업3
EPK5,아이온미,e-영업3
EPK6,테바,e-영업3
EPK7,에스티로더,e-영업4
EPK8,샤넬,e-영업4
EPK9,샤넬,e-영업4
EPKA,에르노,e-영업3
EPKD,조말론,e-영업4
EPKF,디올,e-영업4
EPKH,크리드,e-영업4
EPKJ,온러닝,e-영업3
EPKL,가민,e-영업4
EPKM,테누타,e-영업4
EPKW,한일전기,e-영업4
EPKX,일리,e-영업4
EPKZ,베이직스,e-영업4
EPL3,든,e-영업3
EPL7,파라부트,e-영업3
EPLE,칼하트,e-영업3
EPLN,톰포드,e-영업3
EPLQ,페라가모,e-영업3
EPLS,폴로 랄프로렌,e-영업3
EPLZ,토토헤로스,e-영업3
EPM1,아이엠아이,e-영업3
EPM2,코디,e-영업3
EPM5,슬레진저,e-영업3
EPMD,쿠키하우스,e-영업3
EPME,볼컴,e-영업3
EPMF,컬럼비아,e-영업3
EPMI,페리엘리스,e-영업4
EPMJ,피어오브갓,e-영업3
EPMK,블루마운틴,e-영업3
EPMN,에르노,e-영업3
EPMO,보이러,e-영업4
EPMP,모로칸오일,e-영업4
EPMQ,미네통카,e-영업3
EPMR,아디다스,e-영업3
EPMV,동국제약,e-영업4
EPMW,가니,e-영업3
EPMY,겐조,e-영업3
EPN0,골든구스,e-영업3
EPNO,메종키츠네,e-영업3
EPNZ,버버리,e-영업3
EPO2,보테가베네타,e-영업3
EPO3,브루넬로 쿠치넬리,e-영업3
EPO4,비비안웨스트우드,e-영업3
EPOA,슈프림,e-영업3
EPOB,스톤아일랜드,e-영업3
EPOC,스포티앤리치,e-영업3
EPOD,씨피컴퍼니,e-영업3
EPOF,아미,e-영업3
EPOJ,아크테릭스,e-영업3
EPOK,아페쎄,e-영업3
EPOW,자크뮈스,e-영업3
EPP7,톰브라운,e-영업3
EPP8,톰포드,e-영업3
EPP9,파라점퍼스,e-영업3
EPPG,폴로 랄프로렌,e-영업3
EPPH,프라다,e-영업3
EPPO,휴먼메이드,e-영업3
EPPP,엠에스지엠,e-영업3
EPPR,요시다 포터,e-영업3
EPPU,휴먼메이드,e-영업3
EPPY,오라리,e-영업3
EPQ3,드래곤 디퓨전,e-영업3
EPQ4,보보쇼즈,e-영업3
EPQ6,저스틴23,e-영업3
EPQ9,퀸센스,e-영업4
EPQA,스폰텍스,e-영업4
EPQD,폴크,e-영업4
EPQH,슈틸루스터,e-영업4
EPQJ,다이슨,e-영업4
EPQL,잔스포츠,e-영업3
EPQM,닥터마틴,e-영업3
EPQN,이노젠,e-영업4
EPQO,쥬시꾸뛰르,e-영업3
EPQP,프레리,e-영업3
EPQT,스케다,e-영업4
EPR1,비아셉템버,e-영업3
EPR7,피어오브갓,e-영업3
EPR9,가니,e-영업3
EPRA,꼼데가르송,e-영업3
EPRB,캐나다구스,e-영업3
EPRG,보테가 베네타,e-영업3
EPRH,입생로랑,e-영업3
EPRI,지방시,e-영업3
EPRJ,메종 키츠네,e-영업3
EPRK,47브랜드,e-영업3
EPRM,톰브라운,e-영업3
EPRN,폴로 랄프로렌,e-영업3
EPRQ,바이마르,e-영업4
EPRS,몽클레어,e-영업3
EPRU,참존화장품,e-영업4
EPRV,참존화장품,e-영업4
EPRY,문부츠,e-영업3
EPS6,스파알,e-영업4
EPS7,퍼퓸갤러리,e-영업4
EPSR,스카이,e-영업3
EPSW,조지루시,e-영업4
EPSY,르브아시스,e-영업3
EPSZ,샤넬,e-영업4
EPT0,디올,e-영업4
EPT1,르라보,e-영업4
EPT2,딥티크,e-영업4
EPT3,크리드,e-영업4
EPT4,톰포드,e-영업4
EPT5,메종 마르지엘라,e-영업4
EPT6,입생로랑,e-영업4
EPT7,바이레도,e-영업4
EPT8,조말론,e-영업4
EPTA,디,e-영업3
EPTB,타이니코튼,e-영업3
EPTC,블런드스톤,e-영업3
EPTD,피레넥스,e-영업3
EPTF,이스트팩,e-영업3
EPTH,엠포리오 아르마니,e-영업3
EPTI,지노리 1735,e-영업4
EPTK,스카겐,e-영업3
EPTL,몽플리쎄,e-영업3
EPTM,지앤지비,e-영업3
EPTN,조이앤율리,e-영업4
EPTO,루틴프로젝트,e-영업4
EPTQ,디라이프,e-영업4
EPTR,레노마,e-영업3
EPTS,키즈토즈,e-영업3
EPTU,리틀라이프,e-영업3
EPTX,글라스락,e-영업4
EPU0,롱샴,e-영업3
EPU1,아페쎄,e-영업3
EPU2,메종 키츠네,e-영업3
EPU3,스테이지 어라운드,e-영업3
EPU4,파타고니아,e-영업3
EPU5,온러닝,e-영업3
EPU6,아디다스,e-영업3
EPU8,요시다 포터,e-영업3
EPUB,레이지비,e-영업4
EPUG,비비안 웨스트우드,e-영업3
EPUI,노스페이스,e-영업3
EPUJ,자크뮈스,e-영업3
EPUK,아미,e-영업3
EPUL,갭,e-영업3
EPUM,세인트나인,e-영업4
EPUN,한샘,e-영업4
EPUV,심갓,e-영업4
EPUW,디프락스,e-영업3
EPV0,파쉬,e-영업4
EPV2,더로우,e-영업3
EPV6,토로스,e-영업4
EPVA,랩온랩,e-영업4
EPVB,블랭크공삼,e-영업3
EPVE,와이제이,e-영업3
EPVF,라이,e-영업3
EPVG,플로브,e-영업3
EPVH,일루셀,e-영업3
EPVL,카미노,e-영업3
EPVN,에페이오스,e-영업4
EPVO,클락스,e-영업3
EPVQ,플릭,e-영업4
EPVT,카시오,e-영업3
EPVU,드래곤 디퓨전,e-영업3
EPVV,단톤,e-영업3
EPVX,니콘,e-영업4
EPVZ,엔에프락,e-영업4
EPW0,알텐바흐,e-영업4
EPW1,집탑,e-영업4
EPW5,데상트,e-영업4
EPW6,미소니,e-영업3
EPW7,무스너클,e-영업3
EPWB,한일의료기,e-영업4
EPWC,토이마스터,e-영업3
EPWE,가이거,e-영업3
EPWF,아비투먼트,e-영업3
EPWG,키엘,e-영업4
EPWI,키친에이드,e-영업4
EPWJ,라라포푸리,e-영업4
EPWS,나이키,e-영업3
EPWU,나나미카,e-영업3
EPWW,아스토플렉스,e-영업3
EPWY,케네스콜,e-영업4
EPWZ,포디,e-영업4
EPX9,투타임즈유,e-영업4
EPXA,몽블랑,e-영업3
EPXB,도무스,e-영업4
EPYW,아이아쿠아,e-영업4
EPYY,타이틀리스트,e-영업4
EPZ2,에스티듀퐁,e-영업3
EPZ3,바이레도,e-영업4
EPZK,알라이아,e-영업3
EPZN,알레메,e-영업3
EPZU,알트라,e-영업3
EQ03,애니빙,e-영업3
EQ2E,치미,e-영업3
EQ3I,드멜리어,e-영업3
EQ3Y,두노,e-영업3
EQ5M,지포어,e-영업3
EQ6A,헤이두드,e-영업3
EQ6R,옌키옌키,e-영업3
EQ85,랑콤,e-영업4
EQ86,청담30,e-영업4
EQ87,닥터올,e-영업4
EQ88,언뮤트,e-영업4
EQ98,마크앤로나,e-영업3
EQAJ,노스페이스,e-영업3
EQAY,오니츠카타이거,e-영업3
EQBS,페르솔,e-영업3
EQD0,더블알엘,e-영업3
EQD7,세이트,e-영업3
EQDD,새티스파이,e-영업3
EQDF,사베트,e-영업3
EQDG,스카르파,e-영업3
EQFJ,베일런스,e-영업3
EQG2,와일드 동키,e-영업3
EQHH,바이말렌버그,e-영업3
EQHM,칼하트 윕,e-영업3
EQIC,젠틀몬스터,e-영업3
EQIS,이블루스,e-영업3
EQJX,문,e-영업3
EQK3,빨질레리,e-영업3
EQK7,피터앤메이,e-영업3
EQKV,사토리산,e-영업3
EQKX,셀프포트레이트,e-영업3
EQKZ,세르지오타키니,e-영업3
EQLD,텐씨,e-영업3
EQLF,더가먼츠,e-영업3
EQLU,보일 블랑쉐,e-영업3
EQM5,알렉산더맥퀸,e-영업3
EQM6,디스퀘어드2,e-영업3
EQM7,버버리,e-영업3
EQM8,발렌시아가,e-영업3
EQM9,브루넬로 쿠치넬리,e-영업3
EQMA,메종 마르지엘라,e-영업3
EQME,예꼬맘,e-영업3
EQMG,라볼레이,e-영업3
EQMH,몽블랑,e-영업3
EQMI,리큅,e-영업4
EQMM,마크제이콥스,e-영업3
EQMN,뉴발란스,e-영업3
EQMO,버켄스탁,e-영업3
EQMR,둘레,e-영업4
EQMS,벤시몽,e-영업3
EQMU,입생로랑,e-영업4
EQMX,테팔,e-영업4
EQMY,이즈미,e-영업4
EQMZ,대상웰라이프,e-영업4
EQN1,풀리오,e-영업4
EQN3,VIVIEN스타킹,e-영업3
EQN5,메종 마르지엘라,e-영업4
EQN7,루메나,e-영업4
EQN8,에르노,e-영업3
EQNA,펜디,e-영업3
EQNC,메종 마르지엘라,e-영업3
EQND,랑콤,e-영업4
EQNE,한일스테인레스,e-영업4
EQNF,디젤,e-영업3
EQNG,밥캣,e-영업3
EQNJ,캘러웨이,e-영업4
EQNL,젝시오,e-영업4
EQNN,세인트나인,e-영업4
EQNO,스릭슨,e-영업4
EQNR,미즈노,e-영업4
EQNT,테일러메이드,e-영업4
EQNU,에코,e-영업4
EQNV,핑,e-영업4
EQNX,볼빅,e-영업4
EQO4,마제스티,e-영업4
EQO5,프로기어,e-영업4
EQO6,도담,e-영업4
EQO7,스케쳐스,e-영업4
EQOB,톨비스트,e-영업4
EQOE,휴롬,e-영업4
EQOZ,알트라,e-영업3
EQPG,오트리,e-영업3
EQPO,베이스레인지,e-영업3
EQQ9,켈러웨이,e-영업3
EQQR,크로켓 앤 존스,e-영업3
EQQY,단톤,e-영업3
EQR5,도이터,e-영업3
EQRH,에코,e-영업3
EQTE,휴먼메이드,e-영업3
EQX9,하그로프스,e-영업3
EQYC,키지마 타카유키,e-영업3
ER06,나누슈카,e-영업3
ER07,에스케이매직,e-영업4
ER0A,노르다,e-영업3
ER0B,노스페이스,e-영업3
ER0J,온 러닝,e-영업3
ER0N,오니츠카타이거,e-영업3
ER0O,오어슬로우,e-영업3
ER0P,오스프리,e-영업3
ER1O,피엑스지,e-영업3
ER1Q,랩,e-영업3
ER2J,새티스파이,e-영업3
ER33,스토리엠에프지,e-영업3
ER37,써네이,e-영업3
ER3M,타이틀리스트,e-영업3
ER47,와일드 동키,e-영업3
ER4N,딥디크,e-영업4
ER4P,아크테릭스,e-영업3
ER4V,골드필드 앤 뱅크스,e-영업4
ER4W,니티나,e-영업4
ER4X,밤부베베,e-영업3
ER4Z,몬테라,e-영업4
ER50,한삼인,e-영업4
ER51,뉴발란스,e-영업3
ER52,에르메스,e-영업4
ER53,리더스코스메틱,e-영업4
ER54,릴리,e-영업4
ER56,에르메스,e-영업4
ER58,로사센,e-영업4
ER5D,시세이도 프로페셔널,e-영업4
ER5H,핀티녹스,e-영업4
ER5I,캘러웨이,e-영업4
ER5J,마운티아,e-영업4
ER5K,벨지,e-영업3
ER5M,위티코코,e-영업4
ER5N,테일러메이드,e-영업4
ER5P,핑,e-영업4
ER5S,럭스,e-영업4
ER5T,홀릭앤플레이,e-영업4
ER5U,트리노바,e-영업4
ER5V,야마모토,e-영업4
ER5W,기타,e-영업4
ER5Z,아식스,e-영업3
ER60,보보쇼즈,e-영업3
ER61,알라이아,e-영업3
ER62,펜할리곤스,e-영업4
ER63,펜할리곤스,e-영업4
ER66,플라스틱아일랜드,e-영업3
ER6C,위오,e-영업4
ER6E,더로우,e-영업3
ER6G,에르헴,e-영업3
ER6H,미라클루틴,e-영업4
ER6I,리틀스텔라,e-영업3
ER6J,올리비아로렌_비노출,e-영업3
ER6L,쿠키하우스,e-영업3
ER6N,이팬트리,e-영업4
ER6R,갭,e-영업3
ER6S,초이락,e-영업3
ER6Y,제주삼다수,e-영업4
ER73,에스에이엠지엔터테인먼트,e-영업3
ER74,어니우니,e-영업3
ER7K,하비스,e-영업3
ER7N,꼬메모이,e-영업3
ER7S,리피트인,e-영업4
ER7V,아디다스,e-영업3
ER7Z,허바신,e-영업4
ER81,마루망,e-영업4
ER82,세인트나인,e-영업4
ER84,오즈웨어,e-영업3
ER87,듀퐁셔츠_,e-영업3
ER88,이야이야앤프렌즈,e-영업4
ER89,스마트스코어,e-영업4
ER8A,세인트나인,e-영업4
ER8B,기타,e-영업4
ER8C,리얼라인,e-영업4
ER8D,리얼라인,e-영업4
ER8E,듀빅,e-영업4
ER8F,메종 프란시스 커정,e-영업4
ER8G,지엑스오,e-영업4
ER8J,더로우,e-영업3
ER8M,비긴스,e-영업3
ER8N,폴로 랄프로렌,e-영업3
ER8P,피터젠슨,e-영업3
ER8Q,피터젠슨,e-영업3
ER8R,헤지스,e-영업3
ER8S,데이비드,e-영업4
ER8U,할리오브스코틀랜드,e-영업3
ER8V,브렌스,e-영업4
ER8X,기타,e-영업4
ER91,기타,e-영업4
ER92,VENUS,e-영업3
ER94,FILA,e-영업3
ER95,크록스,e-영업3
ER9J,나이키(스포츠),e-영업3
ER9K,아디다스(스포츠),e-영업3
ER9U,헤지스,e-영업3
ER9V,요아이,e-영업4
ER9W,화이트볼,e-영업4
ER9X,티파니 앤코,e-영업4
ER9Z,티파니 앤코,e-영업4
ERA0,볼컴,e-영업3
ERA3,스테이시 온,e-영업3
ERA4,마비스,e-영업4
ERA5,에이지투웨니스,e-영업4
ERA6,루나,e-영업4
ERA8,포인트앤,e-영업4
ERA9,뉴트로지나,e-영업4
ERAA,클린앤클리어,e-영업4
ERAB,폴로,e-영업3
ERAC,산타마리아노벨라,e-영업4
ERAD,르라보,e-영업4
ERAE,산타마리아노벨라,e-영업4
ERAG,뉴에라,e-영업3
ERAH,프라이탁,e-영업3
ERAI,레인스,e-영업3
ERAJ,샤넬,e-영업3
ERAK,휴락,e-영업4
ERAL,페트레이,e-영업3
ERAQ,오클리,e-영업3
ERAR,발리,e-영업4
ERAS,키블리,e-영업3
ERAV,챔피온,e-영업4
ERAX,네오플램,e-영업4
ERAY,프렌치캣,e-영업3
ERAZ,챔피온,e-영업3
ERB1,존슨즈,e-영업4
ERB4,지프,e-영업3
ERB6,토마스풀,e-영업4
ERB7,데이비드 클럽,e-영업4
ERB9,문부츠,e-영업3
ERBB,퍼퓸 드 말리,e-영업4
ERBD,조르지오 아르마니,e-영업4
ERBG,아쿠아 디 파르마,e-영업4
ERBH,겔랑,e-영업4
ERBI,케라셀,e-영업4
ERBJ,프로레나타,e-영업4
ERBL,엠엠6,e-영업3
ERCH,디스커버리,e-영업3
ERCJ,쿠바이투,e-영업3
ERCO,블랙야크,e-영업3
ERCQ,헬로미니미,e-영업3
ERCT,폴햄,e-영업3
ERCW,헹켈,e-영업4
ERCY,엠락틴,e-영업4
ERCZ,엘에스에이,e-영업4
ERD1,매드어바웃매츠,e-영업4
ERD3,바스,e-영업4
ERD4,제이코스튬,e-영업3
ERD6,엘르옴므,e-영업3
ERD7,토마스베일리,e-영업3
ERD9,코치,e-영업3
ERDH,오가닉맘,e-영업3
ERDI,불가리,e-영업4
ERDJ,볼타,e-영업4
ERDM,아베크롬비,e-영업4
ERDN,휴고보스,e-영업3
ERDU,스너그유,e-영업3
ERDV,약손명가 헬스케어,e-영업4
ERDW,보스,e-영업4
ERDX,뉴니스,e-영업4
ERDY,피레넥스,e-영업3
ERE0,유키위,e-영업4
ERE1,로마,e-영업4
ERE5,블랙앤화이트,e-영업4
ERE6,킹손,e-영업3
ERE7,캘빈클라인,e-영업3
ERE8,타미힐피거,e-영업3
ERE9,아릿지아,e-영업3
EREA,디케이앤와이,e-영업3
EREB,피터젠슨,e-영업3
EREC,헤지스,e-영업3
ERED,베네통,e-영업3
EREE,베네통,e-영업3
EREH,토템,e-영업3
EREK,세임스텝,e-영업4
EREL,키스포,e-영업3
EREM,비버리힐스 폴로클럽,e-영업3
EREN,브링백,e-영업4
EREO,르버브,e-영업4
EREP,트래드후스,e-영업3
ERES,리스테린,e-영업4
EREU,디젤,e-영업3
ERF2,베네데타보롤리,e-영업3
ERF4,휴빛조명,e-영업4
ERF5,헌터,e-영업3
ERF6,문부츠,e-영업3
ERFC,골든베어,e-영업4
ERFE,릴리푸리,e-영업3
ERFF,올리반,e-영업3
ERFG,올리반,e-영업3
ERFH,꼬망스,e-영업3
ERFI,모다까리나,e-영업3
ERFJ,제이씨비,e-영업3
ERFK,애플핑크,e-영업3
ERFL,컬럼비아,e-영업3
ERFM,아페쎄,e-영업3
ERFN,아더에러,e-영업3
ERFQ,아미,e-영업3
ERFR,아식스,e-영업3
ERFV,씨피 컴퍼니,e-영업3
ERFW,캐나다구스,e-영업3
ERG2,디젤,e-영업3
ERG4,가니,e-영업3
ERG6,에르노,e-영업3
ERG7,하울린,e-영업3
ERG8,제이린더버그,e-영업3
ERGC,메종 키츠네,e-영업3
ERGE,메종미하라야스히로,e-영업3
ERGH,몽클레어,e-영업3
ERGJ,온 러닝,e-영업3
ERGM,프라다,e-영업3
ERGN,로아,e-영업3
ERGP,살로몬,e-영업3
ERGU,타트라스,e-영업3
ERGX,어그,e-영업3
ERGY,비비안 웨스트우드,e-영업3
ERH0,우영미,e-영업3
ERH9,캐피탈,e-영업3
ERIC,체리,e-영업3
ERII,더블알엘,e-영업3
ERJC,지노리 1735,e-영업3
ERKC,로헤,e-영업3
ERKX,프레드페리,e-영업3
ERL0,바오바오이세이미야케,e-영업3
ERLB,아페세,e-영업3
ERLW,훈자 지,e-영업3
ERMM,미하라 야스히로,e-영업3
ERNA,갤러리 디파트먼트,e-영업3
ERNN,새티스파이,e-영업3
ERO5,이벨리브,e-영업3
EROT,빅마티,e-영업3
EROU,버윅1707,e-영업3
EROW,루이지 보렐리,e-영업3
ERPC,온,e-영업3
ERPD,타티네쇼콜라,e-영업3
ERQ1,카렐,e-영업3
ERQH,테클라,e-영업3
ERQV,커틀러 앤 그로스,e-영업3
ERRZ,엠엠식스 메종 마르지엘라,e-영업3
ERS4,브이73,e-영업3
ERSY,몰로,e-영업3
ERT4,일구포,e-영업3
ERT7,파리텍사스,e-영업3
ERTK,팔로마바르셀로,e-영업3
ERTL,알렉산더맥퀸,e-영업3
ERTM,오피치네크리에이티브,e-영업3
ERTW,와이쓰리,e-영업3
ERU2,봉통,e-영업3
ERU7,쟈딕앤볼테르,e-영업3
ERUD,데스틴,e-영업3
ERUH,디스이즈네버댓,e-영업3
ERUW,디올,e-영업3
ERUY,장폴고티에,e-영업3
ERV3,돌체앤가바나,e-영업3
ERV4,노스페이스,e-영업3
ERVN,조르지오 아르마니,e-영업4
ERVT,겔랑,e-영업4
ERVW,아베크롬비,e-영업4
ERVY,스피카,e-영업4
ERW2,커클랜드,e-영업4
ERW3,네이처스 바운티,e-영업4
ERW4,나나미카,e-영업3
ERW5,코치,e-영업3
ERW6,아키클래식,e-영업4
ERW8,이퓨럽,e-영업4
ERW9,아르페지오베이직,e-영업4
ERWA,울렌,e-영업4
ERWB,데일리스트_신상,e-영업3
ERWC,메종키츠네,e-영업3
ERWE,다이슨,e-영업4
ERWI,톰브라운,e-영업3
ERWJ,예작셔츠_,e-영업3
ERWL,로코코,e-영업4
ERWM,탁가온,e-영업3
ERWN,켄트로얄,e-영업4
ERWO,구찌,e-영업3
ERWP,꼼데가르송,e-영업3
ERWQ,끌로에,e-영업3
ERWS,디젤,e-영업3
ERWT,롱샴,e-영업3
ERWU,르메르,e-영업3
ERWY,메종 마르지엘라,e-영업3
ERWZ,메종키츠네,e-영업3
ERX0,몽블랑,e-영업3
ERX1,몽클레어,e-영업3
ERX2,미우미우,e-영업3
ERX3,발렌시아가,e-영업3
ERX4,버버리,e-영업3
ERX5,보테가 베네타,e-영업3
ERX6,비비안웨스트우드,e-영업3
ERX7,살로몬,e-영업3
ERX8,생로랑,e-영업3
ERXA,셀린느,e-영업3
ERXB,스톤아일랜드,e-영업3
ERXD,아미,e-영업3
ERXE,아크네 스튜디오,e-영업3
ERXF,아페쎄,e-영업3
ERXH,어그,e-영업3
ERXJ,옴므플리세 이세이미야케,e-영업3
ERXK,우영미,e-영업3
ERXM,자크뮈스,e-영업3
ERXQ,페라가모,e-영업3
ERXS,프라다,e-영업3
ERXV,NBA키즈_,e-영업3
ERXW,오너클랜,e-영업4
ERXY,자운결,e-영업4
ERXZ,골프히어로,e-영업4
ERY0,아임제이,e-영업3
ERY1,데비하우스,e-영업4
ERY2,돗투돗,e-영업3
ERY3,제이비오,e-영업3
ERY4,롱샴,e-영업3
ERY6,알라이아,e-영업3
ERY7,기타브랜드(골프),e-영업3
ERY9,테일러메이드,e-영업4
ERYB,캘러웨이,e-영업4
ERYD,기타브랜드(골프),e-영업4
ERYF,사브르,e-영업4
ERYL,휠라,e-영업4
ERYM,캘러웨이,e-영업4
ERYN,토즈,e-영업3
ERYP,커터앤벅,e-영업4
ERYQ,피지에이,e-영업4
ERYR,리쥬란,e-영업4
ERYT,꾸레쥬,e-영업3
ERYU,몽벨,e-영업4
ERYX,아메리칸니들,e-영업3
ERZ0,SKECHERS USA,e-영업3
ERZ4,르까프,e-영업4
ERZ5,온러닝,e-영업3
ERZ6,마이어,e-영업4
ERZ7,마이템,e-영업4
ERZD,캘빈클라인진,e-영업3
ERZE,엔비에이,e-영업3
ERZF,버커루,e-영업3
ERZG,이클아트,e-영업4
ERZI,컬리수,e-영업3
ERZJ,플레이,e-영업3
ERZK,반트36.5,e-영업4
ERZL,디페어,e-영업4
ERZM,쿡셀,e-영업4
ERZS,낫싱,e-영업4
ERZT,나이키키즈_,e-영업3
ERZU,NBA,e-영업3
ERZZ,롱샴,e-영업3
ES01,온러닝,e-영업3
ES02,모이몰른,e-영업3
ES03,엔비에이,e-영업3
ES0A,엑스넬스,e-영업4
ES0C,테크스킨,e-영업4
ES0D,메이홉,e-영업4
ES0E,커버낫,e-영업3
ES0F,코닝웨어,e-영업4
ES0G,코렐코디네이츠,e-영업4
ES0I,레이로우,e-영업3
ES0M,포언더,e-영업4
ES0N,오라리,e-영업3
ES0O,온러닝,e-영업3
ES0P,살로몬,e-영업3
ES0Q,그라운즈,e-영업3
ES0R,폴스포텐,e-영업4
ES0T,포드바쉐,e-영업4
ES0V,리버델,e-영업4
ES0X,리바이스,e-영업3
ES0Y,시크릿데이,e-영업4
ES0Z,단옥고,e-영업4
ES10,픽커스,e-영업4
ES11,딸라스파,e-영업4
ES12,토삭스,e-영업3
ES13,아카데미과학,e-영업3
ES14,월드컵토이,e-영업3
ES16,밤나무,e-영업3
ES17,뮤지크,e-영업3
ES18,스틸러,e-영업3
ES1G,머레이코리아,e-영업4
ES1I,아보리덤,e-영업4
ES1J,토템,e-영업3
ES1K,비스카,e-영업4
ES1L,카니,e-영업3
ES1M,메트로시티,e-영업3
ES1N,캉골,e-영업3
ES1O,보이런던,e-영업3
ES1P,우영미,e-영업3
ES1Q,오쏘핏,e-영업3
ES1R,캐치티니핑,e-영업3
ES1W,봉통,e-영업3
ES2A,버켄스탁,e-영업3
ES2K,불가리,e-영업4
ES2L,메종 마르지엘라,e-영업3
ES2M,엠에스지엠,e-영업3
ES2N,비비안 웨스트우드,e-영업3
ES2O,씨피컴퍼니,e-영업3
ES2P,꾸레쥬,e-영업3
ES2Q,리던,e-영업3
ES2R,갤러리 디파트먼트,e-영업3
ES2S,텐씨,e-영업3
ES2T,로로피아나,e-영업3
ES2U,알라이아,e-영업3
ES2W,엠엠6,e-영업3
ES2Y,한샘,e-영업4
ES2Z,닥스베이비,e-영업3
ES31,헬베스코,e-영업4
ES32,더 시에나 라이프,e-영업4
ES34,멘토스,e-영업4
ES37,온러닝,e-영업3
ESCC,휴먼메이드,e-영업3
ESCD,캘빈클라인,e-영업3
ESCE,미샤앤퍼프,e-영업3
ESCF,핀블랑,e-영업4
ESCH,톰포드,e-영업3
ESCK,오클리,e-영업3
ESCL,구찌,e-영업3
ESCM,보스,e-영업3
ESCN,타미힐피거,e-영업3
ESCO,까레라,e-영업3
ESCQ,아르케,e-영업4
ESCV,에디슨,e-영업3
ESCY,에스에이엠지엔터테인먼트,e-영업3
ESD1,책플린,e-영업3
ESD5,뷰티메드,e-영업4
ESD6,스킨유,e-영업4
ESD7,글루타넥스,e-영업4
ESDA,세이코,e-영업3
ESDB,비디케이 퍼퓸,e-영업3
ESDF,에이유엘,e-영업4
ESDG,캐시미어오리지널,e-영업3
ESDH,메스타리,e-영업3
ESDI,호카오네오네,e-영업3
ESDL,헤지스,e-영업3
ESDN,빅토리아 시크릿,e-영업4
ESDO,샤카웨어,e-영업3
ESDR,스위스밀리터리,e-영업4
ESDS,마시피렌체,e-영업4
ESDT,쉬므스,e-영업3
ESDU,파세코,e-영업4
ESDW,라움에스알,e-영업4
ESDX,코치,e-영업3
ESDZ,슈퍼스트로크,e-영업4
ESE1,데오아,e-영업4
ESE2,온러닝,e-영업3
ESE4,까사부가티,e-영업4
ESE8,메종미하라야스히로,e-영업3
ESE9,말본,e-영업3
ESED,톰브라운,e-영업3
ESEE,폴로 랄프로렌,e-영업3
ESEF,스톤아일랜드,e-영업3
ESEG,우영미,e-영업3
ESEH,루이비통,e-영업3
ESEN,몽클레어,e-영업3
ESES,디올,e-영업3
ESF4,디젤,e-영업3
ESF5,말본,e-영업3
ESF6,아미,e-영업3
ESF7,씨피컴퍼니,e-영업3
ESGE,버켄스탁,e-영업3
ESGF,타린로즈,e-영업3
ESGG,포셀리,e-영업3
ESGH,제인패커,e-영업4
ESGI,옥스,e-영업4
ESGJ,코드그라피,e-영업3
ESGL,아디다스,e-영업4
ESGO,티파니앤코,e-영업3
ESGS,언더아머,e-영업3
ESGU,페르솔,e-영업3
ESGV,미우미우,e-영업3
ESGW,레이벤,e-영업3
ESGX,발렌시아가,e-영업3
ESH3,코치,e-영업3
ESH5,마크제이콥스,e-영업3
ESH6,폴리스,e-영업3
ESH8,생로랑,e-영업3
ESH9,폴라로이드,e-영업3
ESHA,아디다스,e-영업3
ESHB,나이키,e-영업3
ESHD,프라다,e-영업3
ESHG,베르사체,e-영업3
ESHI,엠포리오 아르마니,e-영업3
ESHJ,조르지오 아르마니,e-영업3
ESHM,페라가모,e-영업3
ESHN,디스퀘어드2,e-영업3
ESHR,캘빈클라인진,e-영업3
ESHT,폴로 랄프로렌,e-영업3
ESHU,컨버스,e-영업3
ESHX,캐롤리나헤레라,e-영업3
ESHY,토즈,e-영업3
ESI0,포르쉐디자인,e-영업3
ESI1,버버리,e-영업3
ESI5,롱샴,e-영업3
ESI6,지미추,e-영업3
ESIA,캘빈클라인,e-영업3
ESID,코모노,e-영업3
ESIF,겐조,e-영업3
ESIH,휴고,e-영업3
ESII,몬타나,e-영업3
ESIK,알피나,e-영업3
ESIO,리바이스,e-영업3
ESJ1,카이,e-영업3
ESJ3,라코스테,e-영업3
ESJ5,모스키노,e-영업3
ESJ7,루디프로젝트,e-영업3
ESJ8,펜디,e-영업3
ESJ9,에밀리오푸치,e-영업3
ESJA,몽클레어,e-영업3
ESJF,이지피지,e-영업3
ESJH,피에르가르뎅,e-영업3
ESJK,레이밴테크,e-영업3
ESJQ,디젤,e-영업3
ESJT,셀린느,e-영업3
ESK4,일렉트릭,e-영업3
ESK9,태그호이어,e-영업3
ESKI,마쥬,e-영업3
ESKL,스케쳐스,e-영업3
ESKS,올리버피플스,e-영업3
ESKY,오스카드라렌타,e-영업3
ESL7,콜한,e-영업3
ESL8,몽블랑,e-영업3
ESLN,wonderbra,e-영업3
ESLP,달콤한하루,e-영업4
ESLQ,유니폼 브릿지,e-영업3
ESLR,샤크,e-영업4
ESLS,코렐,e-영업4
ESLX,그로우플랜터,e-영업4
ESM0,타미힐피거,e-영업4
ESM5,메네페르,e-영업4
ESM7,닥스베이비,e-영업3
ESM8,포인터웍스,e-영업3
ESM9,포인터웍스,e-영업3
ESMC,막스마라,e-영업3
ESME,캘빈클라인,e-영업3
ESMM,비온데코,e-영업4
ESMN,마운티아,e-영업4
ESMP,포르쉐디자인,e-영업3
ESMQ,루미,e-영업4
ESMR,엘르,e-영업4
ESMV,삼성,e-영업4
ESMZ,그렉노먼,e-영업4
ESN1,마쥬,e-영업3
ESN2,롱샴,e-영업3
ESN3,드래곤 디퓨전,e-영업3
ESN6,리멤버,e-영업3
ESN8,뉴트로지나,e-영업4
ESN9,바나나보트,e-영업4
ESNB,동국제약,e-영업4
ESNC,빅야드,e-영업4
ESND,스너그문,e-영업4
ESNE,드롱기,e-영업4
ESNF,달밤,e-영업4
ESNG,델라스텔라,e-영업3
ESNH,코코노코,e-영업3
ESNI,네이쳐스,e-영업4
ESNO,레노,e-영업4
ESNQ,모데쯔,e-영업3
ESNR,휠라,e-영업3
ESNS,봉통,e-영업3
ESNT,제이코튼,e-영업3
ESNU,다미,e-영업3
ESNV,슈퍼카미트,e-영업3
ESNW,행텐 틴즈,e-영업3
ESNX,코디,e-영업3
ESNZ,아디다스,e-영업3
ESO0,디즈니베이비,e-영업3
ESO2,아로마코,e-영업4
ESO3,미스터앤미세스,e-영업4
ESO4,에끌라두,e-영업4
ESOG,아디다스,e-영업4
ESOH,핑크드래곤,e-영업3
ESOI,밍크뮤,e-영업3
ESOJ,블루독베이비,e-영업3
ESOL,아이오이,e-영업3
ESOM,아카데미과학,e-영업3
ESON,빅마스터,e-영업3
ESOO,스노우피크,e-영업4
ESOP,구찌,e-영업3
ESOQ,스노우피크,e-영업4
ESOS,아디다스,e-영업3
ESOT,이엑스알,e-영업3
ESOV,크록스,e-영업3
ESOX,붐,e-영업3
ESOY,에지리,e-영업4
ESP0,오딕트,e-영업4
ESP2,베네통,e-영업3
ESP3,바라쿠타,e-영업3
ESP4,도메틱,e-영업4
ESP5,스노우버디,e-영업4
ESP6,나이키(스포츠),e-영업4
ESP7,라코스테,e-영업4
ESPB,바이오레시피,e-영업4
ESPC,스톤아일랜드,e-영업3
ESPD,아미,e-영업3
ESPF,아식스,e-영업3
ESPJ,꼼데가르송 플레이,e-영업3
ESPK,드래곤 디퓨전,e-영업3
ESPL,에센셜-피어오브갓,e-영업3
ESPM,헬렌카민스키,e-영업3
ESPN,호카오네오네,e-영업3
ESPP,메종키츠네,e-영업3
ESPQ,메종 마르지엘라,e-영업3
ESPR,미우미우,e-영업3
ESPS,몽클레어,e-영업3
ESPT,온러닝,e-영업3
ESPW,프라다,e-영업3
ESPY,살로몬,e-영업3
ESQ1,비비안 웨스트우드,e-영업3
ESQ2,우영미,e-영업3
ESQ3,씨엠티,e-영업3
ESQ5,CK,e-영업3
ESQ7,오아이오아이,e-영업3
ESQ8,타이틀리스트,e-영업3
ESQD,이사벨라지,e-영업3
ESQE,나리히라,e-영업4
ESQJ,모아르,e-영업3
ESQL,블루독,e-영업3
ESQM,래핑차일드,e-영업3
ESQR,에이엠티,e-영업4
ESQS,롱샴,e-영업3
ESQV,디젤,e-영업3
ESQW,이엠이,e-영업4
ESQX,클라우스,e-영업4
ESQY,스미스,e-영업3
ESQZ,휴고보스,e-영업4
ESR3,르메르,e-영업3
ESR5,몽클레어,e-영업3
ESR7,프라다,e-영업3
ESR8,아미,e-영업3
ESR9,미우미우,e-영업3
ESRA,스톤아일랜드,e-영업3
ESRB,생로랑,e-영업3
ESRD,에르메스,e-영업3
ESRE,셀린느,e-영업3
ESRF,메종 마르지엘라,e-영업3
ESRG,구찌,e-영업3
ESRH,찰스 제프리 러버보이,e-영업3
ESRJ,레만글라스,e-영업4
ESRK,크로스노,e-영업4
ESRL,트라몬티나,e-영업4
ESRO,독트슈프림,e-영업4
ESTV,파타고니아,e-영업3
ESTX,에어메이드,e-영업4
ESTY,샤넬,e-영업3
ESTZ,로아,e-영업3
ESU0,바이탈해빗,e-영업4
ESU1,백년약방,e-영업4
ESU3,알로봇,e-영업3
ESU6,셰퍼,e-영업4
ESU8,시오네,e-영업4
ESU9,밀리홈,e-영업4
ESUA,휴라이프,e-영업4
ESUB,페르니,e-영업4
ESUE,솔티페블,e-영업3
ESUF,로우타이드,e-영업3
ESUK,파크론,e-영업3
ESUL,아소방,e-영업3
ESUN,아일렌,e-영업3
ESUO,지포어,e-영업3
ESUP,살로몬,e-영업3
ESUQ,토템,e-영업3
ESVB,에스티코,e-영업3
ESVC,디엠스,e-영업3
ESVD,코디갤러리,e-영업3
ESVE,숲,e-영업3
ESVF,아토카렌,e-영업4
ESVH,무니오,e-영업4
ESVI,로아띠,e-영업4
ESVJ,톰브라운,e-영업3
ESVL,리케이,e-영업4
ESVM,도그포즈,e-영업4
ESVN,펫더맨,e-영업4
ESVO,펫메이트,e-영업4
ESVQ,펫퍼스,e-영업4
ESVR,펫모닝,e-영업4
ESVS,피플펫,e-영업4
ESVT,바우와우,e-영업4
ESVU,굿프랜드,e-영업4
ESVV,펫스토리,e-영업4
ESVX,스벤,e-영업4
ESW1,우포스,e-영업4
ESW3,노르다,e-영업3
ESW4,클라터뮤젠,e-영업3
ESWE,텐씨,e-영업3
ESWF,칼하트,e-영업3
ESWH,바스코토,e-영업4
ESWL,머렐,e-영업4
ESWM,디마레,e-영업4
ESWN,알럽,e-영업3
ESWO,더메종,e-영업4
ESWR,비비안 웨스트우드,e-영업3
ESWS,구찌,e-영업3
ESWT,꼼데가르송,e-영업3
ESWW,버버리,e-영업3
ESX5,폴스미스,e-영업3
ESX7,겐조,e-영업3
ESXJ,Fear Of God,e-영업3
ESXO,몽클레어,e-영업3
ESXW,TEN C,e-영업3
ESYB,슈프림,e-영업3
ESYL,보보쇼즈,e-영업3
ESZ0,막스마라,e-영업3
ESZ1,스톤아일랜드,e-영업3
ESZB,BRUNELLO CUCINELLI,e-영업3
ESZV,톰브라운,e-영업3
ET02,이자벨마랑,e-영업3
ET06,아미,e-영업3
ET09,메종키츠네,e-영업3
ET0J,아크네 스튜디오,e-영업3
ET0O,드로게리아 크리베리니,e-영업3
ET0P,리던,e-영업3
ET0U,크리스탈 헤이즈,e-영업3
ET0V,톰포드,e-영업3
ET0W,플러스에어,e-영업4
ET0X,아더에러,e-영업3
ET0Z,비비안 웨스트우드,e-영업3
ET17,메종 키츠네,e-영업3
ET1F,스톤아일랜드,e-영업3
ET1S,이자벨마랑,e-영업3
ET1T,아미,e-영업3
ET1W,토마스베일리,e-영업3
ET1X,엘르옴므,e-영업3
ET23,레브루,e-영업4
ET24,비카,e-영업4
ET25,몬스터지,e-영업4
ET27,오더먼트 바이 보카바카,e-영업3
ET28,빈티지헐리우드,e-영업3
ET29,하이칙스,e-영업3
ET2A,부벨,e-영업4
ET2D,댄스온더플로어,e-영업3
ET2E,에스떼,e-영업3
ET2F,팔라디움,e-영업3
ET2H,하기스,e-영업3
ET2I,크리넥스,e-영업3
ET2J,스카트,e-영업3
ET2K,그린핑거,e-영업3
ET2L,엘레나,e-영업4
ET2M,온러닝,e-영업3
ET2N,르메르,e-영업3
ET2O,가니,e-영업3
ET2P,키튼브릿지,e-영업3
ET2Q,마텐더,e-영업4
ET2T,프라다,e-영업3
ET2Y,생 로랑,e-영업3
ET3B,팀버랜드,e-영업3
ET3F,토리버치,e-영업3
ET3I,어그,e-영업3
ET3M,베르사체,e-영업3
ET3N,비비안웨스트우드,e-영업3
ET3V,마크,e-영업3
ET42,몽블랑,e-영업3
ET4B,니들스,e-영업3
ET4P,폴로 랄프로렌,e-영업3
ET4R,아크네 스튜디오,e-영업3
ET4X,아미,e-영업3
ET55,바오바오,e-영업3
ET5A,봉쁘앙,e-영업3
ET5E,브루넬로 쿠치넬리,e-영업3
ET5F,버버리,e-영업3
ET5I,켈빈클라인,e-영업3
ET5K,칼하트,e-영업3
ET5N,챔피온,e-영업3
ET5R,코치,e-영업3
ET5S,꼼데가르송,e-영업3
ET5Z,디올,e-영업3
ET60,돌체앤가바나,e-영업3
ET62,드래곤 디퓨전,e-영업3
ET66,엠포리오 아르마니,e-영업3
ET68,에트로,e-영업3
ET6A,페라가모,e-영업3
ET6C,가니,e-영업3
ET6E,쥬디,e-영업3
ET6F,지방시,e-영업3
ET6G,골든구스,e-영업3
ET6H,구찌,e-영업3
ET6I,헬렌카민스키,e-영업3
ET6J,에르노,e-영업3
ET6O,이세이미야끼,e-영업3
ET6S,칼 라거펠트,e-영업3
ET6X,르메르,e-영업3
ET70,롱샴,e-영업3
ET72,마이노멀,e-영업4
ET73,아더에러,e-영업3
ET74,페라로밀라노_,e-영업3
ET7X,아더에러,e-영업3
ETD5,부쉐론,e-영업3
ETHI,드래곤 디퓨전,e-영업3
ETJF,피어오브갓,e-영업3
ETKL,지포어,e-영업3
ETKS,가니,e-영업3
ETO2,이엔키 이엔키,e-영업3
ETOM,자크뮈스,e-영업3
ETPD,준지,e-영업3
ETRY,루이스미샤,e-영업3
ETUG,미하라 야스히로,e-영업3
ETVX,나나미카,e-영업3
ETW7,니들스,e-영업3
EU64,노스페이스,e-영업3
EU6V,토템,e-영업3
EU92,우영미,e-영업3
EU9L,살로몬,e-영업3
EU9N,스릭슨,e-영업4
EU9O,스릭슨,e-영업4
EU9P,스릭슨,e-영업4
EU9Q,씨에프씨엘,e-영업3
EU9W,나나미카,e-영업3
EU9Z,샤리올,e-영업3
EUA1,글라이신,e-영업3
EUA4,라부르켓,e-영업4
EUA6,LINE,e-영업3
EUA8,닥스 리틀,e-영업3
EUAB,꼬달리,e-영업4
EUAC,겔랑,e-영업4
EUAD,겔랑,e-영업4
EUAG,꼬달리,e-영업4
EUAJ,컨템포러리젠더,e-영업3
EUAK,에코,e-영업3
EUAL,커먼프로젝트,e-영업3
EUAM,캘러웨이,e-영업4
EUAN,캘러웨이,e-영업4
EUAO,캘러웨이,e-영업4
EUAV,야마하,e-영업4
EUAW,미즈노,e-영업4
EUAY,핑,e-영업4
EUB0,클리브랜드,e-영업4
EUB4,테일러메이드,e-영업4
EUB8,지포어,e-영업4
EUB9,코브라,e-영업4
EUBA,모조에스핀,e-영업3
EUBB,휠라키즈_,e-영업3
EUBC,MLB Kids,e-영업3
EUBD,디망디,e-영업3
EUBG,미니어,e-영업3
EUBH,아더에러,e-영업3
EUBI,이뉴어,e-영업4
EUBJ,한동녹용연구소,e-영업4
EUBK,페퍼즐,e-영업3
EUBN,좋은느낌,e-영업4
EUBO,유한양행,e-영업4
EUBP,화이트,e-영업3
EUBQ,뉴메이슨,e-영업4
EUBS,엠포리오 아르마니,e-영업3
EUBU,쿠달,e-영업4
EUBW,김오곤,e-영업4
EUBX,오토캔,e-영업4
EUBZ,크로커다일레이디,e-영업3
EUC0,샤트렌,e-영업3
EUC1,올리비아하슬러,e-영업3
EUC9,헤지스,e-영업3
EUCA,닥스 리틀,e-영업3
EUCB,헤지스,e-영업3
EUCD,포인터웍스,e-영업3
EUCE,몽쥬르,e-영업3
EUCF,헤지스,e-영업3
EUCG,봉통,e-영업3
EUCH,쁘띠바또,e-영업3
EUCI,보보쇼즈,e-영업3
EUDZ,신디,e-영업3
EUE0,일로딜로,e-영업3
EUE2,알페신,e-영업4
EUE3,플란투어 39,e-영업4
EUE4,아더에러,e-영업3
EUE5,닥터웰,e-영업4
EUEC,미우미우,e-영업3
EUEI,켄블락,e-영업4
EUEL,로얄캐닌,e-영업4
EUEM,뉴트리나,e-영업4
EUEO,도기프랜드,e-영업4
EUEP,페드리니,e-영업4
EUES,스틸히어,e-영업4
EUEW,SHES MISS,e-영업3
EUEZ,버켄스탁,e-영업3
EUF0,아페쎄,e-영업3
EUF4,나이키,e-영업3
EUF5,올리반,e-영업3
EUF6,릴리푸리,e-영업3
EUF7,코이프,e-영업3
EUF8,수아레,e-영업3
EUF9,써코니,e-영업4
EUFA,라르츠,e-영업4
EUFB,플렙,e-영업4
EUFC,에포크,e-영업4
EUFG,아페세,e-영업3
EUFJ,알렉산더 맥퀸,e-영업3
EUFL,알파 인더스트리,e-영업3
EUFM,씨피 컴퍼니,e-영업3
EUFN,아미,e-영업3
EUFQ,아크테릭스,e-영업3
EUFR,아식스,e-영업3
EUFS,아스페시,e-영업3
EUFV,오트리,e-영업3
EUFX,발렌시아가,e-영업3
EUFY,발리,e-영업3
EUG0,바오바오이세이미야케,e-영업3
EUG6,보테가 베네타,e-영업3
EUG7,브루넬로 쿠치넬리,e-영업3
EUG9,버버리,e-영업3
EUGC,켈빈클라인,e-영업3
EUGD,캐나다구스,e-영업3
EUGE,칼하트 윕,e-영업3
EUGH,셀린느,e-영업3
EUGJ,끌로에,e-영업3
EUGK,처치스,e-영업3
EUGM,코치,e-영업3
EUGO,꼼데가르송,e-영업3
EUGR,쿠레주,e-영업3
EUGX,디젤,e-영업3
EUGZ,디올,e-영업3
EUH1,디스퀘어드2,e-영업3
EUH4,엔지니어드 가먼츠,e-영업3
EUH6,에트로,e-영업3
EUHB,펜디,e-영업3
EUHE,가니,e-영업3
EUHF,지방시,e-영업3
EUHG,골든구스,e-영업3
EUHH,구찌,e-영업3
EUHK,헬렌카민스키,e-영업3
EUHN,헤레우,e-영업3
EUHO,에르노,e-영업3
EUHQ,호카오네오네,e-영업3
EUHU,알라이아,e-영업3
EUI6,겐조,e-영업3
EUIA,랑방,e-영업3
EUIC,르메르,e-영업3
EUID,로에베,e-영업3
EUIJ,메종 키츠네,e-영업3
EUIK,메종 마르지엘라,e-영업3
EUIR,마르니,e-영업3
EUIU,마이클 코어스,e-영업3
EUIV,미우미우,e-영업3
EUIW,몽클레어,e-영업3
EUIX,몬츄라,e-영업3
EUIZ,무스너클,e-영업3
EUJ1,엠에스지엠,e-영업3
EUJ2,멀버리,e-영업3
EUJ3,나나미카,e-영업3
EUJ4,니들스,e-영업3
EUJ7,뉴발란스,e-영업3
EUJ9,나이키,e-영업3
EUJB,오클리,e-영업3
EUJF,아워 레가시,e-영업3
EUJH,팜엔젤스,e-영업3
EUJJ,파라부트,e-영업3
EUJK,파라점퍼스,e-영업3
EUJL,파타고니아,e-영업3
EUJN,폴스미스,e-영업3
EUJQ,폴로 랄프로렌,e-영업3
EUJR,요시다 포터,e-영업3
EUJS,프라다,e-영업3
EUJT,피티 토리노,e-영업3
EUJW,레인스,e-영업3
EUK6,로얄 코펜하겐,e-영업3
EUK8,사카이,e-영업3
EUK9,생 로랑,e-영업3
EUKA,살로몬,e-영업3
EUKC,페라가모,e-영업3
EUKF,세바고,e-영업3
EUKH,셀프포트레이트,e-영업3
EUKM,스톤아일랜드,e-영업3
EUKP,스투시,e-영업3
EUKU,노스페이스,e-영업3
EUKV,띠어리,e-영업3
EUKW,톰브라운,e-영업3
EUKY,토즈,e-영업3
EUKZ,톰포드,e-영업3
EUL0,토리버치,e-영업3
EUL1,토템,e-영업3
EUL2,어그,e-영업3
EUL6,발렌티노,e-영업3
EUL8,반스,e-영업3
EULA,베르사체,e-영업3
EULE,비비안웨스트우드,e-영업3
EULT,패로슈,e-영업3
EULV,엠씨엠,e-영업3
EULX,마크제이콥스,e-영업3
EUM0,알라누이,e-영업3
EUM1,트윈셋,e-영업3
EUM5,알렉산더 왕,e-영업3
EUMG,세미쿠처,e-영업3
EUMK,까스따네르,e-영업3
EUMO,델 카를로,e-영업3
EUMR,돌체앤가바나,e-영업3
EUMS,엘리자베타프랑키,e-영업3
EUMU,지안니끼아리니,e-영업3
EUMZ,바스,e-영업3
EUN0,갤러리 디파트먼트,e-영업3
EUN2,지안비토로시,e-영업3
EUN3,온 러닝,e-영업3
EUNA,이벨리브,e-영업3
EUNB,제이앤엠 데이비슨,e-영업3
EUNC,야곱코헨,e-영업3
EUNF,준야와타나베,e-영업3
EUNI,카이트,e-영업3
EUNJ,라밀라네사,e-영업3
EUNL,메종미하라야스히로,e-영업3
EUNM,마네비,e-영업3
EUNN,엠씨투 세인트바스,e-영업3
EUNO,엠엠식스 메종 마르지엘라,e-영업3
EUNX,오르치아니,e-영업3
EUO0,팔로마바르셀로,e-영업3
EUO4,핀코,e-영업3
EUOB,로테이트,e-영업3
EUOI,딸리아토레,e-영업3
EUOL,아티코,e-영업3
EUOM,더모아레,e-영업3
EUOQ,자넬라토,e-영업3
EUOS,드리스 반 노튼,e-영업3
EUP4,아미리,e-영업3
EUPG,크록스,e-영업3
EUPK,엠포리오 아르마니,e-영업3
EUPS,까웨,e-영업3
EUQ2,몽블랑,e-영업3
EUQ3,문부츠,e-영업3
EUQH,릭오웬스,e-영업3
EUQN,스텔라 매카트니,e-영업3
EUQP,더 로우,e-영업3
EUR9,화이트샌즈,e-영업3
EURE,아르마니 익스체인지,e-영업3
EURK,보르살리노,e-영업3
EURU,코르미오,e-영업3
EURY,돈덥,e-영업3
EUS3,이스트팩,e-영업3
EUS8,에르마노 설비노,e-영업3
EUSA,패이,e-영업3
EUSC,훌라,e-영업3
EUSF,조르지오 아르마니,e-영업3
EUSG,쥬세페 디 모라비토,e-영업3
EUSL,호간,e-영업3
EUSO,인코텍스,e-영업3
EUSU,칼 라거펠트,e-영업3
EUSY,키톤,e-영업3
EUT2,리우조,e-영업3
EUT3,러브모스키노,e-영업3
EUTD,미소니,e-영업3
EUTN,폴앤샤크,e-영업3
EUTO,피콰드로,e-영업3
EUU2,투미,e-영업3
EUUD,제냐,e-영업3
EUUI,롱샴,e-영업3
EUUN,와드로브,e-영업3
EUV6,페트레이,e-영업3
EUV7,세이브더덕,e-영업3
EUV8,이에이세븐,e-영업3
EUV9,로렌 바이 랄프 로렌,e-영업3
EUVA,듀칼,e-영업3
EUVB,빅토리아 베컴,e-영업3
EUVH,피티제로우노,e-영업3
EUVN,코치넬레,e-영업3
EUVZ,로트레쇼즈,e-영업3
EUW3,오리지날 빈티지,e-영업3
EUW4,파비아나 필리피,e-영업3
EUW5,파올로페코라,e-영업3
EUW6,패트리지아 페페,e-영업3
EUWQ,필립플레인,e-영업3
EUWS,디아도라,e-영업3
EUX4,에스더 에크메,e-영업3
EUX5,바콘,e-영업3
EUX9,스프레이그라운드,e-영업3
EUXB,팔리에로사르티,e-영업3
EUY0,패밀리 퍼스트,e-영업3
EUY4,브이73,e-영업3
EUYI,미즈노,e-영업3
EUYJ,트라마로사,e-영업3
EUYU,알리지,e-영업3
EUZ2,알트라,e-영업3
EUZ6,썬 68,e-영업3
EUZM,제롬 드레이퓌스,e-영업3
EUZN,에보,e-영업3
EUZQ,로헤,e-영업3
EV02,씨오,e-영업3
EV0C,어반코드,e-영업3
EV0F,까날리,e-영업3
EV0I,치르콜로 1901,e-영업3
EV0L,자쿠스,e-영업3
EV0N,블루걸,e-영업3
EV14,플라워 마운틴,e-영업3
EV2M,트랜짓,e-영업3
EV2T,알파 스튜디오,e-영업3
EV36,루루기네스,e-영업3
EV4B,타라자몽,e-영업3
EV4E,아틀란틱 스타스,e-영업3
EV4F,앤더슨스,e-영업3
EV4G,마누 아틀리에,e-영업3
EV5U,펄링 바이 지아니,e-영업3
EV5V,하이드앤잭,e-영업3
EV73,밀레,e-영업3
EV75,보그너,e-영업3
EV76,그란사소,e-영업3
EV7Q,네오플램,e-영업4
EV7R,해피콜,e-영업4
EV7S,쿠비녹스,e-영업4
EV7U,아디다스,e-영업3
EV81,엑스씨,e-영업3
EV88,필리포 드 로렌티스,e-영업3
EV89,플리츠 플리즈 이세이 미야케,e-영업3
EV8A,메이메이즈,e-영업3
EV8C,안티파스티,e-영업3
EV8F,앨리스앤올리비아,e-영업3
EV8I,에르마노 피렌제,e-영업3
EV8J,엔엔07,e-영업3
EV8Q,1989 스튜디오,e-영업3
EV95,피시코,e-영업3
EV9E,셋추,e-영업3
EV9F,아마란토,e-영업3
EV9N,비아시아,e-영업3
EV9P,에프아이티,e-영업3
EVA3,베크,e-영업3
EVA8,랜덤 아이덴티티,e-영업3
EVAP,언더유,e-영업4
EVAR,피카,e-영업4
EVAS,크리스테마,e-영업4
EVAT,브로덴하우스,e-영업4
EVAU,데시오,e-영업4
EVAV,키즈비전,e-영업3
EVAW,소이토이,e-영업3
EVAY,픽스,e-영업4
EVAZ,비트리,e-영업4
EVB0,해바캄,e-영업4
EVB1,우리리우,e-영업4
EVB2,인더홈,e-영업4
EVB7,스톤아일랜드,e-영업3
EVB8,셀린느,e-영업3
EVB9,프라다,e-영업3
EVBB,브루넬로 쿠치넬리,e-영업3
EVBC,아미,e-영업3
EVBI,씨피컴퍼니,e-영업3
EVBJ,구찌,e-영업3
EVBW,세노비스,e-영업4
EVBY,마이센,e-영업4
EVBZ,보그너,e-영업4
EVC0,느슨,e-영업4
EVC6,니들스,e-영업3
EVC7,로아,e-영업3
EVC8,폴스미스,e-영업3
EVC9,비비안웨스트우드,e-영업3
EVCA,멀버리,e-영업3
EVCB,드래곤 디퓨전,e-영업3
EVCC,47브랜드,e-영업3
EVCG,헬렌카민스키,e-영업3
EVCL,피지에이,e-영업4
EVCM,셰프라인,e-영업4
EVCP,스튜디오 톰보이,e-영업3
EVCQ,보브,e-영업3
EVCR,지컷,e-영업3
EVCS,뉴발란스,e-영업4
EVCT,에브리빙,e-영업4
EVCU,구이디,e-영업3
EVCV,블라썸하우스,e-영업4
EVCW,바이마르,e-영업4
EVD0,에임에이지 스튜디오,e-영업3
EVD1,한샘,e-영업4
EVD5,몽크슈,e-영업4
EVD7,동원,e-영업4
EVD8,제옥스,e-영업3
EVD9,톰맥캔,e-영업3
EVDA,하이드앤잭,e-영업3
EVDB,쿠거,e-영업3
EVDC,이지스피릿,e-영업3
EVDE,배어트랩스,e-영업3
EVDF,비지스,e-영업3
EVDG,내추럴라이저,e-영업3
EVDH,실리만,e-영업4
EVDI,더셀랩,e-영업4
EVDK,제이린드버그,e-영업4
EVDL,필립플레인,e-영업4
EVDM,맨온더분,e-영업3
EVDN,라르디니,e-영업3
EVDO,폴트랙,e-영업3
EVEB,메종키츠네,e-영업3
EVEC,몽클레어,e-영업3
EVEN,비비안웨스트우드,e-영업3
EVFI,칼하트 윕,e-영업3
EVFT,피어오브갓,e-영업3
EVFU,델라라나,e-영업3
EVFV,일라일,e-영업3
EVFW,다니엘크레뮤,e-영업3
EVFX,더셀바이오,e-영업4
EVG2,다니엘에스테,e-영업3
EVG9,클린,e-영업4
EVGA,모던로그,e-영업4
EVGB,타이소,e-영업4
EVGC,젠틀맨스컨셉,e-영업3
EVGD,로보락,e-영업4
EVGI,헌터,e-영업3
EVGJ,레이벤,e-영업3
EVGK,프리파라,e-영업4
EVMG,뉴발란스,e-영업3
EVMK,로이텀,e-영업3
EVMO,엠엠식스 메종 마르지엘라,e-영업3
EVMP,아미,e-영업3
EVMS,아페쎄,e-영업3
EVMT,47브랜드,e-영업3
EVMY,구찌,e-영업3
EVMZ,꼼데가르송,e-영업3
EVN3,꼼데가르송 플레이,e-영업3
EVNC,디젤,e-영업3
EVNJ,릭오웬스,e-영업3
EVNQ,무스너클,e-영업3
EVO1,살로몬,e-영업3
EVO2,새티스파이,e-영업3
EVO9,씨피 컴퍼니,e-영업3
EVOD,아페세,e-영업3
EVOF,어그,e-영업3
EVOL,오트리,e-영업3
EVOS,지포어,e-영업3
EVP0,톰브라운,e-영업3
EVP7,나나미카,e-영업3
EVPG,세인트 미카엘,e-영업3
EVPN,드래곤 디퓨전,e-영업3
EVPO,드로게리아 크리베리니,e-영업3
EVQ4,르메르,e-영업3
EVQ5,라씨에뜨,e-영업4
EVQ9,마리메꼬,e-영업3
EVQF,메종 마르지엘라,e-영업3
EVQG,메종키츠네,e-영업3
EVQO,미사키,e-영업3
EVQR,바라쿠타,e-영업3
EVQS,발렌시아가,e-영업3
EVQU,발리,e-영업3
EVQW,버버리,e-영업3
EVQY,베르사체,e-영업3
EVR8,비비안웨스트우드,e-영업3
EVRH,스와로브스키,e-영업3
EVRM,스톤아일랜드,e-영업3
EVRS,아미,e-영업3
EVRW,아워 레가시,e-영업3
EVSA,캣티,e-영업4
EVSD,에르메스,e-영업3
EVSE,에코,e-영업3
EVSR,루톤,e-영업4
EVT4,카시오,e-영업3
EVT6,캘빈클라인,e-영업3
EVT9,크리스탈 헤이즈,e-영업3
EVTH,톰브라운,e-영업3
EVTO,판도라,e-영업3
EVTQ,페라가모,e-영업3
EVTU,폴로 랄프로렌,e-영업3
EVTW,폴스미스,e-영업3
EVU1,피엘라벤,e-영업3
EVU7,헬렌카민스키,e-영업3
EVU8,호카,e-영업3
EVUD,카카오프렌즈,e-영업4
EVUF,탄탄,e-영업4
EVUG,딕셔니스트,e-영업4
EVUI,코지올,e-영업4
EVUJ,하치만,e-영업4
EVUK,크닙스,e-영업3
EVUP,마이클 코어스,e-영업3
EVUR,베른,e-영업4
EVUT,보보쇼즈,e-영업3
EVUU,플렙,e-영업3
EVUV,알텐유,e-영업3
EVUW,에이치피,e-영업4
EVUY,콜게이트,e-영업4
EVUZ,아에르,e-영업4
EVV2,하이얀,e-영업4
EVV3,에코,e-영업3
EVV4,코닥,e-영업4
EVV5,띠아프,e-영업4
EVVA,이글메이트,e-영업4
EVVB,끌로에,e-영업3
EVVI,라쿠르,e-영업4
EVVJ,키즈아웃도어,e-영업3
EVVL,보이즈비트,e-영업3
EVVM,해피프린스,e-영업3
EVVN,제니,e-영업3
EVVO,잇츠러블리,e-영업3
EVVP,베이비블리 ACC,e-영업3
EVVQ,고아라,e-영업3
EVVR,빔보빔바,e-영업3
EVVS,아이스토리,e-영업3
EVVT,프로월드컵,e-영업3
EVVU,애플스토리,e-영업3
EVVW,초딩하우스,e-영업3
EVVY,아자브,e-영업3
EVW1,우주아이,e-영업3
EVW3,푸딩,e-영업3
EVW4,교복몰,e-영업3
EVW6,트윈,e-영업3
EVW8,레비스풋,e-영업3
EVWB,프리프리스,e-영업3
EVWC,바풀,e-영업3
EVWD,모데쯔,e-영업3
EVWH,달코미코,e-영업3
EVWI,인디고뱅크,e-영업3
EVWJ,키즈발레몰,e-영업3
EVWM,마벨슈슈,e-영업3
EVWO,퍼니퍼니,e-영업3
EVWT,꼼지,e-영업3
EVWU,에스티홀리데이,e-영업3
EVWW,고아라,e-영업3
EVX1,꼬마친구,e-영업3
EVX2,피터젠슨,e-영업3
EVX3,발렌시아가,e-영업3
EVX4,채니봉봉,e-영업3
EVX9,유솔,e-영업3
EVXB,바풀,e-영업3
EVXC,닥스 리틀,e-영업3
EVXE,헤지스,e-영업3
EVXF,찌니야,e-영업3
EVXG,플레이몰,e-영업3
EVXH,페이퍼플레인,e-영업3
EVXI,디플랜,e-영업3
EVXJ,알파슈,e-영업3
EVXK,주니보이즈,e-영업3
EVXL,주니걸즈,e-영업3
EVXM,체리블랑,e-영업3
EVXN,코코비,e-영업3
EVXQ,소이,e-영업3
EVXR,모이모이깜피,e-영업3
EVXT,플레이몰,e-영업3
EVXU,망치,e-영업3
EVXV,키즈라인,e-영업3
EVXX,올챙이,e-영업3
EVXY,꼬지비,e-영업3
EVXZ,키즈베리,e-영업3
EVY0,불량소녀,e-영업3
EVY1,키엔미,e-영업3
EVY4,올리반,e-영업3
EVY6,프로월드컵,e-영업3
EVY7,울랄라,e-영업3
EVY8,펀앤드림,e-영업3
EVY9,말괄량이,e-영업3
EVYA,양말폭탄,e-영업3
EVYB,버니덴,e-영업3
EVYD,치크,e-영업3
EVYF,로엠걸즈,e-영업3
EVYG,마벨슈슈,e-영업3
EVYH,뉴발란스,e-영업3
EVYJ,스마일베이비,e-영업3
EVYK,포인터웍스,e-영업3
EVYM,제이에스지,e-영업3
EVYN,제이에스지,e-영업3
EVYO,소이,e-영업3
EVYP,속옷도둑,e-영업3
EVYQ,찌니야B,e-영업3
EVYR,메이플라워,e-영업3
EVYV,펠틱스,e-영업3
EVYW,벤힛,e-영업3
EVYZ,제프몽,e-영업3
EVZ1,베베트리샤,e-영업3
EVZ2,피오레스튜디오,e-영업3
EVZ3,재한,e-영업3
EVZ9,서울트레이딩,e-영업3
EVZA,삐삐네옷가게,e-영업3
EVZD,핑코코,e-영업3
EVZE,무슈,e-영업3
EVZI,건종,e-영업3
EVZQ,아,e-영업3
EVZX,소이,e-영업3
EW0G,아임제이,e-영업3
EW0H,엠에스,e-영업3
EW0I,블라블라키아,e-영업3
EW0M,컴포트랩,e-영업3
EW0N,아이빈,e-영업3
EW0O,슈라모드,e-영업3
EW0T,에뜨와,e-영업3
EW0U,아,e-영업3
EW0V,크록스,e-영업3
EW0W,잭키드,e-영업3
EW0Z,푸마,e-영업3
EW10,행텐 틴즈,e-영업3
EW11,페리미츠,e-영업3
EW13,룰루모어,e-영업3
EW1E,뉴발란스,e-영업3
EW1F,똘무룩,e-영업3
EW1G,풋마트,e-영업3
EW1H,풋마트,e-영업3
EW1O,아,e-영업3
EW22,크록스,e-영업3
EW2B,스위트홈,e-영업4
EW2D,다이노킹즈,e-영업3
EW2E,뉴발란스,e-영업3
EW2G,메듀즈,e-영업3
EW2I,행텐 틴즈,e-영업3
EW2J,에어워크,e-영업3
EW2K,치크,e-영업3
EW2N,지프,e-영업3
EW2T,세컨드 컴플리트,e-영업4
EW2Y,오트리,e-영업3
EW2Z,마텔,e-영업3
EW30,피카소타일,e-영업3
EW31,미아다마,e-영업3
EW32,에센셜-피어오브갓,e-영업3
EW3A,오베이,e-영업3
EW3C,스케쳐스,e-영업3
EW3D,청소연구소,e-영업4
EW3F,쿨메이트,e-영업4
EW3G,디발리쎄,e-영업3
EW3H,경동나비엔,e-영업4
EW3J,제니퍼룸,e-영업4
EW3L,파뮤,e-영업4
EW3M,트루릴리전,e-영업3
EW3N,아이테르,e-영업4
EW3O,니들스,e-영업3
EW3T,겐조,e-영업3
EW3U,고야드,e-영업3
EW3W,구찌,e-영업3
EW3X,까르띠에,e-영업3
EW4G,에스티듀퐁,e-영업3
EW4I,디올,e-영업3
EW52,롤렉스,e-영업3
EW54,루이비통,e-영업3
EW5E,마크바이 마크제이콥스,e-영업3
EW5M,몽블랑,e-영업3
EW5Q,미우미우,e-영업3
EW5S,반클리프 아펠,e-영업3
EW5U,발렌시아가,e-영업3
EW5Y,버버리,e-영업3
EW66,보테가 베네타,e-영업3
EW6L,샤넬,e-영업3
EW6O,셀린느,e-영업3
EW7K,에르메스,e-영업3
EW7M,에트로,e-영업3
EW7O,엠씨엠,e-영업3
EW7Q,엠포리오 아르마니,e-영업3
EW7V,오메가,e-영업3
EW8P,코치,e-영업3
EW8Q,콜롬보,e-영업3
EW8V,태그 호이어,e-영업3
EW8X,토리버치,e-영업3
EW8Y,토즈,e-영업3
EW94,티쏘,e-영업3
EW96,티파니앤코,e-영업3
EW9A,판도라,e-영업3
EW9C,페라가모,e-영업3
EW9H,프라다,e-영업3
EWA3,스톤아일랜드,e-영업3
EWA4,트루릴리전 셔츠,e-영업3
EWA7,나이키,e-영업4
EWA9,아데리아,e-영업4
EWAB,베틀러,e-영업4
EWAC,에리즈,e-영업3
EWAD,챔피온,e-영업3
EWAI,파르베샵,e-영업4
EWAJ,키즈꼬모,e-영업3
EWAM,다룸,e-영업4
EXIE,레스토닉,e-영업4
EXIF,가니,e-영업3
EZGH,아미,e-영업3
EZGI,스톤아일랜드,e-영업3
EZGK,스토,e-영업3
EZGO,디라이프,e-영업4
EZGQ,캐리어,e-영업4
EZGR,하이듀론,e-영업4
EZGS,듀라픽셀,e-영업4
EZGT,티켓투더문,e-영업3
EZGU,크록스,e-영업3
EZGW,콩알,e-영업3
EZGX,하랑한복,e-영업3
EZH0,로라네,e-영업3
EZH1,초코몽,e-영업3
EZH2,아바드,e-영업3
EZH3,더예한복,e-영업3
EZH5,조이멀티,e-영업3
EZH7,리바이스,e-영업3
EZH8,올드네이비,e-영업3
EZH9,삠뽀요,e-영업3
EZHA,무아미미,e-영업3
EZHD,닉스,e-영업3
EZHE,테바,e-영업3
EZHF,세인트제임스,e-영업3
EZHG,크림펫,e-영업4
EZHI,디올,e-영업4
F057,알비에로마르티니,e-영업3
F062,오니츠카타이거,e-영업4
F063,아디다스,e-영업4
F064,수페르가,e-영업4
F065,크록스,e-영업3
F094,왕자행거,e-영업4
F095,프라임행거,e-영업4
F097,베드메이트유,e-영업4
F0NG,갓투비,e-영업4
F0NI,발렉스트라,e-영업3
F0NJ,에이아이라이더스,e-영업3
F0NK,벨루티,e-영업3
F0NL,케이투,e-영업4
F0NM,아이더,e-영업4
F0NP,다이나핏,e-영업4
F0NQ,와이드앵글,e-영업4
F0NR,피레티,e-영업4
F0NU,메즈클라,e-영업4
F0NV,제이준,e-영업4
F0O2,라뮤지끄,e-영업4
F0O3,헬렌카민스키,e-영업3
F0O6,에일로,e-영업3
F0O8,볼앤체인,e-영업3
F0OA,시니,e-영업3
F0OD,신일,e-영업4
F0OE,모어모르,e-영업3
F102,투플레이스,e-영업4
F104,센텔리안24,e-영업4
F114,와이케이,e-영업3
F117,칠리위치,e-영업4
F125,가쯔,e-영업4
F130,볼루스파,e-영업4
F131,페이퍼앤티,e-영업4
F132,피터 젠슨,e-영업3
F134,카네브로스,e-영업3
F135,아티스트웨어,e-영업3
F136,아쉬,e-영업4
F140,셀레티,e-영업4
F143,휠라,e-영업3
F144,르까프,e-영업3
F146,툴레,e-영업3
F147,케이스로직,e-영업3
F156,홀리데이테이블,e-영업4
F158,올리오,e-영업3
F161,니코트,e-영업4
F162,크럼프,e-영업3
F163,네이쳐리빙,e-영업4
F164,오션글라스,e-영업4
F165,토모,e-영업4
F171,아이홈,e-영업4
F172,오홈,e-영업4
F174,에라토,e-영업4
F177,몽블랑,e-영업3
F181,라쏨,e-영업4
F187,피터 젠슨,e-영업3
F198,삼미,e-영업4
F1FU,올리셀,e-영업4
F1FW,브루넬로 쿠치넬리,e-영업3
F1FY,까스따네르,e-영업3
F1G4,보테가베네타,e-영업3
F1GC,버버리,e-영업3
F1GH,캘빈클라인,e-영업3
F1GI,캐나다구스,e-영업3
F1GY,코치,e-영업3
F1HR,옴므 플리세 이세이미야케,e-영업3
F1HU,씨피컴퍼니,e-영업3
F1I5,사카이,e-영업3
F1IJ,보디,e-영업3
F1IM,스투시,e-영업3
F1J3,세바고,e-영업3
F1J5,아크테릭스,e-영업3
F1J6,디젤,e-영업3
F1JC,케이트,e-영업3
F1JJ,오트리,e-영업3
F1JZ,파비아나 필리피,e-영업3
F1K0,팔리에로 사르티,e-영업3
F1K4,펜디,e-영업3
F1KC,지방시,e-영업3
F1KD,알렉산더맥퀸,e-영업3
F1KJ,에르노,e-영업3
F1KL,호간,e-영업3
F1KM,보스,e-영업3
F1KT,질샌더,e-영업3
F1KU,지미추,e-영업3
F1KZ,겐조,e-영업3
F1L2,알렉산더왕,e-영업3
F1L7,로에베,e-영업3
F1LF,마크제이콥스,e-영업3
F1LG,메종키츠네,e-영업3
F1LN,엠씨엠,e-영업3
F1LU,메종 마르지엘라,e-영업3
F1LW,몽클레어,e-영업3
F1LY,안야힌드마치,e-영업3
F1M2,마더,e-영업3
F1MG,아페쎄,e-영업3
F1MK,폴로 랄프로렌,e-영업3
F1ML,프라다,e-영업3
F1MN,폴스미스,e-영업3
F1MP,디 아티코,e-영업3
F1MX,살바토레 페라가모,e-영업3
F1N7,스톤아일랜드,e-영업3
F1NB,톰브라운,e-영업3
F1NE,토리버치,e-영업3
F1NF,토즈,e-영업3
F1NI,어그,e-영업3
F1NM,반스,e-영업3
F1NN,베르사체,e-영업3
F1NV,생로랑,e-영업3
F1NY,뉴발란스,e-영업3
F1NZ,발렌시아가,e-영업3
F1O9,아크네 스튜디오,e-영업3
F1OB,알라이아,e-영업3
F1OL,아쉬,e-영업3
F1OM,오라리,e-영업3
F1OQ,바오바오 이세이미야케,e-영업3
F1P8,꼼데가르송,e-영업3
F1PI,디스퀘어드,e-영업3
F1Q8,헤레우,e-영업3
F1QU,르메르,e-영업3
F1QZ,마네비,e-영업3
F1R9,오베이,e-영업3
F1RA,온러닝,e-영업3
F1RH,페트레이,e-영업3
F1RP,릭오웬스,e-영업3
F1RX,셀프포트레이트,e-영업3
F1S4,스튜디오 니콜슨,e-영업3
F1SL,와이쓰리,e-영업3
F1SN,엠포리오 아르마니,e-영업3
F1T7,문부츠,e-영업3
F1TK,아워레가시,e-영업3
F1TL,구찌,e-영업3
F1U8,베일런스,e-영업3
F1UA,보보쇼즈,e-영업3
F1UF,드레곤디퓨전,e-영업3
F1VP,필립모델,e-영업3
F1WF,앤드원더,e-영업3
F1WT,셀린느,e-영업3
F1XA,스트레티지아,e-영업3
F1XT,지아니끼아리니,e-영업3
F1YT,아르마,e-영업3
F1YX,제임스펄스,e-영업3
F1ZZ,롱샴,e-영업3
F200,코렐코디네이츠,e-영업4
F208,서우,e-영업4
F21S,르 몽드 베릴,e-영업3
F21U,익스트림캐시미어,e-영업3
F21V,키지마 타카유키,e-영업3
F223,창신리빙,e-영업4
F22W,노다,e-영업4
F22X,르까프,e-영업4
F22Y,블랙야크,e-영업4
F22Z,골든구스,e-영업3
F233,포트메리온,e-영업4
F235,빌레로이앤보흐,e-영업4
F238,코스타베르데,e-영업4
F23B,지방시,e-영업4
F23C,라버리,e-영업4
F23D,라이프워크,e-영업3
F23E,유틸리티,e-영업4
F23F,시라쿠스,e-영업4
F23I,커버낫,e-영업3
F23K,보기보이즈,e-영업4
F23N,드웰러,e-영업4
F23O,컨템포,e-영업4
F23P,데우스 엑스 마키나,e-영업3
F23R,몽슈슈,e-영업4
F23T,나이키,e-영업3
F23U,양양의농부,e-영업4
F23W,울트라브이,e-영업4
F23X,호무로,e-영업4
F23Y,이스트팩,e-영업3
F23Z,메종 드 베르누아,e-영업4
F240,로얄코펜하겐,e-영업4
F243,큐티폴,e-영업4
F244,휘슬러,e-영업4
F246,더블유엠에프,e-영업4
F247,스타우브,e-영업4
F248,헹켈,e-영업4
F24D,휴먼메이드,e-영업3
F24I,언더아머,e-영업4
F24J,샤카웨어,e-영업3
F24K,스타터 블랙라벨,e-영업3
F24L,위글위글,e-영업3
F24M,아웃도어프로덕츠,e-영업3
F24O,펜소닉,e-영업4
F24P,노티그,e-영업3
F24Q,누토프,e-영업3
F24R,아미,e-영업3
F24S,몽클레어,e-영업3
F24T,자크뮈스,e-영업3
F24U,버켄스탁,e-영업3
F24Y,올젠,e-영업3
F250,홉,e-영업4
F254,옴모,e-영업4
F255,오와이,e-영업3
F258,버지니아까사,e-영업4
F259,퀸앤,e-영업4
F25A,앤드지,e-영업3
F25E,비타그란,e-영업4
F25G,써큐란,e-영업4
F25Y,에이디디,e-영업3
F260,라로쉐,e-영업4
F265,이엠이,e-영업4
F269,도루코,e-영업4
F26H,에이골디,e-영업3
F270,코멕스,e-영업4
F271,코카코,e-영업4
F274,캣킨,e-영업4
F277,프리파라,e-영업4
F279,퀸센스,e-영업4
F27A,알렉산더맥퀸,e-영업3
F27Q,알테아,e-영업3
F27X,아미,e-영업3
F280,스케이터,e-영업3
F281,디즈니,e-영업4
F285,산리오,e-영업4
F289,피스코리아,e-영업4
F28I,애니빙,e-영업3
F28Y,아크테릭스,e-영업3
F29E,아르마니,e-영업3
F29M,아식스,e-영업3
F29R,오라리,e-영업3
F2A3,발렌시아가,e-영업3
F2A9,바오바오,e-영업3
F2AD,바라쿠타,e-영업3
F2B7,비아지오 산타니엘로,e-영업3
F2BM,블루마린,e-영업3
F2CC,브루넬로 쿠치넬리,e-영업3
F2CH,버버리,e-영업3
F2CQ,캘빈클라인,e-영업3
F2DB,셀린느,e-영업3
F2DE,씨에프씨엘,e-영업3
F2E0,처치스,e-영업3
F2E8,코치,e-영업3
F2EB,콜마,e-영업3
F2EJ,컨버스,e-영업3
F2EL,코페르니,e-영업3
F2EQ,쿠레주,e-영업3
F2F2,데이트,e-영업3
F2FC,단톤,e-영업3
F2FI,드멜리어,e-영업3
F2FN,데스틴,e-영업3
F2FS,디아도라,e-영업3
F2G8,돌체앤가바나,e-영업3
F2GG,드래곤 디퓨전,e-영업3
F2GL,디스퀘어드2,e-영업3
F2I9,파비아나 필리피,e-영업3
F2II,피어오브갓,e-영업3
F2IM,펜디,e-영업3
F2IN,페라가모,e-영업3
F2IR,필슨,e-영업3
F2J7,프레드 페리,e-영업3
F2JD,훌라,e-영업3
F2JK,갤러리 디파트먼트,e-영업3
F2JN,가니,e-영업3
F2JY,게라디니,e-영업3
F2K9,지안비토로시,e-영업3
F2KB,지마구아스,e-영업3
F2KQ,골든구스,e-영업3
F2L0,구찌,e-영업3
F2L6,하이쿠레,e-영업3
F2LD,하바이아나스,e-영업3
F2M5,호카오네오네,e-영업3
F2ME,하울린,e-영업3
F2MH,휴고,e-영업3
F2MW,이엔키 이엔키,e-영업3
F2NL,자크뮈스,e-영업3
F2NN,제임스펄스,e-영업3
F2NW,질샌더,e-영업3
F2NX,지미추,e-영업3
F2O3,존 스메들리,e-영업3
F2OP,캡틴선샤인,e-영업3
F2P2,겐조,e-영업3
F2PB,키톤,e-영업3
F2QA,리,e-영업3
F2QO,리우조,e-영업3
F2RI,메종키츠네,e-영업3
F2RK,메종 마르지엘라,e-영업3
F2S1,마크제이콥스,e-영업3
F2SG,마르니,e-영업3
F2T5,마인들,e-영업3
F2TF,마이클코어스,e-영업3
F2TG,미하라 야스히로,e-영업3
F2TP,미소니,e-영업3
F2TQ,미우미우,e-영업3
F2TR,미즈노,e-영업3
F2TS,엠엠6,e-영업3
F2TY,몽클레어,e-영업3
F2UA,모스키노,e-영업3
F2UV,나나미카,e-영업3
F2V5,뉴발란스,e-영업3
F2V7,뉴에라,e-영업3
F2VC,나이키,e-영업3
F2VO,노르다,e-영업3
F2VZ,오클리,e-영업3
F2W7,온 러닝,e-영업3
F2WR,팜엔젤스,e-영업3
F2WZ,파라부트,e-영업3
F2X4,파타고니아,e-영업3
F2X5,패트리지아 페페,e-영업3
F2X6,폴스미스,e-영업3
F2X8,폴앤샤크,e-영업3
F2XM,페트레이,e-영업3
F2Y1,플리츠 플리즈 이세이 미야케,e-영업3
F2YS,알13,e-영업3
F2ZU,로아,e-영업3
F305,포멜카멜레 악세,e-영업3
F306,파이브앤다임,e-영업4
F308,비스비바,e-영업4
F30S,사카이,e-영업3
F30Z,살로몬,e-영업3
F313,시스맥스,e-영업4
F314,리템엘앤씨,e-영업4
F315,트위그뉴욕,e-영업4
F316,브레드메이어,e-영업4
F317,라귀올,e-영업4
F31V,세바고,e-영업3
F321,트라이앵글,e-영업4
F328,보울보울,e-영업4
F32D,세르지오 레반테시,e-영업3
F32T,스미스,e-영업3
F334,웨스트프롬,e-영업4
F336,피터 젠슨 웨어,e-영업3
F33U,스텔라 매카트니,e-영업3
F341,스토캣,e-영업4
F342,까사마루,e-영업4
F34G,스튜디오 니콜슨,e-영업3
F34L,선플라워,e-영업3
F34U,딸리아토레,e-영업3
F355,카피타노1905,e-영업4
F35F,더 브릿지,e-영업3
F364,썸띵굿,e-영업3
F365,아이엘컴퍼니,e-영업4
F366,씨위,e-영업3
F36C,토즈,e-영업3
F36K,토리버치,e-영업3
F36Y,어그,e-영업3
F370,큐티폴,e-영업4
F371,아사셀렉션,e-영업4
F372,벨로아이녹스,e-영업4
F373,스팔,e-영업4
F374,스토피아,e-영업4
F375,포비앤케이,e-영업4
F376,보르미올리,e-영업4
F377,홈인캠핑,e-영업4
F379,옥소,e-영업4
F37J,발렌티노,e-영업3
F37O,반스,e-영업3
F37W,베르사체,e-영업3
F388,쉐프앤소믈리에,e-영업4
F38N,웨일스보너,e-영업3
F38O,반들러,e-영업3
F390,제닉스,e-영업4
F393,프리파라,e-영업4
F399,크리스탈 닥 파리,e-영업4
F39P,쟈딕앤볼테르,e-영업3
F39S,제냐,e-영업3
F3A8,아페세,e-영업3
F3AA,아크네 스튜디오,e-영업3
F3AK,아뇨나,e-영업3
F3AR,알라이아,e-영업3
F3AX,알든,e-영업3
F3B6,알렉산더 왕,e-영업3
F3BH,알파 인더스트리,e-영업3
F3BM,알리지,e-영업3
F3BV,앤드원더,e-영업3
F3C1,엔젤 알라르콘,e-영업3
F3CV,아쉬,e-영업3
F3CX,아스페시,e-영업3
F3DF,발리,e-영업3
F3DY,바움 운드 페르드가르텐,e-영업3
F3EA,벨스타프,e-영업3
F3EQ,블라워,e-영업3
F3F8,보르살리노,e-영업3
F3FA,보스,e-영업3
F3FB,보테가 베네타,e-영업3
F3FX,씨피 컴퍼니,e-영업3
F3G2,캐나다구스,e-영업3
F3G4,까날리,e-영업3
F3GI,까스따네르,e-영업3
F3GP,챔피온,e-영업3
F3HJ,코치넬레,e-영업3
F3HQ,꼼데가르송,e-영업3
F3IT,디파트먼트파이브,e-영업3
F3J7,디젤,e-영업3
F3JA,디올,e-영업3
F3JN,듀칼,e-영업3
F3JR,드리스 반 노튼,e-영업3
F3K1,이에이세븐,e-영업3
F3L5,에르마노 피렌제,e-영업3
F3LC,에트로,e-영업3
F3LF,익스트림 캐시미어,e-영업3
F3LQ,페이,e-영업3
F3M6,플라워 마운틴,e-영업3
F3N9,가우드,e-영업3
F3O1,골드윈,e-영업3
F3O3,그라미치,e-영업3
F3O4,그란사소,e-영업3
F3OQ,헬렌카민스키,e-영업3
F3P0,헤레우,e-영업3
F3P2,에르노,e-영업3
F3P6,에르베샤플리에,e-영업3
F3PE,호간,e-영업3
F3PX,훈자 지,e-영업3
F3Q1,이벨리브,e-영업3
F3Q7,이놈어닛,e-영업3
F3QD,인코텍스,e-영업3
F3QM,이사이아,e-영업3
F3QU,야곱코헨,e-영업3
F3RO,저스트 카발리,e-영업3
F3S2,칼 라거펠트,e-영업3
F3SX,까웨,e-영업3
F3TL,르메르,e-영업3
F3U1,로에베,e-영업3
F3U3,롱샴,e-영업3
F3UC,로우클래식,e-영업3
F3UV,마제스틱,e-영업3
F3WA,엠씨투 세인트바스,e-영업3
F3WJ,머렐,e-영업3
F3XC,몽블랑,e-영업3
F3XH,문부츠,e-영업3
F3XI,무어레르,e-영업3
F3XJ,무스너클,e-영업3
F3XL,마더,e-영업3
F3XR,모우,e-영업3
F3XY,멀버리,e-영업3
F3Y9,니들스,e-영업3
F3ZD,오피치네크리에이티브,e-영업3
F3ZF,오프화이트,e-영업3
F3ZK,오르치아니,e-영업3
F3ZQ,오트리,e-영업3
F3ZT,아워 레가시,e-영업3
F3ZZ,빨질레리,e-영업3
F401,매스노운,e-영업3
F403,아티스티나,e-영업4
F409,베이직가구,e-영업4
F40D,팔로마울,e-영업3
F40K,파라점퍼스,e-영업3
F40M,파리텍사스,e-영업3
F411,와인앤쿡,e-영업3
F415,셀마크,e-영업3
F416,씨엘레이,e-영업3
F417,로사,e-영업3
F418,파리파리,e-영업3
F419,에바나,e-영업3
F41Q,핀코,e-영업3
F41Z,폴로 랄프로렌,e-영업3
F420,리즈,e-영업3
F425,레프암스테르담,e-영업4
F42I,프라다,e-영업3
F42O,피티 토리노,e-영업3
F431,칼하트,e-영업3
F433,수려한,e-영업4
F435,이자녹스,e-영업4
F43A,레인스,e-영업3
F43M,리던,e-영업3
F43N,레드윙,e-영업3
F43P,리복,e-영업3
F43Y,레페토,e-영업3
F445,레프암스테르담,e-영업3
F449,제이앤데코,e-영업4
F44A,리프레젠트,e-영업3
F44F,릭오웬스,e-영업3
F44R,로저 비비에,e-영업3
F450,실리트,e-영업4
F451,더블유엠에프,e-영업4
F452,차세르,e-영업4
F453,조셉조셉,e-영업4
F454,에밀앙리,e-영업4
F455,레볼,e-영업4
F456,카이,e-영업4
F457,드부이에,e-영업4
F458,비알레띠,e-영업4
F459,쇼트즈위젤,e-영업4
F45J,생로랑,e-영업3
F45R,살바토레 산토로,e-영업3
F45Y,새티스파이,e-영업3
F461,루멘플론,e-영업4
F462,우스토프,e-영업4
F463,나흐트만,e-영업4
F464,아르코스,e-영업4
F466,비알케이,e-영업4
F467,볼,e-영업4
F469,푸조,e-영업4
F46H,씨뉴욕,e-영업3
F46N,셀프포트레이트,e-영업3
F470,발레라,e-영업4
F477,코지코튼,e-영업4
F478,루전,e-영업4
F479,스토즐,e-영업4
F47A,시몬로샤,e-영업3
F47L,쉐흐,e-영업3
F47U,소렐,e-영업3
F480,사브르,e-영업4
F482,시스테마,e-영업4
F483,에블린,e-영업4
F484,요지야마모토,e-영업3
F485,아디다스,e-영업3
F488,디유아모르,e-영업3
F48M,스티브매든,e-영업3
F48P,스톤아일랜드,e-영업3
F48T,스튜어트와이츠먼,e-영업3
F48W,스투시,e-영업3
F497,달링클레멘타인,e-영업4
F4A0,노스페이스,e-영업3
F4A1,더 로우,e-영업3
F4A7,띠어리,e-영업3
F4A9,톰브라운,e-영업3
F4AJ,톰포드,e-영업3
F4AP,토템,e-영업3
F4BB,브이73,e-영업3
F4BF,발렉스트라,e-영업3
F4BM,베자,e-영업3
F4C5,비비안웨스트우드,e-영업3
F4CF,윌리 차바리아,e-영업3
F4CL,우영미,e-영업3
F4CR,와이쓰리,e-영업3
F4D7,비바스칸디나비아,e-영업4
F4DC,스티브매든,e-영업3
F4DD,프리프리스,e-영업3
F4DE,풋풋아동화,e-영업3
F4DF,헌터,e-영업3
F4DG,뉴발란스,e-영업3
F4DH,크록스,e-영업3
F4DL,퍼디,e-영업4
F4DM,스케쳐스,e-영업4
F4DN,마리떼 프랑소와 저버,e-영업3
F500,카카오프렌즈,e-영업4
F508,앤커버,e-영업3
F510,어프어프,e-영업3
F511,포멜카멜레 악세,e-영업3
F531,써틴먼스,e-영업3
F534,바오바오,e-영업3
F537,리빙앤트리,e-영업4
F538,이재,e-영업4
F546,오아이,e-영업4
F548,샤바스,e-영업4
F549,아르페지오베이직,e-영업4
F550,우드로하우스,e-영업4
F551,오아이패브릭,e-영업4
F552,바이빔,e-영업4
F553,네이쳐스커팅보드,e-영업4
F554,테슬라,e-영업3
F556,씨큐알,e-영업4
F557,아티카,e-영업4
F559,미즈노,e-영업3
F561,리복,e-영업4
F574,프라우나,e-영업4
F575,아이르,e-영업4
F576,몬스터리퍼블릭,e-영업3
F578,비에스큐티바이클래시,e-영업3
F582,꼼파뇨,e-영업3
F590,유니온로우,e-영업3
F591,커먼프로잭트,e-영업3
F593,시그니처,e-영업3
F596,플젠하우스,e-영업4
F5GY,카파,e-영업4
F5GZ,썬글레이드,e-영업3
F5H0,아크테릭스,e-영업3
F5H4,만다리나 덕,e-영업3
F5H5,프렌치럭셔리,e-영업4
F5H9,비전스트릿웨어,e-영업3
F5HA,비올라스,e-영업4
F5HC,송월,e-영업3
F5HE,엘리자벨,e-영업3
F5HG,우포스,e-영업4
F5HH,샤넬,e-영업3
F5HI,에르메스,e-영업3
F5HJ,롱샴,e-영업3
F5HN,아베나키,e-영업4
F5HO,로얄튜더,e-영업4
F5HP,알록,e-영업4
F5HQ,코치,e-영업3
F5HR,엔티,e-영업4
F5HT,온더온,e-영업4
F5HU,앤루시,e-영업4
F5HV,유디엑스,e-영업4
F5HY,피엘라벤,e-영업3
F5HZ,오클리,e-영업3
F5I1,캠퍼,e-영업3
F5I3,칼하트,e-영업3
F5I4,흐꺙,e-영업3
F5I5,비욘드,e-영업3
F5I6,멀버리,e-영업3
F5I7,온더바디,e-영업4
F5I8,실크테라피,e-영업4
F5I9,피지오겔,e-영업4
F5IA,엘라스틴,e-영업4
F5IB,리엔,e-영업4
F5IC,닥터그루트,e-영업4
F5ID,베비언스,e-영업4
F5IE,오가니스트,e-영업4
F5IF,드봉,e-영업4
F5IG,페리오,e-영업3
F5IH,홈스타,e-영업4
F5II,테크,e-영업4
F5IJ,샤프란,e-영업4
F5IK,아우라,e-영업4
F5IL,죽염,e-영업4
F5IM,유시몰,e-영업4
F5IO,에프킬라,e-영업4
F5IP,지퍼락,e-영업4
F5IQ,메소드,e-영업4
F5IR,쉬크,e-영업4
F5IS,미세스마이어스,e-영업4
F5IU,자연퐁,e-영업4
F5IW,피지,e-영업4
F5JM,파세코,e-영업4
F5KF,비바이오,e-영업4
F5KG,수려한,e-영업4
F5KI,아위,e-영업3
F5KJ,닥스 리틀,e-영업3
F5KK,닥스 리틀,e-영업3
F5KL,베네통,e-영업4
F5KM,마이템,e-영업4
F5KN,이탈리아 1969,e-영업4
F5KO,실리,e-영업4
F5KP,파타고니아,e-영업3
F5KQ,펄루신,e-영업4
F5KR,제이비제이,e-영업4
F5KT,에코,e-영업4
F5KU,리치,e-영업3
F5KV,벨먼,e-영업4
F5KW,판도라,e-영업3
F5KX,모이몰른,e-영업3
F5KY,컬리수,e-영업3
F5KZ,플레이키즈프로,e-영업3
F5L0,리바이스,e-영업3
F5L1,엔비에이,e-영업3
F5L2,지비에이치 어패럴,e-영업3
F5L3,지비에이치 코스메틱,e-영업4
F5L4,지비에이치 홈,e-영업3
F5L5,코랄리에,e-영업4
F5LC,미세스마이어스,e-영업4
F5LD,한입세제,e-영업4
F5LF,드래곤 디퓨전,e-영업3
F5LG,코스메이트,e-영업4
F5LI,쏘피,e-영업4
F5LK,오야니,e-영업3
F5LL,차앤박,e-영업4
F5LM,라끄베르,e-영업4
F5LN,이자녹스,e-영업4
F5LO,케어존,e-영업4
F5LP,보닌,e-영업4
F5LQ,더페이스샵,e-영업4
F5LR,비디보브,e-영업4
F5LS,코드글로컬러,e-영업4
F5LZ,아스토니쉬 스파,e-영업4
F5M0,비엔나 퓨어뷰티,e-영업4
F5M1,럭키브랜드,e-영업3
F5M2,보르고세시아,e-영업3
F5M5,할리오브스코틀랜드,e-영업3
F5M6,로저 비비에,e-영업3
F5M8,밀레,e-영업4
F5M9,가와이,e-영업4
F5MC,콩제슬레드,e-영업3
F5MD,아식스,e-영업4
F5ME,엘라루이스,e-영업3
F5MF,케이드코코,e-영업3
F5MG,아뚜아,e-영업3
F5MH,세러데이일레븐,e-영업3
F5MI,메소드,e-영업4
F5MK,힘펠,e-영업4
F5ML,위켄드하우스,e-영업4
F5MP,피코크,e-영업4
F5MR,미스티파이,e-영업4
F5MS,여주세라믹,e-영업4
F5MT,실리닷,e-영업4
F5MU,네파,e-영업4
F5MV,레벤쿠첸,e-영업4
F5MY,보나토,e-영업4
F5MZ,에비히슈테른코리아,e-영업4
F5N2,아디다스,e-영업4
F5N4,닥터지,e-영업4
F5N5,샤크닌자,e-영업4
F5N8,칼하트 윕,e-영업3
F5N9,레페토,e-영업3
F5NA,알비지아,e-영업4
F5NC,미포넷,e-영업3
F5OE,포트메리온,e-영업4
F5OF,레녹스,e-영업4
F5OG,묵흔,e-영업4
F5OH,사포네 디 토스카나,e-영업4
F5OR,게스,e-영업3
F5OS,본보스튜디오,e-영업3
F5OT,뉴발란스,e-영업3
F5OU,씨이피,e-영업3
F5OV,로시,e-영업4
F5OX,노다,e-영업3
F5OZ,브루넬로 쿠치넬리,e-영업3
F5P1,우영미,e-영업3
F5P5,온러닝,e-영업3
F5P6,휴먼메이드,e-영업3
F5P7,힐탑,e-영업3
F5P8,토비,e-영업4
F5PB,힐크릭,e-영업4
F5PC,누핀,e-영업4
F5PE,아디다스,e-영업4
F5PG,리던,e-영업3
F5PH,카웨코,e-영업3
F5PI,라씨엘르,e-영업3
F5PK,벨베이비,e-영업3
F5PS,언더아머,e-영업4
F5PT,언더아머,e-영업4
F5PU,마크앤로나,e-영업3
F5PV,테클라,e-영업3
F5PW,빌리,e-영업4
F5PX,닥터마틴,e-영업3
F5PZ,쿠쿠,e-영업4
F5Q0,빈트릴,e-영업3
F5Q2,에르노,e-영업3
F5Q4,세르즈블랑코,e-영업4
F5Q7,호카,e-영업3
F5Q8,이에이세븐,e-영업3
F5Q9,무이헤드,e-영업3
F5QB,오클리,e-영업3
F5QC,왈로,e-영업3
F5QG,스와로브스키,e-영업3
F5QJ,스카르파,e-영업3
F5QN,스톤아일랜드,e-영업3
F5QR,스파워트,e-영업3
F5QS,스포티앤리치,e-영업3
F5QU,써네이,e-영업3
F5QY,아더에러,e-영업3
F5QZ,아디다스,e-영업3
F5R0,아미,e-영업3
F5R2,아식스,e-영업3
F5R3,아워 레가시,e-영업3
F5R5,아크네 스튜디오,e-영업3
F5R6,아크테릭스,e-영업3
F5R7,아페쎄,e-영업3
F5RC,알렉산더맥퀸,e-영업3
F5RO,컨버스,e-영업3
F5RQ,컬럼비아,e-영업3
F5RU,어그,e-영업3
F5RV,코치,e-영업3
F5RW,어콜드월,e-영업3
F5RY,언더아머,e-영업3
F5S1,쿠레쥬,e-영업3
F5S3,에르노,e-영업3
F5S4,크록스,e-영업3
F5S7,에어 조던,e-영업3
F5S8,크리스탈 헤이즈,e-영업3
F5SC,클락스,e-영업3
F5SD,에코,e-영업3
F5SF,키지마 타카유키,e-영업3
F5SM,타미힐피거,e-영업3
F5SO,엠에스지엠,e-영업3
F5SQ,엠엠6,e-영업3
F5SR,엠포리오 아르마니,e-영업3
F5SV,타이틀리스트,e-영업3
F5SX,타카히로미야시타 더솔로이스트,e-영업3
F5T2,오어슬로우,e-영업3
F5T3,텐씨,e-영업3
F5T4,토리버치,e-영업3
F5T7,리프레젠트,e-영업3
F5T8,릭오웬스,e-영업3
F5TC,마르니,e-영업3
F5TL,마크앤로나,e-영업3
F5TP,말본,e-영업3
F5TS,메종 마르지엘라,e-영업3
F5TT,메종미하라야스히로,e-영업3
F5TU,메종 키츠네,e-영업3
F5U0,몽블랑,e-영업3
F5U1,몽클레어,e-영업3
F5U2,무스너클,e-영업3
F5U3,문부츠,e-영업3
F5U8,미우미우,e-영업3
F5UE,바이파,e-영업3
F5UH,반스,e-영업3
F5UK,발렉스트라,e-영업3
F5UL,발렌시아가,e-영업3
F5UM,발렌티노,e-영업3
F5UN,발리,e-영업3
F5UO,발망,e-영업3
F5UR,버버리,e-영업3
F5UT,버켄스탁,e-영업3
F5UU,베르사체,e-영업3
F5UW,베이스레인지,e-영업3
F5V3,보스,e-영업3
F5V4,보테가베네타,e-영업3
F5V7,부테로,e-영업3
F5VE,비비안웨스트우드,e-영업3
F5VJ,산드로,e-영업3
F5VK,살로몬,e-영업3
F5VL,생로랑,e-영업3
F5VQ,세이코,e-영업3
F5VT,세인트제임스,e-영업3
F5VU,셀린느,e-영업3
F5VX,디아도라,e-영업3
F5VY,고야드,e-영업3
F5W2,씨피컴퍼니,e-영업3
F5W4,가니,e-영업3
F5W7,겐조,e-영업3
F5WA,골든구스,e-영업3
F5WC,구이디,e-영업3
F5WD,구찌,e-영업3
F5WI,꼼데가르송,e-영업3
F5WK,나나미카,e-영업3
F5WM,나이젤 카본,e-영업3
F5WN,나이키,e-영업3
F5WO,난가,e-영업3
F5WP,네멘,e-영업3
F5WQ,노다,e-영업3
F5WR,노스페이스,e-영업3
F5WU,뉴발란스,e-영업3
F5WW,니들스,e-영업3
F5WY,다니엘 웰링턴,e-영업3
F5X1,닥터마틴,e-영업3
F5X2,단톤,e-영업3
F5X6,데우스,e-영업3
F5X8,돌체앤가바나,e-영업3
F5XD,드래곤 디퓨전,e-영업3
F5XF,디스퀘어드2,e-영업3
F5XJ,디올,e-영업3
F5XL,디젤,e-영업3
F5XO,띠어리,e-영업3
F5XT,랄프로렌,e-영업3
F5XU,랑방,e-영업3
F5XV,랩,e-영업3
F5Y0,레페토,e-영업3
F5Y1,로로피아나,e-영업3
F5Y2,로바,e-영업3
F5Y4,로아,e-영업3
F5YA,롱샴,e-영업3
F5YD,루미녹스,e-영업3
F5YE,루이비통,e-영업3
F5YG,룬닥스,e-영업3
F5YH,르메르,e-영업3
F5YI,리던,e-영업3
F5YK,드래곤 디퓨전,e-영업3
F5YL,오즈웨어,e-영업3
F5YM,토즈,e-영업3
F5YN,오클리,e-영업3
F5YO,토템,e-영업3
F5YP,톰브라운,e-영업3
F5YR,톰포드,e-영업3
F5YS,오트리,e-영업3
F5YT,오프화이트,e-영업3
F5YW,온러닝,e-영업3
F5Z2,와이쓰리,e-영업3
F5Z6,와일드 동키,e-영업3
F5Z7,티파니앤코,e-영업3
F5Z9,파라부트,e-영업3
F5ZA,우영미,e-영업3
F5ZB,파라점퍼스,e-영업3
F5ZF,울리치,e-영업3
F5ZI,파타고니아,e-영업3
F5ZM,판도라,e-영업3
F5ZN,이로,e-영업3
F5ZP,팔로마울,e-영업3
F5ZQ,이세이미야케,e-영업3
F5ZS,페라가모,e-영업3
F5ZY,페트레이,e-영업3
F5ZZ,펜디,e-영업3
F601,에코라믹,e-영업4
F603,지플랫,e-영업3
F608,네이키드니스,e-영업3
F60B,포르텔라,e-영업3
F60F,자크뮈스,e-영업3
F60H,잔스포츠,e-영업3
F60I,포터,e-영업3
F60K,제냐,e-영업3
F60N,폴스미스,e-영업3
F60O,푸마,e-영업3
F60P,프라다,e-영업3
F60R,조슈아샌더스,e-영업3
F610,OTHER BRAND,e-영업3
F614,알렉산더 맥퀸,e-영업3
F615,알렉산더 왕,e-영업3
F61A,플리츠 플리즈,e-영업3
F61E,쥬세페자노티,e-영업3
F61F,피어오브갓,e-영업3
F61H,지방시,e-영업3
F61K,피엘라벤,e-영업3
F61L,지포어,e-영업3
F61N,질샌더,e-영업3
F61O,피티 토리노,e-영업3
F61R,챔피온,e-영업3
F61S,필립플레인,e-영업3
F61X,카사블랑카,e-영업3
F620,발렌시아가,e-영업3
F621,발리,e-영업3
F623,보테가 베네타,e-영업3
F625,버버리,e-영업3
F627,불가리,e-영업3
F62A,하울린,e-영업3
F62B,카시오,e-영업3
F62D,할리오브스코틀랜드,e-영업3
F62E,칼하트,e-영업3
F62F,해밀턴,e-영업3
F62G,캉골,e-영업3
F62I,캐나다구스,e-영업3
F62K,캘러웨이,e-영업3
F62M,캘빈클라인,e-영업3
F62O,캠퍼,e-영업3
F62Q,캡틴 선샤인,e-영업3
F62S,헬렌카민스키,e-영업3
F62T,커먼프로젝트,e-영업3
F62W,호카오네오네,e-영업3
F62Z,휴고보스,e-영업3
F630,까르띠에,e-영업3
F632,셀린느,e-영업3
F633,샤넬,e-영업3
F634,끌로에,e-영업3
F635,코치,e-영업3
F637,콜롬보,e-영업3
F638,꼼데가르송,e-영업3
F63A,휴먼메이드,e-영업3
F63D,에트로,e-영업3
F63I,드로게리아 크리베리니,e-영업3
F641,디젤,e-영업3
F642,디케이엔와이,e-영업3
F643,돌체앤가바나,e-영업3
F645,디스퀘어드2,e-영업3
F647,엠포리오아르마니,e-영업3
F648,제냐,e-영업3
F649,에트로,e-영업3
F64C,디아도라,e-영업3
F64F,팀버랜드,e-영업3
F64H,빈폴,e-영업3
F64O,노비스,e-영업3
F64X,누디진,e-영업3
F650,펜디,e-영업3
F651,프레드릭 콘스탄트,e-영업3
F654,지방시,e-영업3
F655,구찌,e-영업3
F657,헬렌카민스키,e-영업3
F658,에르메스,e-영업3
F65D,맥케이지,e-영업3
F65E,볼빅,e-영업4
F65J,바바코,e-영업4
F65K,스위스밀리터리,e-영업4
F65L,달리즈,e-영업4
F65M,찰랑,e-영업4
F65N,버켄스탁,e-영업3
F65U,엘노어,e-영업3
F65W,르무어,e-영업4
F65X,키리아,e-영업4
F65Y,라이프,e-영업4
F65Z,롱샴,e-영업3
F660,휴고보스,e-영업3
F664,질샌더,e-영업3
F665,지미추,e-영업3
F668,칼 라거펠트,e-영업3
F66A,트레셔,e-영업3
F66B,헬렌카민스키,e-영업3
F66E,할리오브스코틀랜드,e-영업3
F66F,오르미,e-영업4
F66G,버디,e-영업4
F66H,뷰앤디,e-영업4
F66L,휠라,e-영업4
F66Q,멜포니,e-영업4
F66U,에르노,e-영업3
F66V,모먼,e-영업3
F66Y,닥스리틀,e-영업3
F66Z,닥스베이비,e-영업3
F670,겐조,e-영업3
F672,키플링,e-영업3
F674,랑방,e-영업3
F67F,구찌,e-영업3
F67G,꼼데가르송,e-영업3
F67P,말본,e-영업3
F67R,메종 마르지엘라,e-영업3
F67S,메종 키츠네,e-영업3
F67U,몽클레어,e-영업3
F67Z,발렌시아가,e-영업3
F681,로에베,e-영업3
F682,롱샴,e-영업3
F683,루이비통,e-영업3
F684,디올,e-영업3
F688,마크제이콥스,e-영업3
F68C,버버리,e-영업3
F68K,샤넬,e-영업3
F68L,셀린느,e-영업3
F68N,스톤아일랜드,e-영업3
F68P,씨피 컴퍼니,e-영업3
F68Q,아미,e-영업3
F68S,아크네 스튜디오,e-영업3
F68U,알렉산더 맥퀸,e-영업3
F68V,에르메스,e-영업3
F68W,에센셜-피어오브갓,e-영업3
F68Z,엠포리오 아르마니,e-영업3
F690,마르니,e-영업3
F692,마이클코어스,e-영업3
F694,미우미우,e-영업3
F695,몽클레르,e-영업3
F697,몽블랑,e-영업3
F699,멀버리,e-영업3
F69A,오트리,e-영업3
F69B,오프화이트,e-영업3
F69D,우영미,e-영업3
F69F,이세이미야케,e-영업3
F69L,크롬 하츠,e-영업3
F69O,톰브라운,e-영업3
F69P,톰포드,e-영업3
F69U,프라다,e-영업3
F6A0,휴먼메이드,e-영업3
F6A2,할렌,e-영업3
F6A4,비제바노,e-영업3
F6A6,아디다스,e-영업3
F6A8,베이프,e-영업3
F6A9,데코,e-영업3
F6AA,더레노마,e-영업3
F6AB,보니스팍스,e-영업3
F6AE,엑스아이엑스,e-영업3
F6AF,오젤,e-영업3
F6AJ,오슬로리빙,e-영업4
F6AK,나이몰리,e-영업4
F6AM,아디다스,e-영업3
F6AN,제이드요가,e-영업4
F6AO,에트로,e-영업3
F6AQ,엘페코,e-영업4
F6AR,워키,e-영업4
F6AS,아이러브제이,e-영업3
F6AX,메이아일랜드,e-영업4
F6AY,에이지랩,e-영업4
F6AZ,닥터하이얀,e-영업4
F6B1,에이지케이,e-영업4
F6B2,미우미우,e-영업3
F6B8,소소코,e-영업4
F6BJ,라리브,e-영업4
F6BL,디젤,e-영업3
F6BM,레드윙,e-영업3
F6BN,휠라,e-영업3
F6BQ,포더스킨,e-영업4
F6BR,스톤아일랜드,e-영업3
F6BU,아디다스,e-영업4
F6BV,맥케이슨,e-영업4
F6BW,혼마,e-영업4
F6BY,르메르,e-영업3
F6BZ,코뮨,e-영업4
F6C0,퍼니즘,e-영업4
F6C2,브릿지스톤,e-영업4
F6C4,토템,e-영업3
F6C7,닥스리틀,e-영업3
F6C8,헤지스,e-영업3
F6C9,헤지스,e-영업3
F6CA,피터젠슨,e-영업3
F6CB,오즈,e-영업3
F6CC,포인터웍스,e-영업3
F6CD,피터젠슨,e-영업3
F6CE,시라쿠스,e-영업4
F6CH,320쇼룸,e-영업3
F6CL,오어슬로우,e-영업3
F6CN,밀드플레르,e-영업4
F6CO,키직,e-영업3
F6E2,스트라지아,e-영업3
F6E9,스포티앤리치,e-영업3
F6EB,레트로클,e-영업3
F6EC,핏플랍,e-영업3
F6EE,로토토베베,e-영업3
F6EG,바오바오이세이미야케,e-영업3
F6EI,로지컬리스킨,e-영업4
F6EJ,더마쉐어,e-영업4
F6EM,공백0100,e-영업4
F6EN,앳코너,e-영업3
F6EO,랑방,e-영업4
F6EQ,캘빈클라인,e-영업4
F6ER,몽블랑,e-영업4
F6ES,불가리,e-영업4
F6ET,존바바토스,e-영업4
F6EU,다비도프,e-영업4
F6EV,페라가모,e-영업4
F6EX,돌체앤가바나,e-영업4
F6F0,끌로에,e-영업4
F6F1,버버리,e-영업4
F6F3,에르메스,e-영업4
F6F4,메종 마르지엘라,e-영업4
F6F6,롤리타 렘피카,e-영업4
F6F7,구찌,e-영업4
F6F8,마크 제이콥스,e-영업4
F6F9,입생로랑,e-영업4
F6FB,바이레도,e-영업4
F6FD,지방시,e-영업4
F6FI,폴로 랄프로렌,e-영업4
F6FK,실크테라피,e-영업4
F6FM,마크블루,e-영업4
F6FO,타부,e-영업4
F6FQ,베이비바나,e-영업3
F6FT,프레이즈,e-영업4
F6FV,지오다노,e-영업3
F6FY,오우투,e-영업4
F6FZ,피지오더미,e-영업4
F6GC,히토미 혼마,e-영업4
F6GD,씨엘르,e-영업3
F6GE,아워레가시,e-영업3
F6GF,새티스파이,e-영업3
F6GH,아티바바,e-영업3
F6GI,폭스타일,e-영업3
F6GL,다이아윙스,e-영업4
F6GM,미사일,e-영업4
F6GN,기타브랜드(골프),e-영업4
F6GQ,피지에이,e-영업4
F6GS,켄이치,e-영업4
F6GU,볼빅,e-영업4
F6GV,브릿지스톤,e-영업4
F6GW,세인트나인,e-영업4
F6GX,스릭슨,e-영업4
F6GZ,캘러웨이,e-영업4
F6H0,커클랜드,e-영업4
F6H1,타이틀리스트,e-영업4
F6H2,팬텀,e-영업4
F6H3,혼마,e-영업4
F6H6,까스텔바작,e-영업4
F6H9,마루망,e-영업4
F6HB,세븐힐스,e-영업4
F6HC,아이디메이커스,e-영업4
F6HD,엠유스포츠,e-영업4
F6HE,우에다,e-영업4
F6HF,위티코코,e-영업4
F6HG,인콘트로,e-영업4
F6HI,존바이런,e-영업4
F6HJ,야마모토,e-영업4
F6HO,힐크릭,e-영업4
F6HP,씨밀레,e-영업4
F6HQ,락포트,e-영업3
F6HS,모든고,e-영업3
F6HV,요하넥스,e-영업3
F6HW,바이이에르,e-영업3
F6HY,스케쳐스,e-영업4
F6I0,아크테릭스,e-영업3
F6I5,루이비통,e-영업3
F6I7,단톤,e-영업3
F6I9,테일러메이드,e-영업4
F6IA,포커스,e-영업3
F6IF,아디다스,e-영업4
F6II,포트메인,e-영업4
F6IK,신디,e-영업3
F6IN,살로몬,e-영업3
F6IO,빅토리아,e-영업4
F6IP,꾸민가,e-영업4
F6IQ,더펠라,e-영업4
F6IR,수면공학소,e-영업4
F6IU,아크테릭스,e-영업4
F6IV,에이브이86,e-영업3
F6IW,47브랜드,e-영업4
F6IX,나이키,e-영업4
F6IY,나이키 스윔,e-영업4
F6IZ,노다,e-영업4
F6J0,뉴발란스,e-영업4
F6J1,뉴에라,e-영업4
F6J3,아디다스,e-영업4
F6J4,아식스,e-영업4
F6J5,언더아머,e-영업4
F6J6,오에스퍼스트,e-영업4
F6J7,챔피온,e-영업4
F6J8,크록스,e-영업4
F6JA,호카,e-영업4
F6JB,메듀즈,e-영업3
F6JD,레페토,e-영업3
F6JE,베어파우,e-영업3
F6JF,어그,e-영업3
F6JG,캠퍼,e-영업3
F6JH,캘빈클라인,e-영업3
F6JJ,지포어,e-영업4
F6JK,핏플랍,e-영업3
F6JU,까르띠에,e-영업3
F6K4,돌체앤가바나,e-영업3
F6ND,크리스찬 루부탱,e-영업3
F6O4,포인터웍스,e-영업3
F6O5,포인터웍스,e-영업3
F6O6,피터젠슨,e-영업3
F6O7,알로봇,e-영업3
F6O8,블루독,e-영업3
F6O9,밍크뮤,e-영업3
F6OA,블루독베이비,e-영업3
F6OB,래핑차일드,e-영업3
F6OC,알로봇,e-영업3
F6OD,블루독,e-영업3
F6OE,밍크뮤,e-영업3
F6OF,블루독베이비,e-영업3
F6OG,래핑차일드,e-영업3
F6OJ,카키고,e-영업4
F6OK,풋볼스탠다드,e-영업4
F6OL,멜라밀라,e-영업3
F6ON,하이비,e-영업3
F6OO,아시아골드,e-영업3
F6OQ,노우드,e-영업3
F6OR,에르메스,e-영업4
F6OS,한예빔,e-영업3
F6OT,피알지알,e-영업4
F6OU,우르오스,e-영업4
F6OV,더마팩토리,e-영업4
F6OZ,데우스 엑스 마키나,e-영업3
F6P2,선크래프트,e-영업4
F6P3,아디다스,e-영업3
F6P4,쓰로우,e-영업3
F6P5,글라스락,e-영업4
F6P6,쿠쿠,e-영업4
F6PA,휴라이프,e-영업4
F6PB,쿠비녹스,e-영업4
F6PE,씨피컴퍼니,e-영업3
F6PF,푸마,e-영업3
F6PG,블랙야크,e-영업3
F6PH,휠라,e-영업3
F6PK,컨버스,e-영업3
F6PO,페트레이,e-영업3
F6PP,만다리나 덕,e-영업3
F6PQ,모노그래프,e-영업3
F6PS,푸마,e-영업4
F6PX,아식스,e-영업3
F6PY,태그 호이어,e-영업3
F6Q0,포시즌데코,e-영업4
F6Q1,캘빈클라인,e-영업4
F6Q2,푸마,e-영업3
F6Q3,마치홈,e-영업4
F6Q4,필슨,e-영업3
F6Q6,셀레티,e-영업4
F6Q7,홈쎄라,e-영업4
F6Q8,언더아머,e-영업4
F6Q9,언더아머,e-영업4
F6QB,카이야,e-영업3
F6QD,에디슨,e-영업3
F6QE,누크,e-영업3
F6QJ,트위,e-영업3
F6QO,아디다스 골프(엘에프),e-영업4
F6QQ,온 러닝,e-영업3
F6QV,에트로,e-영업3
F6QW,소렐,e-영업3
F6QX,엔젤삭스,e-영업3
F6QZ,온 러닝,e-영업3
F6R0,베비몽,e-영업3
F6R5,리빙바웃,e-영업4
F6R7,학산코믹스,e-영업4
F6R8,토리든,e-영업4
F6R9,티에스,e-영업4
F6RA,아식스,e-영업3
F6RF,모트,e-영업3
F6RH,쏭스튜디오,e-영업3
F6RI,나탈리 블랑,e-영업3
F6RJ,블랑,e-영업3
F6RK,무슈 블랑,e-영업3
F6RL,미쉘클랑,e-영업3
F6RM,스윌든스,e-영업3
F6RO,먼데이플로우,e-영업4
F6RQ,르메르,e-영업3
F6RS,카밀리아,e-영업4
F6RT,리틀비티,e-영업3
F6RU,웅진북센,e-영업3
F6RY,토즈,e-영업3
F6S0,알라이아,e-영업3
F6S4,닥스베이비,e-영업3
F6S5,닥스베이비,e-영업3
F6S6,헤지스,e-영업3
F6SJ,미스그린,e-영업3
F6SK,새티스파이,e-영업3
F6SL,스페리,e-영업3
F6SO,핏터레스트,e-영업4
F6SQ,텟츠,e-영업4
F6SR,만다리나 덕,e-영업3
F6TA,파타고니아,e-영업3
F6TE,나르시소 로드리게스,e-영업4
F6TH,폴로랄프로렌,e-영업3
F6TI,모리네코,e-영업4
F6TJ,르메르,e-영업3
F6TK,셀린느,e-영업3
F6TL,폴렌느,e-영업3
F6TM,구이디,e-영업3
F6TO,아로셀,e-영업4
F6TP,피레넥스,e-영업3
F6TR,에스비몰,e-영업3
F6TT,소이,e-영업3
F6TU,하이베이비,e-영업3
F6TV,행텐 틴즈,e-영업3
F6TW,소이,e-영업3
F6TZ,콜맨,e-영업3
F6U1,틴톡,e-영업3
F6U2,애플핑크,e-영업3
F6U8,멜리니,e-영업3
F6U9,윌슨,e-영업3
F6UA,아쿠아티카,e-영업3
F6UC,테슬라,e-영업3
F6UD,씨큐알,e-영업3
F6UE,테슬라,e-영업3
F6UG,트라이,e-영업3
F6UH,오션스카이,e-영업3
F6UJ,어린숨,e-영업3
F6UL,밀리언달러베이비,e-영업3
F6UM,언더아머,e-영업3
F6UN,타미힐피거,e-영업3
F6UO,호카오네오네,e-영업3
F6UP,닥스베이비,e-영업3
F6UQ,제이씨비,e-영업3
F6UR,츄바스코,e-영업3
F6US,리틀잼스,e-영업3
F6UW,에이치오,e-영업3
F6UX,네파,e-영업3
F6UY,미즈노,e-영업3
F6UZ,캘빈클라인,e-영업3
F6V0,르까프,e-영업3
F6V1,다앤다,e-영업4
F6V2,크록스,e-영업3
F6V3,엘르,e-영업3
F6V5,스타터,e-영업3
F6V6,위글위글,e-영업3
F6V7,아티카,e-영업3
F6V9,셀덴,e-영업3
F6VA,씨루,e-영업3
F6VB,에뜨와,e-영업3
F6VG,팔로마울,e-영업3
F6VI,더로우,e-영업3
F6VJ,비플레인,e-영업4
F6VK,메리쿱,e-영업3
F6VL,로트르드민,e-영업3
F6VN,온러닝,e-영업4
F6VO,아크네 스튜디오,e-영업3
F6VQ,보떼덤,e-영업4
F6VR,알텐바흐,e-영업4
F6VS,그라미치,e-영업3
F6VT,로아,e-영업3
F6VU,홈쎄라,e-영업4
F6VW,롯데알미늄,e-영업4
F6VX,대성쎌틱,e-영업4
F6VZ,신일,e-영업4
F6W0,에코제트,e-영업4
F6W2,버켄스탁,e-영업3
F6W3,드림톨,e-영업3
F6W4,에스알비,e-영업4
F6W5,에이아이라이더스,e-영업3
F6W6,파쉬,e-영업3
F6WA,노다,e-영업3
F6WB,하울린,e-영업3
F6WD,데케트,e-영업3
F6WF,베자,e-영업3
F6WG,어그,e-영업3
F6WH,엠엠식스 메종 마르지엘라,e-영업3
F6WJ,토즈,e-영업3
F6WM,로에베,e-영업3
F6WP,디스퀘어드2,e-영업3
F6WU,초세컨즈,e-영업4
F6WW,넥스트큐,e-영업4
F6WX,충성 핫팩,e-영업4
F6X1,크로우캐년,e-영업4
F6X2,루미에반,e-영업3
F6X8,존바바토스,e-영업4
F6X9,끌로에,e-영업3
F6XA,끌로에,e-영업3
F6XC,유니클로,e-영업3
F6XD,지유,e-영업3
F6XE,오니츠카타이거,e-영업3
F6XF,아식스,e-영업3
F6XG,나이키,e-영업3
F6XH,아디다스,e-영업3
F6XI,호카,e-영업3
F6XJ,나나미카,e-영업3
F6XK,꼼데가르송,e-영업3
F6XM,니들스,e-영업3
F6XP,몽벨,e-영업3
F6YD,라루즈,e-영업4
F6YE,드래곤 디퓨전,e-영업3
F6YR,에이아이라이더스,e-영업3
F6YS,렉토,e-영업3
F6YT,캘러웨이,e-영업4
F6YU,언노운플라넷,e-영업3
F6YW,휠라,e-영업3
F6YY,미쉘에블랑,e-영업3
F6Z1,브라운,e-영업3
F6Z3,어그,e-영업3
F6Z4,2080,e-영업4
F6Z6,뉴트로지나,e-영업4
F6ZE,바세린-유니레버,e-영업4
F6ZF,세타필,e-영업4
F6ZH,숨37,e-영업4
F6ZI,스너글,e-영업4
F6ZJ,실크테라피,e-영업4
F6ZL,알페신,e-영업4
F6ZN,엠씨엠,e-영업4
F6ZU,콜게이트,e-영업4
F6ZW,피지오겔,e-영업4
F6ZY,히말라야,e-영업4
F701,닐 바렛,e-영업3
F703,나이키,e-영업3
F707,오리스,e-영업3
F709,폴스미스,e-영업3
F70F,덴티본조르노,e-영업4
F70L,헨리코튼,e-영업3
F70N,할리오브스코틀랜드,e-영업3
F70O,아더에러,e-영업3
F70T,나나미카,e-영업3
F70U,필슨,e-영업3
F70V,파라부트,e-영업3
F70W,노다,e-영업3
F70X,어썸월드,e-영업3
F711,폴로 랄프로렌,e-영업3
F712,프라다,e-영업3
F719,살바토레 페라가모,e-영업3
F71A,타나베,e-영업4
F71F,꼼데가르송 플레이,e-영업3
F71G,나나미카,e-영업3
F71H,캐나다구스,e-영업3
F71J,포커시스,e-영업4
F71Q,가민,e-영업4
F71S,르무통,e-영업3
F71V,볼컴,e-영업3
F71W,페어라이어,e-영업4
F71X,켄리프,e-영업4
F721,씨 바이 끌로에,e-영업3
F722,세이코,e-영업3
F724,스텔라 매카트니,e-영업3
F726,스톤아일랜드,e-영업3
F72L,라코스테,e-영업3
F72W,블랑쉬하우스,e-영업4
F72X,프레데릭 말,e-영업4
F72Y,폴리스,e-영업4
F72Z,맥스,e-영업4
F731,티쏘,e-영업3
F732,토즈,e-영업3
F733,토리버치,e-영업3
F736,투미,e-영업3
F737,발렌티노 가라바니,e-영업3
F739,베르사체,e-영업3
F73A,슬로소피,e-영업4
F73F,팀버랜드,e-영업3
F73I,리브이셀,e-영업4
F73N,휴고프로쉬,e-영업4
F73Y,기타,e-영업4
F741,비비안 웨스트우드,e-영업3
F742,생 로랑,e-영업3
F746,디아도라,e-영업3
F749,톰포드,e-영업3
F74C,반데르피게,e-영업4
F74D,아이뮤즈,e-영업4
F74E,듀플렉스,e-영업4
F74V,발렌시아가,e-영업3
F755,골든구스,e-영업3
F756,필립모델,e-영업3
F757,젠치,e-영업3
F758,크리스찬 루부탱,e-영업3
F75B,샥즈,e-영업4
F75C,로바,e-영업3
F75D,센부도,e-영업4
F761,헨리베글린,e-영업3
F763,자넬라토,e-영업3
F764,인코텍스,e-영업3
F787,모스키노,e-영업3
F788,메종 마르지엘라,e-영업3
F789,엠씨엠,e-영업3
F790,알렉산더 맥퀸,e-영업3
F792,로저비비에,e-영업3
F798,에르노,e-영업3
F799,디올 옴므,e-영업3
F7C3,뉴발란스,e-영업3
F7DJ,더 로우,e-영업3
F7FL,드래곤 디퓨전,e-영업3
F7KS,로에베,e-영업3
F806,캐나다구스,e-영업3
F807,세인트제임스,e-영업3
F812,발망,e-영업3
F814,톰브라운,e-영업3
F816,고야드,e-영업3
F817,롤렉스,e-영업3
F818,브라이틀링,e-영업3
F821,크롬하츠,e-영업3
F822,씨피컴퍼니,e-영업3
F827,오메가,e-영업3
F82H,훈자 지,e-영업3
F830,릭오웬스,e-영업3
F832,태그호이어,e-영업3
F833,발렉스트라,e-영업3
F835,메트로시티,e-영업3
F840,마르셀로불론,e-영업3
F845,어그,e-영업3
F848,버버리,e-영업3
F84Z,뉴보,e-영업4
F850,스톤아일랜드,e-영업3
F852,스튜어트와이츠먼,e-영업3
F859,주세페자노티,e-영업3
F861,생 로랑,e-영업3
F864,이세이미야케,e-영업3
F865,필립플레인,e-영업3
F867,레페토,e-영업3
F874,띠어리,e-영업3
F875,더로우,e-영업3
F876,시티즌,e-영업3
F889,아페쎄,e-영업3
F891,노비스,e-영업3
F895,쟈딕앤볼테르,e-영업3
F896,엠에스지엠,e-영업3
F897,프리미아타,e-영업3
F8D1,셀린느,e-영업3
F8TC,엠포리오 아르마니,e-영업3
F8V8,세자티니,e-영업4
F8V9,떼르디,e-영업4
F8VA,블라우풍트,e-영업4
F8VV,크리스찬디올,e-영업3
F8Z3,톰브라운,e-영업3
F901,무스너클,e-영업3
F910,파라점퍼스,e-영업3
F911,브루넬로쿠치넬리,e-영업3
F916,파비아나 필리피,e-영업3
F923,와이쓰리,e-영업3
F929,오프화이트,e-영업3
F931,베트멍,e-영업3
F94N,헤레우,e-영업3
F94Y,페라가모,e-영업3
F950,미스터앤미세스,e-영업3
F953,발렌티노,e-영업3
F965,반 클리프 앤 아펠,e-영업3
F968,커먼프로잭트,e-영업3
F972,맥케이지,e-영업3
F976,이로,e-영업3
F985,모스키노,e-영업3
F988,메종키츠네,e-영업3
F98F,프라다,e-영업3
F992,아미,e-영업3
F9B7,핀코,e-영업3
FA40,요시다 포터,e-영업3
FA4L,에르메스,e-영업4
FA4N,아쿠아 디 파르마,e-영업4
FA4Q,토템,e-영업3
FA4U,이세이미야케,e-영업3
FA4W,아크테릭스,e-영업3
FA5K,베르사체,e-영업3
FA5N,폴로 랄프로렌,e-영업3
FA5Q,파타고니아,e-영업3
FA5U,오클리,e-영업3
FA5X,캠퍼,e-영업3
FA61,버켄스탁,e-영업3
FA6A,르뷔,e-영업4
FA6B,프라다,e-영업3
FA6C,발렌티노 가라바니,e-영업3
FA6D,생로랑,e-영업3
FA6E,구찌,e-영업3
FA6F,베르사체,e-영업3
FA6G,몽클레어,e-영업3
FA6H,보테가베네타,e-영업3
FA6I,펜디,e-영업3
FA6O,보토,e-영업4
FA6P,아미리,e-영업3
FA6Q,버버리,e-영업3
FA6S,발렌시아가,e-영업3
FA6T,가니,e-영업3
FA6U,엠포리오 아르마니,e-영업3
FA6V,아미,e-영업3
FA6W,에르노,e-영업3
FA6X,골드윈,e-영업3
FA70,에브리윅,e-영업4
FA81,디올,e-영업3
FA9J,브린제,e-영업3
FAA2,쉐흐,e-영업3
FAB2,에코,e-영업3
FACD,타이틀리스트,e-영업3
FACU,피시코,e-영업3
FACV,피엑스지,e-영업3
FAD3,하이쿠레,e-영업3
FAD4,할리오브스코틀랜드,e-영업3
FADA,공감위주,e-영업3
FADE,지즈 바이 울랄라,e-영업3
FADG,수부,e-영업3
FADI,밀리홈,e-영업4
FADJ,에코후레쉬,e-영업4
FADK,브룩스,e-영업4
FADL,이엠이,e-영업4
FADM,메종 마르지엘라,e-영업3
FADP,피엘라벤,e-영업3
FADQ,짐머만,e-영업3
FADT,브룩스,e-영업4
FADU,몽베스트,e-영업4
FADZ,문부츠,e-영업3
FAE0,노비스,e-영업3
FAE3,블랑샤,e-영업3
FAEA,비비안 웨스트우드,e-영업3
FAEG,요시다 포터,e-영업3
FAEL,랩원오원,e-영업3
FAEN,벨로아이녹스,e-영업4
FAEO,레스노베,e-영업4
FAEZ,빅토리아 시크릿,e-영업3
FAF2,한샘,e-영업4
FAF6,푸시탭,e-영업4
FAFB,베네통,e-영업3
FAFC,미즈노,e-영업3
FAFD,아웃도어프로덕츠,e-영업3
FAFF,스파오,e-영업3
FAFM,롱테이크,e-영업4
FAFN,파라부트,e-영업3
FAFO,멀버리,e-영업3
FAFP,피노,e-영업4
FAFQ,아비노,e-영업4
FAFS,엔비피시스,e-영업4
FAFU,스킨 슈티컬즈,e-영업4
FAFX,오리베,e-영업4
FAFY,에스케이투,e-영업4
FAG0,취,e-영업4
FAG1,오띠,e-영업4
FAG2,누들 앤 부,e-영업4
FAG3,아로마테라피 어소시에이트,e-영업4
FAG4,조르지오 아르마니,e-영업4
FAG8,스트라이벡틴,e-영업4
FAGB,18.21 맨 메이드,e-영업4
FAGC,펜티뷰티,e-영업4
FAHA,세라비,e-영업4
FAHB,닥터 조,e-영업4
FAHH,펄리에,e-영업4
FAHI,케이18,e-영업4
FAHP,씨플로라,e-영업4
FAHT,마실,e-영업4
FAHW,에이프릴 코리아,e-영업4
FAHX,유세린,e-영업4
FAHY,마베니르,e-영업4
FAI5,우노,e-영업4
FAIF,클라렌,e-영업4
FAIU,꽁빠니 드 프로방스,e-영업4
FAIW,퍼스피렉스,e-영업4
FAIX,입큰,e-영업4
FAJ4,아카카파,e-영업4
FAJ5,닐스야드 레머디스,e-영업4
FAJ6,엑시스와이,e-영업4
FAJ8,에뛰드 하우스,e-영업4
FAJA,하루하루 원더,e-영업4
FAJJ,르라보,e-영업4
FAJP,비오레,e-영업4
FAJV,조선미녀,e-영업4
FAJW,더바디샵,e-영업4
FAJX,탬버린즈,e-영업4
FAJY,슈퍼굽,e-영업4
FAJZ,티르티르,e-영업4
FAK3,르니앤맥코이,e-영업3
FAK5,르크루제,e-영업4
FAK8,엠디지티,e-영업3
FAKA,라 조이아,e-영업3
FAKB,중앙,e-영업3
FAKC,에리또,e-영업3
FAKD,베다트,e-영업3
FAKE,마로네,e-영업3
FAKH,매버릭 레더,e-영업3
FAKI,토즈,e-영업3
FAKJ,보엔시아,e-영업3
FAKP,준퍼,e-영업3
FAKS,집스,e-영업4
FAKT,루미따,e-영업4
FAKU,살로몬,e-영업4
FAKY,메종드구르메,e-영업4
FAKZ,새티스파이,e-영업3
FAL1,셀린느,e-영업3
FAL2,노다,e-영업3
FAL8,피레넥스,e-영업3
FAL9,덴티스테,e-영업4
FALA,온도아리아,e-영업4
FALB,짐샌더슨,e-영업4
FALD,에바솔로,e-영업4
FALM,코치,e-영업3
FALR,스토즐,e-영업4
FALZ,세인트나인,e-영업4
FAM0,하그노스,e-영업3
FAM1,브루노바피,e-영업3
FAM3,타이가 타카하시,e-영업3
FAM4,아디다스,e-영업4
FAM5,달바,e-영업4
FAM6,파라부트,e-영업3
FAM7,베라왕,e-영업3
FAMF,캐리어,e-영업4
FAMG,풀무원,e-영업4
FAMI,디즈니,e-영업4
FAMJ,트로마츠,e-영업4
FAML,아더에러,e-영업3
FAMP,인콘트로,e-영업4
FAMQ,인콘트로,e-영업3
FAMT,듀라텍스,e-영업4
FAMU,진_,e-영업4
FAMW,후첸로이터,e-영업4
FAMX,알씨알,e-영업4
FAMZ,토마스,e-영업4
FAN6,트루버,e-영업4
FAN7,벨락,e-영업4
FAN9,마운트리버,e-영업4
FANB,마렉스,e-영업4
FANC,소이담,e-영업4
FAND,유니크에픽,e-영업4
FANE,유니크에픽,e-영업4
FANF,유니크에픽,e-영업4
FANG,베이비맥스,e-영업3
FANI,앤왁스,e-영업3
FANJ,펠리칸,e-영업4
FANK,차앤박,e-영업4
FANM,제이베럴즈,e-영업4
FANN,릴리킴킴,e-영업4
FANO,엠디지티,e-영업3
FANQ,볼빅,e-영업4
FANR,히키스,e-영업3
FANS,캠프라인,e-영업4
FAO1,알라이아,e-영업3
FAO2,덕하우스,e-영업4
FAO3,부쿠로 혼마,e-영업4
FAO4,오스프리,e-영업4
FAO7,마벨슈슈,e-영업3
FAO8,블루독,e-영업3
FAO9,블루독베이비,e-영업3
FAOA,밍크뮤,e-영업3
FAOB,래핑차일드,e-영업3
FAOF,에코너,e-영업4
FAOI,위뜨,e-영업4
FAOL,몽클레어,e-영업3
FAPE,앤스티치,e-영업4
FAPI,마이클코어스,e-영업4
FAPK,프라다,e-영업4
FAPL,도이터,e-영업4
FAPO,크레므앙팡,e-영업3
FAPT,베르사체,e-영업3
FAQJ,슈펜,e-영업3
FAQK,더 잉글리쉬 솝,e-영업4
FAQL,그린네이션라이프,e-영업4
FAQM,바움앤보겔,e-영업4
FAQN,카즈미,e-영업4
FAQX,지오지아,e-영업3
FAQY,에디션,e-영업3
FAR3,머렐,e-영업4
FAR4,나이키,e-영업3
FAR5,아디다스,e-영업3
FAR6,뉴발란스,e-영업3
FAR7,호카,e-영업3
FAR8,푸마,e-영업3
FAR9,47브랜드,e-영업3
FARA,타이니코스모스,e-영업3
FARB,노다,e-영업3
FARC,새티스파이,e-영업3
FARE,휴고보스,e-영업3
FARF,타이맥스,e-영업3
FARG,캡틴선샤인,e-영업3
FARP,피어오브갓,e-영업3
FARW,챌린저,e-영업4
FARX,판도라,e-영업3
FARY,카시오,e-영업3
FAS3,크리스탈 헤이즈,e-영업3
FAS4,데우스엑스마키나,e-영업3
FAS5,와일드 동키,e-영업3
FAS7,캉골,e-영업3
FAS8,나나미카,e-영업3
FAS9,랩,e-영업3
FASB,세인트제임스,e-영업3
FASD,해밀턴,e-영업3
FASI,클라터뮤젠,e-영업3
FASJ,겐조,e-영업3
FASL,몬데인,e-영업3
FASM,바오바오,e-영업3
FASQ,세이코,e-영업3
FAST,옌키옌키,e-영업3
FASV,엠에스지엠,e-영업3
FASX,리던,e-영업3
FAT0,챔피온,e-영업3
FAT4,타미힐피거,e-영업3
FAT7,피레넥스,e-영업3
FATC,카즈미,e-영업4
FATD,카즈미,e-영업4
FATF,카즈미,e-영업4
FATG,카즈미,e-영업4
FATI,카즈미,e-영업4
FATJ,카즈미,e-영업4
FATL,청소연구소,e-영업4
FATM,베로니카 빌드그루버,e-영업3
FAUJ,구찌,e-영업3
FAUR,르메르,e-영업3
FAUX,메종마르지엘라,e-영업3
FAV2,몽클레르,e-영업3
FAW2,알티스트,e-영업4
FAW7,드로게리아 크리베리니,e-영업3
FAWM,알라이아,e-영업3
FAWZ,요시다 포터,e-영업3
FAX2,포셀리,e-영업3
FAX6,드래곤 디퓨전,e-영업3
FAX9,하츠,e-영업4
FAXA,콜핑,e-영업4
FAXB,제너럴아이디어,e-영업3
FAXC,폴레드,e-영업3
FAXJ,아쉬,e-영업3
FAXK,포젤란 홈,e-영업4
FAXL,더로우,e-영업3
FAXS,야콥코헨,e-영업3
FAXT,드레익스,e-영업3
FAY1,버윅,e-영업3
FAY8,에이션트 그릭,e-영업3
FAYC,알로하스,e-영업3
FAYU,모스콧,e-영업3
FB0G,실루엣,e-영업3
FB1H,마우이짐,e-영업3
FB29,알베르토루티,e-영업3
FB2B,이누이 에디션,e-영업3
FB3E,살레와,e-영업4
FB3I,에르메스,e-영업4
FB3J,바카라,e-영업4
FB3M,롱샴,e-영업3
FB3N,루이비통,e-영업3
FB3U,제이디엑스,e-영업4
FB3W,아디다스,e-영업3
FB42,홀베리,e-영업4
FB43,코치,e-영업3
FB4E,라코스테,e-영업3
FB4J,노스페이스 퍼플라벨,e-영업3
FB4P,살로몬,e-영업3
FB5H,단톤,e-영업3
FB6M,비레스트,e-영업4
FB6N,아이노비아,e-영업4
FB6P,라크,e-영업4
FB74,바겐슈타이거,e-영업4
FB7A,플리츠 플리즈,e-영업3
FB7S,버켄스탁,e-영업3
FB7U,세바고,e-영업3
FB84,노울스,e-영업3
FB86,피비 파일로,e-영업3
FB8D,리던,e-영업3
FB8J,위미에르,e-영업4
FB92,살롱드루반,e-영업3
FB9F,에코지니,e-영업4
FB9H,토즈,e-영업3
FB9I,컴젠,e-영업3
FB9L,캠프라인,e-영업4
FB9P,발레리,e-영업3
FB9Q,아키,e-영업3
FB9R,웅진북센,e-영업3
FB9S,웅진북센,e-영업3
FB9T,웅진북센,e-영업3
FBA2,누마르,e-영업4
FBA4,문트,e-영업3
FBA5,자신,e-영업4
FBA6,스페리,e-영업3
FBA7,하오시,e-영업4
FBA8,르쏘쏘,e-영업4
FBAH,엠엠식스 메종 마르지엘라,e-영업3
FBAI,버켄스탁,e-영업3
FBAJ,갤러리 디파트먼트,e-영업3
FBAK,겐조,e-영업3
FBAM,골든구스,e-영업3
FBAP,끌로에,e-영업3
FBAU,더로우,e-영업3
FBB2,메종 미하라 야스히로,e-영업3
FBB3,메종 마르지엘라,e-영업3
FBB4,메종 키츠네,e-영업3
FBBA,버버리,e-영업3
FBBD,블루밍빌,e-영업3
FBBG,셀린느,e-영업3
FBBK,스톤아일랜드,e-영업3
FBBN,아르네 야콥센,e-영업3
FBBP,아미,e-영업3
FBBQ,아워레가시,e-영업3
FBBU,어그,e-영업3
FBBX,엠엠6 마르지엘라,e-영업3
FBC0,와일드 동키,e-영업3
FBC6,캐나다구스,e-영업3
FBCA,톰브라운,e-영업3
FBCL,휴먼메이드,e-영업3
FBCS,코모레비마리드,e-영업4
FBCT,까말돌리,e-영업4
FBCX,페리미츠,e-영업3
FBCY,레노마,e-영업3
FBD1,마움,e-영업4
FBD8,비티알,e-영업4
FBD9,야마하,e-영업4
FBDA,야마하,e-영업4
FBDB,모노플랫,e-영업4
FBDC,엠쿰,e-영업4
FBDD,에포크헤리티지,e-영업4
FBDI,디디오,e-영업3
FBDJ,멜멜,e-영업3
FBGI,아크테릭스,e-영업3
FBGJ,톰브라운,e-영업3
FBGK,스톤아일랜드,e-영업3
FBGN,폴로 랄프로렌,e-영업3
FBGP,에코,e-영업3
FBGZ,지포어,e-영업3
FBH2,파타고니아,e-영업3
FBH3,메종키츠네,e-영업3
FBH4,토즈,e-영업3
FBH6,호카오네오네,e-영업3
FBH9,꼼데가르송,e-영업3
FBI9,캠퍼,e-영업3
FBIC,오클리,e-영업3
FBIR,라코스테,e-영업3
FBJ1,씨피 컴퍼니,e-영업3
FBJ9,몽클레어,e-영업3
FBJB,제이린더버그,e-영업3
FBJL,올도큐브,e-영업4
FBJM,에디파이어,e-영업4
FBJN,스톤아일랜드,e-영업3
FBJP,구찌,e-영업3
FBJQ,보테가 베네타,e-영업3
FBJR,롱샴,e-영업3
FBJS,프라다,e-영업3
FBJU,씨피 컴퍼니,e-영업3
FBJY,비비안 웨스트우드,e-영업3
FBK7,새티스파이,e-영업3
FBKG,스투시,e-영업3
FBKL,아페쎄,e-영업3
FBKM,라이프워크,e-영업3
FBKO,예니즈,e-영업4
FBKP,톰포드,e-영업3
FBKQ,루이비통,e-영업3
FBKR,디올,e-영업3
FBKS,셀린느,e-영업3
FBKT,고야드,e-영업3
FBL2,가니,e-영업3
FBL3,닥스리틀,e-영업3
FBL4,닥스리틀,e-영업3
FBL5,헤지스,e-영업3
FBL6,헤지스,e-영업3
FBL7,헤지스,e-영업3
FBL9,헤지스,e-영업3
FBLB,아식스,e-영업3
FBLC,포터리,e-영업3
FBLE,닥스리틀,e-영업3
FBLI,리톤,e-영업4
FBLN,드래곤 디퓨전,e-영업3
FBLO,버켄스탁,e-영업3
FBLR,클락스,e-영업3
FBLS,툴룬즈브릭,e-영업3
FBLT,노스페이스,e-영업4
FBLY,잭윌스,e-영업3
FBNA,내셔널지오그래픽,e-영업4
FBNB,내셔널지오그래픽,e-영업3
FBNC,포터리,e-영업3
FBND,블랙 클로버,e-영업4
FBNE,닥스리틀,e-영업3
FBNF,파나소닉,e-영업4
FBNI,티백,e-영업3
FBNJ,트렉스타,e-영업4
FBNK,버켄스탁,e-영업3
FBNM,슈퍼드라이,e-영업3
FBNO,펜디,e-영업3
FBNQ,만다리나덕,e-영업3
FBNR,아디다스,e-영업3
FBNS,푸마,e-영업3
FBNU,나이키,e-영업3
FBNX,폴브리알,e-영업3
FBNY,콩제슬래드,e-영업3
FBO3,휴먼메이드,e-영업3
FBO4,호카,e-영업3
FBOF,루아르,e-영업4
FBOH,로레알 프로페셔널,e-영업4
FBOI,스테이지 어라운드,e-영업3
FBOJ,루메,e-영업3
FBOK,이네스바이,e-영업3
FBOP,클라우썸,e-영업4
FBOQ,앤드원더,e-영업3
FBPN,아디다스 X 송 포 더 뮤트,e-영업3
FBPQ,로 페이드,e-영업3
FBPR,옵티미스틱러너스,e-영업3
FBPS,스위스밀리터리,e-영업3
FBPZ,헬로버디,e-영업4
FBQ0,바른생활,e-영업4
FBQ2,비아크,e-영업4
FBQ3,르제로,e-영업3
FBQ6,셀프포트레이트,e-영업3
FBQ7,구찌,e-영업3
FBQA,단톤,e-영업3
FBQL,케이일일오,e-영업3
FBQN,나나미카,e-영업3
FBQO,기마구아스,e-영업3
FBQP,칼하트,e-영업3
FBQW,페라가모,e-영업3
FBQZ,하트포드,e-영업3
FBR2,레꼴뜨,e-영업4
FBR4,에고이스트,e-영업3
FBRB,테팔,e-영업4
FBRC,오뚜기,e-영업4
FBRG,새티스파이,e-영업3
FBRI,베지밀,e-영업4
FBRK,맥심,e-영업4
FBRL,신라명과,e-영업4
FBRP,풀무원,e-영업4
FBRU,아식스,e-영업3
FBRV,베이프,e-영업3
FBRW,빔즈,e-영업3
FBRX,꼼데가르송,e-영업3
FBRY,데이토나파크,e-영업3
FBRZ,지유,e-영업3
FBS0,휴먼메이드,e-영업3
FBS1,몽벨,e-영업3
FBS2,나이키,e-영업3
FBS3,스투시,e-영업3
FBS4,유니클로,e-영업3
FBS6,아디다스,e-영업3
FBS7,포터,e-영업3
FBS8,노티카,e-영업3
FBS9,오니츠카타이거,e-영업3
FBSA,단톤,e-영업3
FBSC,호카오네오네,e-영업3
FBSH,온러닝,e-영업3
FBSJ,알레르망,e-영업4
FBSN,아사셀렉션,e-영업4
FBSV,오브영,e-영업3
FBSX,새티스파이,e-영업3
FBSZ,클락스,e-영업3
FBT2,자칼,e-영업4
FBT6,써코니,e-영업4
FBTA,브루넬로 쿠치넬리,e-영업3
FBTB,사만킬로미터,e-영업3
FBTC,하우만,e-영업4
FBTE,레노마,e-영업3
FBTF,페리미츠,e-영업3
FBTI,쿠진아트,e-영업4
FBTJ,리빙앤,e-영업4
FBTS,밀스,e-영업4
FBTV,버켄스탁,e-영업3
FBTW,페페,e-영업3
FBTY,미니도우,e-영업3
FBU1,린에비뉴,e-영업3
FBU5,에이옵,e-영업4
FBU7,낫소,e-영업4
FBU8,디즈니,e-영업4
FBU9,산리오,e-영업4
FBUA,포켓몬스터,e-영업4
FBUD,나이키,e-영업4
FBUE,에룸포,e-영업4
FBUF,라꾸라꾸,e-영업4
FBUI,오클리,e-영업3
FBUP,알텐유,e-영업3
FBUR,한경희 이지라이프,e-영업4
FBUS,대우 어플라이언스,e-영업4
FBUT,이노크아든,e-영업4
FBV8,브레넨스툴,e-영업4
FBVB,스위스밀리터리,e-영업3
FBVC,나귀사,e-영업3
FBVE,아로마폴리스,e-영업4
FBVF,홈앤시스,e-영업4
FBVG,레스트나인,e-영업4
FBVL,바리바디,e-영업4
FBVQ,에피카,e-영업4
FBVX,수디오,e-영업4
FBW4,뉴발란스,e-영업3
FBW5,노다,e-영업3
FBW7,리던,e-영업3
FBW9,씨엘르,e-영업3
FBWE,챔피온,e-영업3
FBWS,애드마일스,e-영업4
FBWW,자라,e-영업3
FBWX,마시모두띠,e-영업3
FBWY,버쉬카,e-영업3
FBWZ,빔바이롤라,e-영업3
FBX0,캠퍼,e-영업3
FBX1,에이치앤엠,e-영업3
FBX2,망고,e-영업3
FBX3,올랜드,e-영업3
FBX4,오이쇼,e-영업3
FBX5,피콜리노스,e-영업3
FBX6,풀앤베어,e-영업3
FBX7,스트라디바리우스,e-영업3
FBX8,스페라,e-영업3
FBX9,꼬르떼피엘,e-영업3
FBXA,미사코,e-영업3
FBXB,데시구알,e-영업3
FBXC,아돌포도밍게즈,e-영업3
FBXD,팔포이즈,e-영업3
FBXK,큐티스,e-영업3
FBXN,씨피 컴퍼니,e-영업3
FBXP,스톤아일랜드,e-영업3
FBXW,보테가 베네타,e-영업3
FBY8,아페쎄,e-영업3
FBYA,아더에러,e-영업3
FBYB,아디다스,e-영업3
FBYH,아미,e-영업3
FBYQ,발렌시아가,e-영업3
FBYS,베이프,e-영업3
FBYT,바오바오 이세이미야케,e-영업3
FBYW,버켄스탁,e-영업3
FBYX,보테가베네타,e-영업3
FBZ0,버버리,e-영업3
FBZ2,씨피컴퍼니,e-영업3
FBZ6,칼하트 더블유아이피,e-영업3
FBZA,셀린느,e-영업3
FBZF,크롬하츠,e-영업3
FBZG,코치,e-영업3
FBZJ,코스,e-영업3
FBZK,크록스,e-영업3
FBZN,디젤,e-영업3
FBZO,디올,e-영업3
FBZQ,드래곤디퓨전,e-영업3
FBZR,닥터마틴,e-영업3
FBZY,가니,e-영업3
FC00,지방시,e-영업3
FC02,고야드,e-영업3
FC03,구찌,e-영업3
FC04,헬렌카민스키,e-영업3
FC07,에르메스,e-영업3
FC0A,아이앱스튜디오,e-영업3
FC0C,자크뮈스,e-영업3
FC0E,지미추,e-영업3
FC0I,겐조,e-영업3
FC0N,루이비통,e-영업3
FC0O,메종키츠네,e-영업3
FC11,몽블랑,e-영업3
FC15,멀버리,e-영업3
FC17,뉴발란스,e-영업3
FC18,나이키,e-영업3
FC1A,온러닝,e-영업3
FC1I,폴로랄프로렌,e-영업3
FC1J,포터,e-영업3
FC1K,프라다,e-영업3
FC1S,살로몬,e-영업3
FC1T,페라가모,e-영업3
FC1U,산드로,e-영업3
FC1X,스톤아일랜드,e-영업3
FC1Z,스투시,e-영업3
FC20,슈프림,e-영업3
FC21,텔파,e-영업3
FC22,노스페이스,e-영업3
FC23,더로우,e-영업3
FC25,톰브라운,e-영업3
FC29,토리버치,e-영업3
FC2G,비비안웨스트우드,e-영업3
FC2L,필떼28,e-영업4
FC2O,트랙스미스,e-영업3
FC2P,산타마리아노벨라,e-영업4
FDT4,제냐,e-영업3
FDV2,프리베일,e-영업3
FDVA,준지,e-영업3
FDVJ,온러닝,e-영업3
FDVP,지미추,e-영업3
FDVT,지샥,e-영업3
FDWP,지포어,e-영업3
FDY0,카시오,e-영업3
FDYT,칼하트,e-영업3
FDZ2,필립스,e-영업4
FDZA,캘러웨이,e-영업3
FDZO,프라데라,e-영업4
FDZZ,트리아즈,e-영업4
FE06,스와로브스키,e-영업3
FE0M,코치,e-영업3
FE1X,크록스,e-영업3
FE1Y,크롬 하츠,e-영업3
FE29,크리스탈 헤이즈,e-영업3
FE3A,원더브라,e-영업3
FE3Z,타이틀리스트,e-영업3
FE4E,태그 호이어,e-영업3
FE50,토리버치,e-영업3
FE57,토즈,e-영업3
FE5G,톰브라운,e-영업3
FE5J,톰포드,e-영업3
FE6T,파라부트,e-영업3
FE77,파슬,e-영업3
FE7Q,파타고니아,e-영업3
FE7S,판도라,e-영업3
FE95,페라가모,e-영업3
FE9O,펜디,e-영업3
FEAU,폴로 랄프로렌,e-영업3
FEB4,폴스미스,e-영업3
FEBK,프라다,e-영업3
FEC4,프레드릭 콘스탄트,e-영업3
FED3,데이슬립,e-영업4
FEEE,필립플레인,e-영업3
FEEF,필슨,e-영업3
FEEH,플로라퓸,e-영업4
FEFI,해밀턴,e-영업3
FEG2,헤레우,e-영업3
FEG7,크로커다일 이너웨어,e-영업3
FEGV,호카오네오네,e-영업3
FEHG,휴먼메이드,e-영업3
FEHN,오클리,e-영업3
FEHO,레이벤,e-영업3
FEHQ,킬리안,e-영업4
FEI8,47브랜드,e-영업3
FEJ4,겐조,e-영업3
FEJA,고야드,e-영업3
FEJH,골든구스,e-영업3
FEJS,구찌,e-영업3
FEKW,까르띠에,e-영업3
FEL9,꼼데가르송,e-영업3
FELJ,나나미카,e-영업3
FELV,나이키,e-영업3
FEM1,난가,e-영업3
FEO1,닐 바렛,e-영업3
FEOS,단톤,e-영업3
FEOY,더 로우,e-영업3
FEPO,던힐,e-영업3
FER6,드래곤 디퓨전,e-영업3
FES2,디올,e-영업3
FES7,디젤,e-영업3
FETT,랑방,e-영업3
FETZ,랩,e-영업3
FEUA,럼블롤러,e-영업3
FEWI,로에베,e-영업3
FEXF,롱샴,e-영업3
FEXW,루이비통,e-영업3
FF11,마르니,e-영업3
FF33,마크앤로나,e-영업3
FF3M,말본,e-영업3
FF42,멀버리,e-영업3
FF4J,메종 마르지엘라,e-영업3
FF4K,메종 키츠네,e-영업3
FF5J,모스키노,e-영업3
FF5V,몬데인,e-영업3
FF67,몽블랑,e-영업3
FF7L,미우미우,e-영업3
FF95,반 클리프 앤 아펠,e-영업3
FF9D,발렌시아가,e-영업3
FF9G,발렌티노,e-영업3
FF9J,발리,e-영업3
FF9L,발망,e-영업3
FFA0,버버리,e-영업3
FFB5,베이프,e-영업3
FFCL,보테가 베네타,e-영업3
FFDC,불가리,e-영업3
FFDS,브루넬로 쿠치넬리,e-영업3
FFFG,비비안웨스트우드,e-영업3
FFHL,사카이,e-영업3
FFI0,살로몬,e-영업3
FFIA,생 로랑,e-영업3
FFIC,샤넬,e-영업3
FFJ0,세르지오로시,e-영업3
FFJW,셀린느,e-영업3
FFKH,솔트워터,e-영업3
FFLD,스와로브스키,e-영업3
FFLE,스와치,e-영업3
FFMF,스톤아일랜드,e-영업3
FFMJ,스투시,e-영업3
FFNV,시티즌,e-영업3
FFPU,아르마니,e-영업3
FFQE,아미,e-영업3
FFQW,아식스,e-영업3
FFRX,아크테릭스,e-영업3
FFRY,아테스토니,e-영업3
FFTL,알렉산더 맥퀸,e-영업3
FFVX,어그,e-영업3
FFX7,에르메스,e-영업3
FFZ1,에코,e-영업3
FFZ9,에트로,e-영업3
FG1S,오메가,e-영업3
FG2C,오클리,e-영업3
FG2F,오트리,e-영업3
FG5A,트렌비,e-영업3
FG5C,코스,e-영업3
FG5D,아르켓,e-영업3
FG5E,앤아더스토리즈,e-영업3
FG5Z,보프,e-영업4
FG61,아디다스,e-영업3
FG62,블랙야크,e-영업3
FG66,어노드,e-영업3
FG67,에이비비알,e-영업3
FG68,컬럼비아,e-영업4
FG69,보보쇼즈,e-영업3
FG6D,세베,e-영업3
FG6G,플레이텍스,e-영업3
FG6I,클라터뮤젠,e-영업3
FG6N,애플,e-영업4
FG6T,자라,e-영업4
FG71,트리피언,e-영업3
FG72,루베로,e-영업4
FG75,클락스,e-영업3
FG77,나인식스뉴욕,e-영업3
FG7D,오투케어,e-영업4
FG7E,리아네이처,e-영업4
FG7F,내추럴키스,e-영업4
FG7H,바챠,e-영업3
FG7J,테클라,e-영업3
FG7Q,포에버21,e-영업3
FG7V,르까프,e-영업4
FG7W,트렉스타,e-영업4
FG7X,페리엘리스,e-영업3
FG81,옴므플리세 이세이미야케,e-영업3
FG86,베이프,e-영업3
FG8I,핏플랍,e-영업3
FG8K,엘르,e-영업3
FG9Q,메이네티,e-영업4
FGWM,호메오,e-영업4
FGX3,슬로소피,e-영업4
FGX4,다인패브릭,e-영업4
FGX8,호스와,e-영업3
FGX9,베크만,e-영업3
FGXP,스투시,e-영업3
FGYG,펜디,e-영업3
FGZ6,엠포리오 아르마니,e-영업3
FH1E,구찌,e-영업3
FH1O,프라다,e-영업3
FH3J,베르사체,e-영업3
FH5Z,토템,e-영업3
FH66,더로우,e-영업3
FH8P,살로몬,e-영업3
FH8R,버켄스탁,e-영업3
FH8U,피엑스지(엘에프),e-영업4
FHNW,조셉,e-영업3
FHO2,올리,e-영업4
FHV3,롤리클,e-영업4
FHV4,제니퍼룸,e-영업4
FHVD,언리미트,e-영업3
FHVH,엘리무아,e-영업4
FHVL,슬립앤슬립,e-영업4
FHVO,코비스스포츠,e-영업4
FHVP,아망떼 물티슈,e-영업4
FHVQ,엘리무아,e-영업4
FHVR,스파오,e-영업3
FHVU,100퍼센트,e-영업3
FHVY,비얼디드키드,e-영업3
FHW0,나인웨스트,e-영업3
FHW1,원더바스,e-영업4
FHW2,조성아 22,e-영업4
FHW4,조성아티엠,e-영업4
FHW5,후시다인,e-영업4
FHW6,코치,e-영업3
FHW8,유니브,e-영업3
FHWB,마호,e-영업4
FHWC,캘러웨이,e-영업4
FHXD,스케쳐스,e-영업4
FHXE,블랙야크,e-영업3
FHXJ,메디큐브,e-영업4
FHXM,신일,e-영업4
FHXV,크로커다일 이너웨어,e-영업3
FHXW,원더브라,e-영업3
FHXX,저스트마이사이즈,e-영업3
FHXY,플레이텍스,e-영업3
FHY2,예루살렘 샌들,e-영업3
FHY8,타이틀리스트,e-영업3
FHY9,벨레스,e-영업4
FHYA,단톤,e-영업3
FHYD,수페르가,e-영업3
FHYE,하바이아나스,e-영업3
FHYN,가히,e-영업4
FHYS,티에스스포츠,e-영업3
FHYT,캐릭터스타일,e-영업3
FHYU,지앤,e-영업3
FHYX,에꼴리에,e-영업3
FHYZ,바나나팜스,e-영업3
FHZ1,오,e-영업3
FHZ2,오,e-영업3
FHZ3,빠띠라인,e-영업4
FHZ6,실내화뱅크,e-영업3
FHZB,가방클럽,e-영업3
FHZC,콜핑,e-영업3
FHZD,폴햄,e-영업3
FHZE,마이핏,e-영업3
FHZH,데이빗앤케이트,e-영업4
FHZJ,제테스,e-영업3
FHZN,닉스,e-영업3
FHZO,서울양말,e-영업3
FHZP,보슈아,e-영업3
FHZQ,케이제이씨,e-영업3
FHZW,빔보빔바,e-영업3
FI,포르테포르테,e-영업1
FI00,나린,e-영업3
FI03,핏플랍,e-영업3
FI08,꿈과별,e-영업3
FI09,건종,e-영업3
FI0C,헌터,e-영업3
FI0E,닥스,e-영업3
FI0G,소다,e-영업3
FI0I,미셸바이탠디,e-영업3
FI0J,에스콰이아,e-영업3
FI0K,세라,e-영업3
FI0L,리바이스,e-영업3
FI0P,미센스,e-영업3
FI0Q,휴드,e-영업3
FI0R,올리비아로렌,e-영업3
FI0U,크로커다일레이디,e-영업3
FI10,메듀즈,e-영업3
FI14,애플핑크,e-영업3
FI15,제이씨비,e-영업3
FI17,페트레이,e-영업3
FI2W,과일나라,e-영업4
FI2Z,베니앙,e-영업4
FI33,더마하우스,e-영업4
FI3F,보리맘,e-영업3
FI3Y,깨끗한나라,e-영업4
FI40,리틀블링,e-영업4
FI4B,OYOY,e-영업4
FI51,다온,e-영업3
FI5G,바디판타지,e-영업4
FI5J,닥터키노,e-영업4
FI5L,카라즈,e-영업3
FI67,아이팜,e-영업3
FI6B,더 후,e-영업4
FI6H,루보,e-영업3
FI74,슈틸루스터,e-영업4
FI77,제이씨비,e-영업3
FI78,애플핑크,e-영업3
FI7I,베스트식품,e-영업4
FI7J,베스트식품,e-영업4
FI7L,밤부베베,e-영업3
FI7O,퓨토,e-영업4
FI7P,베스트쇼핑,e-영업3
FI7R,베스트쇼핑,e-영업4
FI7V,퓨어잇,e-영업3
FI81,아토팜,e-영업4
FI84,베이비앙,e-영업3
FI85,송월타올,e-영업4
FI87,삼립식품,e-영업4
FI8G,오뚜기,e-영업4
FI8L,비비안,e-영업3
FI8R,보리맘,e-영업3
FI8U,팔도,e-영업4
FI92,더자연,e-영업4
FI9C,리틀블링,e-영업4
FI9J,마트인코리아,e-영업4
FIA5,커클랜드,e-영업4
FIA6,풀무원,e-영업4
FIAE,가쯔,e-영업4
FIAG,위드잇,e-영업3
FIAR,슈베스,e-영업4
FIAU,연세대학교 연세우유,e-영업4
FIAW,아소부,e-영업4
FIB4,오뚜기,e-영업4
FIBN,더 후,e-영업4
FIBO,오휘,e-영업4
FIC0,루비락,e-영업3
FIC4,도브,e-영업4
FICC,모윰,e-영업3
FICD,드시모네,e-영업4
FICJ,졸린,e-영업4
FICK,비레토,e-영업4
FID3,엔비,e-영업4
FIDA,오르테,e-영업4
FIDC,마밤,e-영업3
FIDD,르크루제,e-영업4
FIDH,제이키드,e-영업3
FIDJ,베이-비,e-영업3
FIDL,벨리타앤보이즈,e-영업3
FIET,테라브러시,e-영업4
FIEU,알리사,e-영업4
FIFH,풀카운트,e-영업3
FIG5,엘리뷰,e-영업4
FIGZ,제트디스포츠,e-영업4
FIH5,지에마르,e-영업3
FIH7,그리너리,e-영업4
FIHP,유에프씨스포츠,e-영업4
G005,딕 비켐버그,e-영업3
G012,조슈아 샌더스,e-영업3
G019,푸마,e-영업3
G020,핑코,e-영업3
G039,스투시,e-영업3
G047,팜엔젤스,e-영업3
G049,산드로,e-영업3
G070,이지,e-영업3
G088,셀프포트레이트,e-영업3
G105,로로피아나,e-영업3
G122,메종 마르지엘라,e-영업3
G124,판도라,e-영업3
G176,니코 지아니,e-영업3
G200,포커스인샵,e-영업4
G205,린넨화이트,e-영업4
G221,마르니,e-영업3
G243,에몬스홈,e-영업4
G269,이에르 로르,e-영업3
G272,필슨,e-영업3
G273,골든구스,e-영업3
G289,실버데일,e-영업4
G293,모던바로크,e-영업4
G295,카파맥스,e-영업4
G296,바이홈,e-영업4
G298,케이원큐어,e-영업4
G299,케이스위스,e-영업4
G307,레노마수영복,e-영업4
G310,지씨디에스,e-영업3
G317,마지스,e-영업4
G318,아르텍,e-영업4
G337,리앤룸,e-영업4
G344,두리펀,e-영업4
G348,구찌,e-영업3
G350,다니엘 웰링턴,e-영업3
G351,돌체앤가바나,e-영업3
G352,로즈몽,e-영업3
G353,루미녹스,e-영업3
G355,몽블랑,e-영업3
G356,바가리,e-영업3
G357,브레일,e-영업3
G358,세이코,e-영업3
G362,오리스,e-영업3
G363,지샥,e-영업3
G364,타이맥스,e-영업3
G365,태그호이어,e-영업3
G366,티쏘,e-영업3
G367,폴스미스,e-영업3
G368,프레드릭 콘스탄트,e-영업3
G369,해밀턴,e-영업3
G370,휴고보스,e-영업3
G371,살바토레 페라가모,e-영업3
G372,쌤소나이트,e-영업3
G373,파슬,e-영업3
G375,만다리나 덕,e-영업3
G379,스와로브스키,e-영업3
G382,라모드치프,e-영업3
G385,에이글,e-영업3
G386,베네통,e-영업3
G387,컬럼비아,e-영업3
G388,컨버스,e-영업3
G395,옴펨,e-영업3
G398,폴리스,e-영업3
G399,게스,e-영업3
G400,디스퀘어드2,e-영업3
G401,디젤,e-영업3
G402,안나수이,e-영업3
G404,훌라,e-영업3
G409,폴로 랄프로렌,e-영업3
G410,제이리움,e-영업3
G411,랑데부,e-영업3
G435,비욘드,e-영업4
G437,바이오더마,e-영업4
G439,나이키,e-영업4
G440,아디다스,e-영업4
G441,뉴발란스,e-영업3
G442,크록스,e-영업4
G443,푸마,e-영업4
G444,리복,e-영업4
G446,오리엔트,e-영업4
G447,카파,e-영업4
G462,림드,e-영업3
G464,나이키,e-영업4
G465,아디다스,e-영업3
G466,뉴발란스,e-영업4
G467,푸마,e-영업4
G468,리복,e-영업4
G469,크록스,e-영업4
G472,이세이미야케,e-영업4
G477,라로슈포제,e-영업4
G479,센카,e-영업4
G481,록시땅,e-영업4
G482,랩시리즈,e-영업4
G487,버서스,e-영업3
G491,나르시소 로드리게스,e-영업4
G493,눅스,e-영업4
G503,더끌림퍼니처,e-영업4
G506,동서가구,e-영업4
G507,레노마수영복,e-영업4
G509,러그즈,e-영업3
G510,리플레이,e-영업3
G511,하루타,e-영업3
G513,나이키,e-영업3
G514,아디다스,e-영업3
G515,라코스테,e-영업4
G516,푸마,e-영업4
G517,뉴발란스,e-영업4
G518,언더아머,e-영업4
G519,반스,e-영업4
G520,페레드페리,e-영업4
G521,크록스,e-영업4
G522,닥터마틴,e-영업3
G524,아식스,e-영업4
G530,부기 베어,e-영업3
G531,빅토리아,e-영업3
G532,폴로,e-영업3
G540,케즈,e-영업3
G551,캘빈클라인,e-영업3
G552,라쿠진,e-영업4
G555,잔스포츠,e-영업3
G560,디자인룸즈,e-영업4
G570,제이비제이,e-영업4
G572,윈도우스토리,e-영업4
G632,라코스테,e-영업3
G634,칼하트,e-영업3
G639,에콴디노,e-영업3
G641,잔스포츠,e-영업3
G643,갭,e-영업3
G645,락포트,e-영업3
G648,필슨,e-영업3
G649,파슬,e-영업3
G650,레이밴,e-영업3
G654,스페이스샾,e-영업4
G657,아키클래식,e-영업3
G667,에이플럼,e-영업4
G668,베나,e-영업4
G669,세토크래프트,e-영업3
G670,어나더브릿지,e-영업3
G697,나인웨어,e-영업4
G709,몽블랑,e-영업3
G710,베디베로,e-영업3
G711,에스까다,e-영업3
G712,제냐,e-영업3
G716,울지마마이펫,e-영업4
G725,무스너클,e-영업3
G737,앳홈,e-영업4
G738,밀리홈,e-영업4
G741,콜유,e-영업4
G742,오르다,e-영업4
G746,퍼니메이드,e-영업4
G774,올뉴프레임,e-영업3
G775,펀샵,e-영업3
G776,베리데스크,e-영업4
G778,하우스플랜,e-영업4
G779,레인보우에어라인즈,e-영업4
G780,모까,e-영업4
G855,포트메리온,e-영업4
G860,디앤디,e-영업4
G878,임페리얼 포슬린,e-영업4
G879,자크라디,e-영업4
G880,크리스탈렉스,e-영업4
G883,보니타하우스,e-영업4
G884,후첸로이터,e-영업4
G888,보르미올리,e-영업4
G893,씨피컴퍼니,e-영업3
G901,어글리쉐도우,e-영업3
G902,플리거 바이 제네럴 아이디어,e-영업3
G911,향기의미술관,e-영업4
G917,예루살렘샌들,e-영업3
G921,프라다,e-영업3
G922,구찌,e-영업3
G923,몽블랑,e-영업3
G924,살바토레 페라가모,e-영업3
G925,발리,e-영업3
G927,버버리,e-영업3
G928,베르사체,e-영업3
G929,아르마니,e-영업3
G932,몽클레르,e-영업3
G933,스톤아일랜드,e-영업3
G934,보테가 베네타,e-영업3
G935,지아니루포,e-영업3
G936,무아스,e-영업4
G940,에트로,e-영업3
G942,폴스미스,e-영업3
G946,생 로랑,e-영업3
G947,톰브라운,e-영업3
G948,돌체앤가바나,e-영업3
G950,디올,e-영업3
G951,디스퀘어드2,e-영업3
G952,지방시,e-영업3
G954,발렌티노,e-영업3
G956,알알디,e-영업3
G957,알로코리아,e-영업3
G960,어코입점사주문테스트,e-영업3
G962,쯔비벨무스터,e-영업4
G966,삼성전자,e-영업4
G971,47브랜드,e-영업4
G972,블랙블론드,e-영업3
G974,제이엠더블유,e-영업4
G975,그린루프트,e-영업4
G980,이십삼점육오,e-영업3
G983,그리쉬,e-영업3
G984,디올,e-영업3
G985,메종키츠네,e-영업3
G987,씨피컴퍼니,e-영업3
H003,프로젝트슬립,e-영업3
H004,바바라,e-영업3
H005,엘리사브,e-영업4
H015,솔러스에어,e-영업4
H016,도모,e-영업4
H017,밀,e-영업4
H026,쟈딕앤볼테르,e-영업3
H070,비너스 자스민,e-영업3
H072,비너스,e-영업3
H073,비비안 판도라,e-영업3
H076,크리비아,e-영업3
H077,고아라,e-영업3
H078,럭센스,e-영업3
H079,올리비아바비,e-영업3
H080,글로리,e-영업3
H082,메이퀸,e-영업3
H083,네이처하우스,e-영업3
H084,해피로,e-영업3
H089,센텔리안24,e-영업4
H090,마데카21,e-영업4
H102,마뉴팍투라,e-영업4
H104,바질뱅스,e-영업4
H106,티모드,e-영업4
H126,시디즈,e-영업4
H130,얀13,e-영업3
H131,딘스,e-영업3
H136,미드나잇무브,e-영업3
H138,송월타올,e-영업3
H140,자코모,e-영업4
H150,비모토리빙,e-영업4
H159,롱샴,e-영업3
H161,오투케어,e-영업4
H163,밸런스우드,e-영업3
H172,생활공작소,e-영업4
H179,바치,e-영업4
H181,소니,e-영업4
H182,아남,e-영업4
H183,브리츠,e-영업4
H185,엘지전자,e-영업4
H186,파이오니아,e-영업4
H189,인로우스,e-영업3
H190,키플링,e-영업3
H191,지포,e-영업3
H192,자이글,e-영업4
H193,휴스톰,e-영업4
H194,위닉스,e-영업4
H195,경동나비엔,e-영업4
H196,한경희,e-영업4
H197,덴비,e-영업4
H200,스와로브스키,e-영업3
H202,테일러메이드,e-영업4
H203,핑,e-영업4
H204,야마하,e-영업4
H205,브릿지스톤,e-영업4
H206,스릭슨,e-영업4
H207,젝시오,e-영업4
H208,프로기어,e-영업4
H209,포틴,e-영업4
H211,엠유스포츠,e-영업4
H213,송월우산,e-영업3
H218,블랙맘바,e-영업3
H220,아디다스,e-영업4
H221,아식스,e-영업4
H222,캘러웨이,e-영업4
H223,까스텔바작,e-영업4
H224,던롭,e-영업4
H225,에코,e-영업4
H226,휠라,e-영업4
H227,풋조이,e-영업4
H229,혼마,e-영업4
H230,카스코,e-영업4
H231,미즈노,e-영업4
H232,푸마,e-영업4
H233,타이틀리스트,e-영업4
H234,나이키,e-영업4
H235,볼빅,e-영업4
H238,에이케이,e-영업4
H239,베티나르디,e-영업4
H240,블랙앤화이트,e-영업4
H241,힐크릭,e-영업4
H242,카타나,e-영업4
H246,보이스캐디,e-영업4
H248,롯지,e-영업4
H249,누비지오,e-영업4
H258,디즈니,e-영업3
H263,모그원,e-영업4
H264,골든벨,e-영업4
H273,아이리버,e-영업4
H276,레이캅,e-영업4
H278,쿠쿠,e-영업4
H280,놉스,e-영업3
H282,수페르가,e-영업3
H284,몽블랑,e-영업3
H290,엘지전자,e-영업4
H292,프룻오브더룸,e-영업3
H295,알렉산더 맥퀸,e-영업3
H296,발렌시아가,e-영업3
H298,보테가 베네타,e-영업3
H299,버버리,e-영업3
H302,미케피카부,e-영업4
H303,테팔,e-영업4
H304,헹켈,e-영업4
H308,플라이코,e-영업4
H321,끌로에,e-영업3
H325,돌체앤가바나,e-영업3
H327,펜디,e-영업3
H330,지방시,e-영업3
H331,골든구스,e-영업3
H332,구찌,e-영업3
H336,지미추,e-영업3
H340,메종 마르지엘라,e-영업3
H341,마르니,e-영업3
H343,미우미우,e-영업3
H344,몽클레르,e-영업3
H351,프라다,e-영업3
H354,로저비비에,e-영업3
H355,스텔라 매카트니,e-영업3
H356,스톤아일랜드,e-영업3
H358,톰브라운,e-영업3
H359,토즈,e-영업3
H360,발렌티노,e-영업3
H363,생 로랑,e-영업3
H376,루이까또즈,e-영업3
H377,웅가로,e-영업3
H392,발렌티노,e-영업3
H393,파시에라,e-영업3
H394,신일,e-영업4
H395,폴리,e-영업4
H396,레이플러,e-영업4
H398,에스티로더,e-영업4
H399,스톤아일랜드,e-영업3
H415,레이디가구,e-영업4
H418,보니토앤벨라,e-영업3
H419,가이거,e-영업3
H420,폴브리알,e-영업3
H427,클라레오,e-영업3
H428,크리스챤모드,e-영업3
H429,아이스백,e-영업4
H430,헤르빈,e-영업4
H431,움스,e-영업4
H433,드보르,e-영업4
H434,플래닛리메이커,e-영업3
H448,메조쿤스트,e-영업3
H449,드제메르,e-영업3
H453,미니 멜리사,e-영업3
H459,블레스,e-영업4
H463,헨켈,e-영업4
H474,랩노,e-영업4
H475,클라뷰,e-영업4
H477,데이셀,e-영업4
H481,큐비,e-영업4
H498,마이꼬,e-영업3
H501,엑스씨엑스메인,e-영업3
H502,지씨디에스,e-영업3
H508,라코스테,e-영업3
H511,코치,e-영업3
H516,에이클라운,e-영업3
H524,마모스,e-영업4
H535,나이키,e-영업3
H536,파타고니아,e-영업3
H537,아디다스,e-영업4
H538,컨버스,e-영업4
H541,칼하트,e-영업3
H543,타미힐피거,e-영업3
H545,뉴발란스,e-영업4
H548,아식스,e-영업4
H558,스마트카라,e-영업4
H560,카로니,e-영업4
H564,토리버치,e-영업3
H565,헌터,e-영업3
H567,컨버스,e-영업4
H568,호이,e-영업3
H569,바티리,e-영업4
H570,나우,e-영업3
H572,모즈,e-영업4
H575,미켈란젤로,e-영업4
H578,닥스양말,e-영업3
H584,엠브리올리스,e-영업4
H585,스와치,e-영업3
H588,시몬스,e-영업4
H595,옵스오브젝트,e-영업3
H598,소다스트림,e-영업4
H599,브람스,e-영업4
H600,헤이터,e-영업3
H606,아이그너,e-영업3
H611,피엔풍년,e-영업4
H613,라씨엘르,e-영업4
H619,광동생활건강,e-영업4
H620,종근당,e-영업4
H621,한국인삼공사,e-영업4
H623,제네바,e-영업4
H624,웰스데이,e-영업4
H626,네오플램,e-영업4
H627,에스티듀퐁,e-영업3
H628,발망,e-영업3
H629,발리,e-영업3
H630,겐조,e-영업3
H632,슈퍼밀리언헤어,e-영업4
H633,리시리,e-영업4
H641,로이루미,e-영업4
H642,블랙에이드,e-영업3
H652,살바토레 페라가모,e-영업3
H655,테팔,e-영업4
H657,퀸메이드,e-영업4
H658,알렌토,e-영업4
H661,지앤씨,e-영업4
H662,조아스,e-영업4
H677,세레스홈,e-영업4
H679,닐 바렛,e-영업3
H685,퀴부,e-영업4
H686,루미오,e-영업4
H689,왕혜문,e-영업4
H690,톤,e-영업4
H692,티볼리 오디오,e-영업4
H694,페이퍼 리퍼블릭,e-영업4
H697,네임,e-영업4
H698,쿠에로,e-영업4
H739,비욘드클로젯,e-영업3
H747,나이키,e-영업4
H748,칼하트,e-영업4
H749,뮤토,e-영업4
H758,포트메리온,e-영업4
H764,디아즈,e-영업4
H765,카라신,e-영업4
H771,올버즈,e-영업3
H805,빅토리아,e-영업4
H819,겐조,e-영업3
H838,닥터마틴,e-영업3
H839,폴로 랄프로렌,e-영업3
H840,반스,e-영업3
H848,쿤리콘,e-영업4
H849,허우드,e-영업4
H890,보랄,e-영업4
H891,씨지모바일,e-영업4
H904,수인,e-영업4
H905,벤하임,e-영업4
H906,구찌니,e-영업4
H936,제이씨,e-영업3
H942,씨제이제일제당,e-영업4
H946,에이비팜,e-영업4
H947,러그,e-영업4
H950,대한민국,e-영업3
H953,랑방,e-영업4
H954,불가리,e-영업4
H955,엘리자베스아덴,e-영업4
H956,지미추,e-영업4
H957,몽블랑,e-영업4
H975,오라덴스,e-영업4
H979,아이스워치,e-영업3
H983,비버리힐즈 폴로클럽,e-영업3
HA,에이치에스디,e-영업2
HB,헤지스,e-영업1
HI,헤지스,e-영업1
HJ,헤지스,e-영업1
HS,헤지스,e-영업1
HT,헌터,e-영업2
HU,헤지스,e-영업1
HV,해브 헤지스,e-영업1
HW,헤지스,e-영업1
HX,더블플래그,e-영업1
HZ,헤지스,e-영업1
I008,휠라,e-영업4
I009,휠라,e-영업3
I016,원더스토어,e-영업3
I033,아페쎄,e-영업3
I035,스투시,e-영업3
I039,시메오,e-영업4
I047,파슬,e-영업3
I051,에이제이전시몰,e-영업4
I066,비씨비지,e-영업3
I086,배큐빈,e-영업4
I088,모즈,e-영업4
I103,그로바나,e-영업3
I104,콘스페로,e-영업3
I121,피엔풍년,e-영업4
I128,김수자,e-영업4
I131,한일전기,e-영업4
I139,레페토,e-영업3
I143,세미콜론,e-영업3
I148,동국제약,e-영업4
I155,아르테미데,e-영업4
I157,톤,e-영업4
I158,이누치,e-영업4
I167,꾸미까,e-영업3
I169,참존,e-영업4
I170,로제,e-영업4
I171,동성제약,e-영업4
I173,오프화이트,e-영업3
I184,르젠,e-영업4
I188,쿠비녹스,e-영업4
I189,리앤쿡,e-영업4
I190,라비베카,e-영업3
I191,메종키츠네,e-영업3
I193,오리지넬라 오리지날,e-영업4
I194,비프레임,e-영업3
I204,르젠,e-영업4
I208,듀얼소닉,e-영업4
I209,라모랭,e-영업3
I217,모더먼트,e-영업3
I226,씨피컴퍼니,e-영업3
I236,보테가 베네타,e-영업3
I237,살바토레 페라가모,e-영업3
I238,세인트스코트,e-영업3
I239,코튼원,e-영업3
I242,케이티,e-영업4
I243,플러스마이너스제로,e-영업4
I245,이십오퍼센테이지,e-영업3
I246,룬케이브,e-영업3
I250,오프화이트,e-영업3
I256,스테디콤마,e-영업3
I258,렉슨,e-영업4
I260,마이클코어스,e-영업3
I386,세븐라이너,e-영업4
I391,슬로우포크,e-영업3
I392,디컬러,e-영업3
I405,대웅,e-영업4
I408,보덤,e-영업4
I413,필립스,e-영업4
I415,해피콜,e-영업4
I432,바우하우스,e-영업4
I435,코치,e-영업4
I446,이브셀,e-영업3
I448,코치,e-영업4
I460,로케이트,e-영업3
I461,유한양행,e-영업4
I462,삼정크린마스터,e-영업4
I469,패롬,e-영업3
I470,마레디마리,e-영업3
I473,자코모 발렌티니,e-영업3
I489,게이즈,e-영업3
I491,코코젤리,e-영업4
I501,알렉산더 맥퀸,e-영업3
I503,라코벳,e-영업4
I506,라무드,e-영업4
I528,리벤,e-영업4
I534,비스카,e-영업4
I537,테이크이지,e-영업3
I538,해우촌,e-영업4
I548,스톤아일랜드,e-영업3
I561,키플링,e-영업3
I562,헬도라도,e-영업3
I573,실크테라피,e-영업4
I588,럭키플레이스,e-영업4
I589,펜소닉,e-영업4
I590,심플리홈,e-영업4
I603,도깨비,e-영업4
I605,0.387에이유,e-영업3
I608,구찌,e-영업3
I609,프라다,e-영업3
I610,버버리,e-영업3
I611,발렌티노,e-영업3
I612,펜디,e-영업3
I613,코치,e-영업3
I614,마크제이콥스,e-영업3
I615,살바토레 페라가모,e-영업3
I616,토리버치,e-영업3
I617,골든구스,e-영업3
I618,지방시,e-영업3
I619,에트로,e-영업3
I620,발리,e-영업3
I622,스텔라 매카트니,e-영업3
I624,아이룸,e-영업4
I638,알파 인더스트리,e-영업3
I640,아미,e-영업3
I641,아쉬,e-영업3
I642,발망,e-영업3
I646,부테로,e-영업3
I647,캐나다구스,e-영업3
I650,디스퀘어드2,e-영업3
I651,에트로,e-영업3
I653,지방시,e-영업3
I656,휴고보스,e-영업3
I657,지미추,e-영업3
I658,겐조,e-영업3
I659,랑방,e-영업3
I662,메종키츠네,e-영업3
I663,메종 마르지엘라,e-영업3
I664,마르셀로불론카운티오브밀란,e-영업3
I665,마르니,e-영업3
I666,몽블랑,e-영업3
I667,모스키노,e-영업3
I670,엠에스지엠,e-영업3
I674,팜엔젤스,e-영업3
I675,파라점퍼스,e-영업3
I676,폴스미스,e-영업3
I678,라프시몬스,e-영업3
I679,릭오웬스,e-영업3
I682,생 로랑,e-영업3
I683,살바토레 페라가모,e-영업3
I687,톰브라운,e-영업3
I688,톰포드,e-영업3
I693,트루사르디,e-영업3
I694,발렌티노,e-영업3
I696,베르사체,e-영업3
I699,비비안웨스트우드,e-영업3
I702,이브살로몬,e-영업3
I705,알렉산더 왕,e-영업3
I706,안야 힌드마치,e-영업3
I711,마크제이콥스,e-영업3
I713,레베카밍코프,e-영업3
I714,레페토,e-영업3
I715,스텔라 매카트니,e-영업3
I716,토리버치,e-영업3
I717,자넬라토,e-영업3
I718,발렌시아가,e-영업3
I719,버버리,e-영업3
I721,코치,e-영업3
I723,펜디,e-영업3
I724,골든구스,e-영업3
I725,구찌,e-영업3
I729,몽클레르,e-영업3
I730,나이키,e-영업3
I732,와이쓰리,e-영업3
I733,발리,e-영업3
I734,보테가 베네타,e-영업3
I735,커먼프로잭트,e-영업3
I737,훌라,e-영업3
I738,에르노,e-영업3
I740,마이클코어스,e-영업3
I741,무스너클,e-영업3
I742,멀버리,e-영업3
I745,프라다,e-영업3
I746,발렉스트라,e-영업3
I747,키아라 페라그니,e-영업3
I753,이세이미야케,e-영업3
I754,미우미우,e-영업3
I756,핑코,e-영업3
I757,울리치,e-영업3
I760,엠포리오아르마니,e-영업3
I761,러브 모스키노,e-영업3
I763,케라미카,e-영업4
I770,벨스타프,e-영업3
I772,보르살리노,e-영업3
I773,브루넬로쿠치넬리,e-영업3
I778,이스트팩,e-영업3
I782,주세페자노티,e-영업3
I787,일비종떼,e-영업3
I790,마네비,e-영업3
I791,알렉산더 맥퀸,e-영업3
I793,올레바 브라운,e-영업3
I794,파라부트,e-영업3
I798,알베르타페레티,e-영업3
I818,코치,e-영업3
I819,꼼데가르송 퍼퓸,e-영업3
I823,이퀍먼트,e-영업3
I825,파비아나 필리피,e-영업3
I831,프레임,e-영업3
I835,제이더블유앤더슨,e-영업3
I841,마스터오브아츠,e-영업3
I845,페이지,e-영업3
I854,셀프포트레이트,e-영업3
I857,스튜어트와이츠먼,e-영업3
I858,타미 지지,e-영업3
I867,알라이아,e-영업3
I876,뷰포트 런던,e-영업3
I895,셀린느,e-영업3
I900,돌체앤가바나,e-영업3
I901,드리스 반 노튼,e-영업3
I908,아이캔들,e-영업3
I909,휠라,e-영업3
I912,가니,e-영업3
I915,아르마니,e-영업3
I932,미쏘니,e-영업3
I944,뉴발란스,e-영업3
I946,푸마,e-영업3
I949,리복,e-영업3
I956,슈룩,e-영업3
I964,노스페이스,e-영업3
I966,반스,e-영업3
I968,반들러,e-영업3
I971,아페쎄,e-영업3
I972,아크네스튜디오,e-영업3
I973,아디다스,e-영업3
I979,아식스,e-영업3
I980,아틀란틱 스타스,e-영업3
I981,비로더,e-영업3
I985,씨피컴퍼니,e-영업3
I987,끌로에,e-영업3
IE,일꼬르소,e-영업1
IS,이자벨마랑,e-영업1
IU,이자벨마랑,e-영업1
J015,호간,e-영업3
J018,제임스펄스,e-영업3
J020,존 스메들리,e-영업3
J024,로에베,e-영업3
J029,니들스,e-영업3
J031,오피치네 크리에이티브,e-영업3
J032,오르치아니,e-영업3
J035,파올로페코라,e-영업3
J037,필립모델,e-영업3
J038,프리미아타,e-영업3
J040,알13,e-영업3
J042,랙앤본,e-영업3
J047,루슬란바진스키,e-영업3
J048,사카이,e-영업3
J053,슈츠,e-영업3
J059,스톤아일랜드,e-영업3
J060,스투시,e-영업3
J061,딸리아토레,e-영업3
J062,띠어리,e-영업3
J063,토즈,e-영업3
J064,언더커버,e-영업3
J066,비베타,e-영업3
J081,질샌더,e-영업3
J082,오프화이트,e-영업3
J083,로저비비에,e-영업3
J084,세르지오로시,e-영업3
J086,어그,e-영업3
J090,구이디,e-영업3
J092,필립플레인,e-영업3
J094,살바토레산토로,e-영업3
J106,바레나,e-영업3
J115,해리스워프런던,e-영업3
J134,랄프 로렌,e-영업3
J147,아스페시,e-영업3
J156,지안비토로씨,e-영업3
J166,자노네,e-영업3
J172,까스따네르,e-영업3
J173,캘빈클라인,e-영업3
J187,라펠라,e-영업3
J195,메드모아젤,e-영업3
J198,릭소런던,e-영업3
J199,로도,e-영업3
J202,씨 바이 끌로에,e-영업3
J203,스타우드,e-영업3
J204,스와로브스키,e-영업3
J215,디젤,e-영업3
J218,닥터마틴,e-영업3
J219,에밀리오푸치,e-영업3
J221,칼 라거펠트,e-영업3
J225,세이브더덕,e-영업3
J230,스텔라 매카트니,e-영업3
J231,아크리스,e-영업3
J232,알레산드로 엔리케,e-영업3
J235,안티카 무리나,e-영업3
J238,아르마니 진스,e-영업3
J254,키아루지,e-영업3
J268,페데리카 토시,e-영업3
J269,페라리,e-영업3
J271,포지에리,e-영업3
J289,저스트 카발리,e-영업3
J294,라우라 비아조티,e-영업3
J295,로트레쇼즈,e-영업3
J296,르파르멘티,e-영업3
J305,메종 마르지엘라,e-영업3
J313,파커슨,e-영업3
J314,패트리지아 페페,e-영업3
J341,더 브릿지,e-영업3
J350,베르사체,e-영업3
J359,옥시도,e-영업3
J395,파비,e-영업3
J405,필로소피,e-영업3
J410,피티,e-영업3
J412,리던,e-영업3
J420,제로쓰리투씨,e-영업3
J423,마더,e-영업3
J462,아미 파리,e-영업3
J464,배드,e-영업3
J466,보스,e-영업3
J518,델가토,e-영업3
J547,마리나 데스테,e-영업3
J555,올가나,e-영업3
J575,리플레이컨테이너,e-영업3
J576,에이치블레이드,e-영업3
J588,꼼데가르송,e-영업3
J594,컨버스,e-영업3
J597,알쯔버그,e-영업4
J601,옻가네,e-영업4
J606,에코버,e-영업4
J608,삼성제약,e-영업4
J623,몽블랑,e-영업3
J630,47브랜드,e-영업4
J632,비바클래시,e-영업3
J633,지누스,e-영업4
J639,대웅,e-영업4
J649,진저,e-영업4
J655,웽커스,e-영업3
J656,오프화이트,e-영업3
J657,드네이지,e-영업3
J658,무궁화전자,e-영업4
J660,칼하트,e-영업3
J661,트로이스포인트,e-영업4
J667,엘라다이닝,e-영업4
J697,펫소드,e-영업4
J698,골드로니,e-영업4
J701,에코 디아이와이,e-영업4
J704,가먼트레이블,e-영업3
J705,삼성,e-영업4
J709,구찌,e-영업3
J725,살바토레 페라가모,e-영업3
J730,포트메리온,e-영업4
J731,헹켈,e-영업4
J732,밤코스메틱,e-영업4
J739,일리,e-영업4
J741,레시앙뜨,e-영업4
J745,디젤,e-영업3
J747,디케이엔와이,e-영업3
J749,아르다캠,e-영업4
J754,그레고리,e-영업3
J759,레녹스,e-영업4
J760,부라더,e-영업4
J762,쿠비녹스,e-영업4
J765,깅엄버스,e-영업3
J773,캘빈클라인,e-영업3
J774,레드캣,e-영업3
J781,티파니앤코,e-영업3
J788,피레넥스,e-영업3
J793,내셔널지오그래픽,e-영업3
J799,보만,e-영업4
J800,올리빙,e-영업4
J801,텐블레이드,e-영업3
J806,로얄크라운더비,e-영업4
J811,라코벳,e-영업4
J816,살바토레 페라가모,e-영업4
J817,롤리타 렘피카,e-영업4
J818,로샤스,e-영업4
J819,토스,e-영업4
J821,제냐,e-영업4
J823,아라미스,e-영업4
J826,게스,e-영업4
J828,파라다이스홈,e-영업4
J834,플로카티,e-영업4
J837,아드시온,e-영업4
J844,하이드로플라스크,e-영업4
J851,양키캔들,e-영업4
J853,톰브라운,e-영업3
J858,치,e-영업4
J862,비아인키노,e-영업4
J863,매뉴팩트,e-영업4
J866,인블룸,e-영업4
J867,서플러스,e-영업3
J872,이놈어닛,e-영업3
J875,루멘플론,e-영업4
J876,발렌시아가,e-영업3
J878,베퍼,e-영업4
J881,헤이즈,e-영업3
J882,아페쎄,e-영업3
J883,아르테노스튜디오,e-영업3
J884,비트윈에이앤비,e-영업3
J885,폴리스,e-영업3
J890,생 로랑,e-영업3
J891,보테가 베네타,e-영업3
J893,오슬로,e-영업4
J896,이엘오,e-영업4
J897,에코두,e-영업4
J902,카시오,e-영업3
J907,쥴리어스,e-영업3
J938,써드위브,e-영업3
J943,에스티듀퐁,e-영업3
J952,엘런아크,e-영업3
J953,세인트제임스,e-영업3
J981,포트메리온,e-영업4
JA,질스튜어트 뉴욕,e-영업1
JC,질스튜어트 스포츠,e-영업2
JE,질스튜어트 스포츠,e-영업1
JF,질스튜어트 뉴욕 스포츠,e-영업1
JILL,질 바이 질스튜어트,e-영업1
JL,질 바이 질스튜어트,e-영업1
JM,질스튜어트 스포츠,e-영업1
JN,질스튜어트 뉴욕,e-영업1
JO,조셉,e-영업1
JS,질스튜어트 뉴욕,e-영업1
JSNY,제이에스엔와이,e-영업1
JU,질스튜어트,e-영업1
JY,제이에스엔와이 유,e-영업1
K010,지니킴,e-영업3
K011,지니킴,e-영업3
K014,레페토,e-영업3
K042,보아요,e-영업4
K043,코페낙스,e-영업3
K046,벤하임,e-영업4
K060,한샘,e-영업4
K074,아디다스,e-영업4
K086,닥스,e-영업3
K087,질스튜어트,e-영업3
K091,아빈나,e-영업3
K093,보그마스크,e-영업4
K094,맥스스포츠,e-영업4
K095,하이드 앤 울프,e-영업4
K096,레이닌,e-영업4
K101,엠공팔이,e-영업3
K103,폴로 랄프로렌_캡,e-영업3
K104,라코스테,e-영업4
K106,바스(배드에어솔루션),e-영업4
K107,닥터웰,e-영업4
K112,투스투스,e-영업4
K127,뎃츠잇,e-영업3
K137,골든구스,e-영업3
K138,준지,e-영업3
K140,디스퀘어드2,e-영업3
K142,발렌티노,e-영업3
K143,톰브라운,e-영업3
K155,생럭슈,e-영업3
K156,정관장,e-영업4
K166,오모로비짜,e-영업4
K172,우르오스,e-영업4
K173,바이오더마,e-영업4
K177,나팔,e-영업4
K178,몰스킨,e-영업3
K186,코케트 스튜디오,e-영업3
K191,커먼하우스,e-영업4
K192,스위스 몽크로스,e-영업4
K194,이스타,e-영업4
K196,스위스밀리터리,e-영업3
K197,트룹런던,e-영업3
K203,핍스,e-영업3
K214,제이청,e-영업3
K216,설화수,e-영업4
K217,헤라,e-영업4
K218,프리메라,e-영업4
K224,푸마 바디웨어,e-영업3
K226,리복,e-영업3
K227,아테스토니,e-영업3
K228,아테스토니,e-영업3
K229,푸마,e-영업4
K230,푸마,e-영업3
K231,리복,e-영업4
K272,지방시,e-영업3
K273,톰포드,e-영업3
K274,펜디,e-영업3
K276,로짜,e-영업3
K283,켄트,e-영업4
K290,아이엘드,e-영업3
K291,레노마,e-영업3
K295,꽃을 든 남자,e-영업4
K296,코리아나,e-영업4
K297,엔프라니,e-영업4
K298,다나한,e-영업4
K302,심플리독,e-영업4
K320,스위스밀리터리,e-영업3
K442,스미다,e-영업4
K443,리체,e-영업4
K454,프로텍트어베드코리아,e-영업4
K455,마르셀린,e-영업4
K519,블렌드,e-영업3
K539,몽블랑,e-영업3
K540,투미,e-영업3
K541,프라다,e-영업3
K542,캘빈클라인,e-영업3
K543,디케이엔와이,e-영업3
K544,구찌,e-영업3
K549,몽크로스,e-영업3
K550,지샥,e-영업3
K552,세이코,e-영업3
K553,시티즌,e-영업3
K554,아르마니,e-영업3
K560,카시오,e-영업3
K561,타이맥스,e-영업3
K562,태그호이어,e-영업3
K563,티쏘,e-영업3
K565,프레드릭 콘스탄트,e-영업3
K567,해밀턴,e-영업3
K568,스와로브스키,e-영업3
K573,마이애미프로젝트,e-영업3
K574,베러댄88,e-영업3
K576,망고스틴,e-영업3
K578,캐스키드슨,e-영업3
K579,베카앤벨,e-영업3
K580,헨리런던,e-영업3
K587,이파네마,e-영업4
K588,쿠첸,e-영업4
K591,구찌,e-영업3
K592,발렌시아가,e-영업3
K594,버버리,e-영업3
K597,생 로랑,e-영업3
K598,에트로,e-영업3
K599,토리버치,e-영업3
K601,살바토레 페라가모,e-영업3
K602,펜디,e-영업3
K603,폴스미스,e-영업3
K604,프라다,e-영업3
K607,마이클코어스,e-영업3
K608,몽클레르,e-영업3
K609,발리,e-영업3
K633,칼하트,e-영업3
K635,보테가 베네타,e-영업3
K636,돌핀,e-영업3
K646,장폴고티에,e-영업4
K658,디아도라,e-영업3
K662,카밀,e-영업4
K663,이띠에라,e-영업4
K664,프래그런스 파머시,e-영업4
K665,센트세이,e-영업4
K667,리더스코스메틱,e-영업4
K668,셀비엔,e-영업4
K680,에지리,e-영업4
K681,지미추,e-영업3
K682,휴고보스,e-영업3
K683,돌체앤가바나,e-영업3
K686,엠아이디자인,e-영업4
K690,비프로젝트,e-영업4
K717,제이엠솔루션,e-영업4
K719,웨지우드,e-영업4
K720,텐바이텐,e-영업3
K726,핀 에스커,e-영업3
K727,벨마르티,e-영업4
K728,듀오백,e-영업4
K729,가이코,e-영업4
K730,텐바이텐,e-영업3
K731,텐바이텐,e-영업3
K732,손앤박,e-영업4
K735,라코스테,e-영업4
K813,튜더,e-영업3
K821,루이까또즈,e-영업3
K828,펫아미고,e-영업4
K833,길단,e-영업4
K848,앱토,e-영업3
K898,도브,e-영업4
K900,바세린,e-영업4
K923,캘빈클라인,e-영업3
K924,아메리칸 이글,e-영업3
K970,닥터지,e-영업4
K976,세바메드,e-영업4
K979,안달로우,e-영업4
K982,올리보타페티,e-영업4
K985,딥퍼랑스,e-영업4
K986,로트리,e-영업4
K987,지앙,e-영업4
K988,이엠이,e-영업4
K989,리바도시,e-영업4
K990,버지니아까사,e-영업4
K992,캐나다구스,e-영업3
K994,줄라이미,e-영업4
K995,그라펜,e-영업4
K996,히말라야,e-영업4
L000,제로보암,e-영업4
L00A,조보이,e-영업4
L00B,카너 바르셀로나,e-영업4
L00C,쟈끄 파뜨,e-영업4
L00E,퍼퓸 드 엠파이어,e-영업4
LE,라푸마,e-영업2
LL,라푸마,e-영업1
LN,레오나드,e-영업1
LP,라움,e-영업2
LU,라푸마,e-영업1
M002,쿠스티에,e-영업4
M005,글라스락,e-영업4
M007,바이오오일,e-영업4
M010,세타필,e-영업4
M011,파나소닉,e-영업4
M027,브라운,e-영업4
M040,소니,e-영업4
M066,클리브랜드,e-영업4
M069,미키모토코스메틱,e-영업4
M094,코치,e-영업3
M096,홈스타,e-영업4
M106,테크,e-영업4
M165,쟈딕앤볼테르,e-영업3
M168,바티스트,e-영업4
M169,펨프레쉬,e-영업4
M182,바이마르,e-영업4
M183,비에스더블유,e-영업4
M184,쿠비녹스,e-영업4
M188,보만,e-영업4
M191,퀸메이드,e-영업4
M193,스위스밀리터리,e-영업4
M203,겐조,e-영업3
M204,골든구스,e-영업3
M205,구찌,e-영업3
M206,꼼데가르송,e-영업3
M211,디스퀘어드2,e-영업3
M215,레페토,e-영업3
M218,마르니,e-영업3
M223,멀버리,e-영업3
M224,메종 마르지엘라,e-영업3
M225,몽클레르,e-영업3
M226,무스너클,e-영업3
M228,미우미우,e-영업3
M229,발렌시아가,e-영업3
M230,발렌티노,e-영업3
M231,발리,e-영업3
M233,버버리,e-영업3
M234,보테가 베네타,e-영업3
M236,생 로랑,e-영업3
M237,세인트제임스,e-영업3
M239,스톤아일랜드,e-영업3
M241,씨피컴퍼니,e-영업3
M243,아미,e-영업3
M244,알렉산더 맥퀸,e-영업3
M245,에르노,e-영업3
M246,에트로,e-영업3
M248,와이쓰리,e-영업3
M253,지방시,e-영업3
M257,토리버치,e-영업3
M258,토즈,e-영업3
M259,톰브라운,e-영업3
M261,파라점퍼스,e-영업3
M263,살바토레 페라가모,e-영업3
M264,펜디,e-영업3
M265,폴스미스,e-영업3
M266,프라다,e-영업3
M267,필립모델,e-영업3
M270,니콜로지 크리에이션,e-영업4
M272,메종키츠네,e-영업3
M277,톨즈,e-영업4
M279,츄바스코,e-영업3
M280,샤이닝홈,e-영업4
M282,아이넥스,e-영업4
M283,피셔,e-영업4
M285,러기드하우스,e-영업3
M287,니틀리,e-영업3
M370,에스엔피,e-영업4
M371,히든랩,e-영업4
M372,엠솔릭,e-영업4
M373,데이위드,e-영업4
M374,셀레뷰,e-영업4
M382,셰프라인,e-영업4
M387,칼하트,e-영업3
M390,47브랜드,e-영업4
M394,로아드로아,e-영업3
M395,카고브로스,e-영업3
M398,비아모노,e-영업3
M408,어반플레이어스,e-영업3
M425,광명유기,e-영업4
M427,레터프롬문,e-영업3
M452,이미지 리퍼블릭,e-영업4
M453,슈랙엣홈,e-영업4
M458,휘게,e-영업4
M459,캐스퍼존아이바,e-영업3
M462,뉴 퍼퓸 홀릭 롤온,e-영업4
M484,에팅거,e-영업3
M485,오로비앙코,e-영업3
M487,히로안,e-영업3
M488,에르고포크,e-영업3
M489,키프리스,e-영업3
M490,울티마도쿄,e-영업3
M491,아뜰리에일마노,e-영업3
M493,싸이닉,e-영업4
M495,엘렌실라,e-영업4
M496,뱅네프 생토노레,e-영업4
M501,피스케이터,e-영업3
M506,맥퀸뉴욕,e-영업4
M508,메디힐,e-영업4
M509,과일나라,e-영업4
M510,입큰,e-영업4
M511,청정미인,e-영업4
M512,동성제약,e-영업4
M513,던롭,e-영업4
M521,디아도라,e-영업4
M524,루미르,e-영업4
M526,스위스밀리터리,e-영업4
M527,일렉트로룩스,e-영업4
M530,벤하임,e-영업4
M532,청호나이스,e-영업4
M534,뉴발란스,e-영업4
M536,츄바스코,e-영업3
M538,돔바,e-영업3
M543,다우닝,e-영업4
M549,세인트이브스,e-영업4
M554,라이녹스,e-영업4
M555,스마트와,e-영업4
M556,선실크,e-영업4
M557,클로즈업,e-영업4
M560,럭스,e-영업4
M565,헤르조그,e-영업4
M567,스킨부탁,e-영업4
M574,에넥스,e-영업4
M577,루첸,e-영업4
M586,헨리코튼,e-영업3
M601,뷰티피플,e-영업4
M608,홀리카홀리카,e-영업4
M609,타이거,e-영업4
M611,햄튼,e-영업4
M617,다나한,e-영업4
M619,꽃을 든 남자,e-영업4
M641,홈일렉,e-영업4
M667,나이키,e-영업3
M669,타미힐피거,e-영업3
M677,알렌토,e-영업4
M683,리르,e-영업4
M687,브릴로즈,e-영업4
M690,위캔더스,e-영업3
M691,입큰,e-영업4
M707,심플휴먼,e-영업4
M708,알레시,e-영업4
M709,포빠페드레띠,e-영업4
M710,딘,e-영업4
M721,베르사체,e-영업3
M729,미친스킨,e-영업4
M730,글램폭스,e-영업4
M734,로트리,e-영업4
M738,다우니,e-영업4
M739,질레트,e-영업4
M740,페브리즈,e-영업4
M743,폰즈,e-영업4
M750,스팀베이스,e-영업4
M756,헤드앤숄더,e-영업4
M757,로에일,e-영업3
M758,팬틴,e-영업4
M761,오랄비,e-영업4
M768,나이키,e-영업3
M769,아디다스,e-영업3
M770,47브랜드,e-영업3
M771,길단,e-영업3
M773,칼하트,e-영업3
M774,47브랜드,e-영업3
M776,로젤,e-영업3
M779,마루빌츠,e-영업4
M780,더마콜,e-영업4
M781,제니코코,e-영업4
M783,지오마,e-영업4
M785,엘톤,e-영업4
M790,페플,e-영업3
M791,제멋,e-영업3
M792,더블유브이프로젝트,e-영업3
M793,퍼스텝,e-영업3
M794,숨37,e-영업4
M800,오휘,e-영업4
M801,아이오페,e-영업4
M804,설화수,e-영업4
M805,티떠블유엔,e-영업3
M806,펀치라인,e-영업3
M808,다이클레즈,e-영업3
M809,에즈카톤,e-영업3
M811,벤데이비스,e-영업3
M814,한미양행,e-영업4
M818,쿡,e-영업3
M821,오이오이,e-영업4
M823,앳하스홈,e-영업4
M866,참존,e-영업4
M876,아디다스,e-영업3
M879,위너프,e-영업4
M883,후,e-영업4
M886,어헤즈,e-영업4
M894,메디힐,e-영업4
M897,바오바오,e-영업3
M899,프레드릭엠,e-영업4
M922,닥터에스리,e-영업4
M924,플룬,e-영업4
M939,그레고리,e-영업3
M940,하이시에라,e-영업3
M942,레데커,e-영업4
M944,미니멀프로젝트,e-영업3
M960,케어존,e-영업4
M961,노비스,e-영업4
M962,보닌,e-영업4
M963,이자녹스,e-영업4
M966,마몽드,e-영업4
M980,논논,e-영업3
M981,쿼르코어,e-영업3
M988,엠블러,e-영업3
MA,마에스트로,e-영업1
ML,블루 라운지,e-영업2
P800,달팽이리빙,e-영업4
P803,비즈랩,e-영업4
P816,프린세스,e-영업4
P822,조성아뷰티,e-영업4
P823,원더바스,e-영업4
P824,오피아이,e-영업4
P827,자일렉,e-영업4
P832,르쁠레,e-영업3
P845,엠도씨,e-영업4
P849,톰브라운,e-영업3
P851,바오바오,e-영업3
P852,모스키노,e-영업3
P855,톰브라운,e-영업3
P857,바오바오,e-영업3
P863,팬톤,e-영업4
P867,말리오,e-영업4
P874,폭스타일,e-영업3
P876,겐조,e-영업3
P877,생 로랑,e-영업3
P878,주세페자노티,e-영업3
P879,씨피컴퍼니,e-영업3
P880,몽클레르,e-영업3
P881,지방시,e-영업3
P885,엔21,e-영업3
P887,보테가 베네타,e-영업3
P890,와이쓰리,e-영업3
P894,크랭크,e-영업3
P902,마레앤코,e-영업4
P903,바이오메드,e-영업4
P904,더블리스풀독,e-영업4
P915,스타마크,e-영업4
P921,굿프랜드,e-영업4
P938,로얄캐닌,e-영업4
P942,드링크웰,e-영업4
P960,야옹이맘마,e-영업4
P969,라이트업,e-영업4
P982,아델라,e-영업4
P987,덴탈케어,e-영업4
P989,닥터도비,e-영업4
P992,퍼피짱,e-영업4
Q002,나뽀앤네찌,e-영업4
Q007,사조,e-영업4
Q014,옥스보우,e-영업4
Q044,오가니쉬,e-영업4
Q047,유진가운,e-영업4
Q048,지피포우즈,e-영업4
Q062,칼리,e-영업4
Q063,프레셔스캣,e-영업4
Q075,국산수제간식,e-영업4
Q077,아보덤,e-영업4
Q101,킷캣,e-영업4
Q112,화이트크린,e-영업4
Q123,예삐,e-영업4
Q127,씽크유어독티스,e-영업4
Q142,브릭브릭,e-영업4
Q151,깨끗하개,e-영업4
Q156,고공캣,e-영업4
Q162,와이유,e-영업4
Q171,하겐,e-영업4
Q188,내츄럴플랜,e-영업4
Q191,왈,e-영업4
Q195,안심케어,e-영업4
Q196,소프트밥,e-영업4
Q197,더키코,e-영업4
Q198,알짜패드,e-영업4
Q208,이지독,e-영업4
Q215,고마워모래야,e-영업4
Q217,펫에스테,e-영업4
Q224,리케이,e-영업4
Q232,주토피아,e-영업4
Q233,오가닉,e-영업4
Q242,바이오클펫,e-영업4
Q243,껌,e-영업4
Q248,벨라펫,e-영업4
Q250,도비,e-영업4
Q257,오스터,e-영업4
Q271,해피파우,e-영업4
Q296,네츄럴오,e-영업4
Q301,모정,e-영업4
Q307,알콧,e-영업4
Q312,마리캡슐퍼퓸케이,e-영업4
Q313,퍼퓸홀릭,e-영업4
Q314,휴고보스,e-영업3
Q319,천삼백케이,e-영업3
Q323,스페라,e-영업3
Q324,플랜잇,e-영업4
Q349,메이뉴욕,e-영업4
Q350,올가플러스,e-영업4
Q351,불가리,e-영업4
Q352,랑방,e-영업4
Q353,겐조,e-영업4
Q354,돌체앤가바나,e-영업4
Q355,구찌,e-영업4
Q356,안나수이,e-영업4
Q357,베르사체,e-영업4
Q358,모스키노,e-영업4
Q360,지미추,e-영업4
Q361,버버리,e-영업4
Q362,이세이 미야케,e-영업4
Q363,캘빈클라인,e-영업4
Q364,아라미스,e-영업4
Q365,베라왕,e-영업4
Q366,끌로에,e-영업4
Q367,제니퍼로페즈,e-영업4
Q368,페라리,e-영업4
Q369,다비도프,e-영업4
Q372,마크제이콥스,e-영업4
Q373,존 바바토스,e-영업4
Q375,클린,e-영업4
Q382,우드버리,e-영업4
Q384,미쟝센,e-영업4
Q385,시세이도,e-영업4
Q388,니켄,e-영업4
Q389,오우썸,e-영업4
Q392,템테이션,e-영업4
Q396,아이디비,e-영업4
Q397,베르두,e-영업4
Q401,코렐,e-영업4
Q406,포트메리온,e-영업4
Q410,빌레로이앤보흐,e-영업4
Q413,큐티폴,e-영업4
Q422,아잠,e-영업4
Q424,청소신,e-영업4
Q459,언더베이스,e-영업3
Q461,엘리자베스아덴,e-영업4
Q463,엔프라니,e-영업4
Q464,태그호이어,e-영업3
Q466,아메리칸어패럴,e-영업4
Q508,모하니,e-영업4
Q510,라사라,e-영업4
Q515,더유핏,e-영업4
Q530,아르고,e-영업4
Q542,제닉스,e-영업4
Q556,닥스,e-영업4
Q559,닥터브로너스,e-영업4
Q563,삼성,e-영업4
Q569,홈앤키친,e-영업4
Q570,몽클레르,e-영업3
Q572,조성아뷰티,e-영업4
Q586,만다리나 덕,e-영업3
Q590,쌤소나이트,e-영업3
Q591,세인트제임스,e-영업3
Q598,캉골,e-영업3
Q602,판도라,e-영업3
Q615,제스파,e-영업4
Q630,제메이스,e-영업3
Q633,구찌,e-영업3
Q636,압구정브랜드,e-영업3
Q644,오리스,e-영업3
Q645,프레드릭 콘스탄트,e-영업3
Q648,세이코,e-영업3
Q664,리더스코스메틱,e-영업4
Q672,데시구엘,e-영업3
Q673,구디 탱글픽스,e-영업4
Q675,디쏘에이치,e-영업3
Q676,888스튜디오,e-영업3
Q688,프린세스,e-영업4
Q694,온풋,e-영업3
Q697,헤드랑,e-영업4
Q701,톰브라운,e-영업3
Q702,지방시,e-영업3
Q727,구찌,e-영업3
Q730,디유아모르,e-영업3
Q733,로잔,e-영업3
Q747,쉔부르노,e-영업3
Q748,스와로브스키,e-영업3
Q753,아펠라,e-영업3
Q757,웽거,e-영업3
Q758,쥴리어스,e-영업3
Q759,카시오,e-영업3
Q767,포체,e-영업3
Q768,프리마클라쎄,e-영업3
Q770,히어쉬,e-영업3
Q782,디브이에스엔 스튜디오,e-영업3
Q785,멀버리,e-영업3
Q787,버버리,e-영업3
Q793,쿤달,e-영업4
Q795,메종 마르지엘라,e-영업3
Q798,까사니,e-영업4
Q801,라네즈,e-영업4
Q802,아이오페,e-영업4
Q803,마몽드,e-영업4
Q804,한율,e-영업4
Q811,박시,e-영업3
Q812,알로아,e-영업4
Q813,니나실크,e-영업4
Q819,위닉스,e-영업4
Q820,블루에어,e-영업4
Q821,리큅,e-영업4
Q823,쉬즈미스,e-영업3
Q824,리스트,e-영업3
Q827,에어비타,e-영업4
Q830,보국,e-영업4
Q831,쿠첸,e-영업4
Q833,아이리버,e-영업4
Q838,러빙홈,e-영업4
Q847,올림피아,e-영업4
Q853,아이클레보,e-영업4
Q856,센카,e-영업4
Q857,티스,e-영업4
Q858,아넷사,e-영업4
Q859,츠바키,e-영업4
Q860,마쉐리,e-영업4
Q882,우노,e-영업4
Q884,하다라보,e-영업4
Q885,아크네스,e-영업4
Q886,맨소래담,e-영업4
Q888,수이사이,e-영업4
Q902,참좋은간식,e-영업4
R029,유로리터,e-영업4
R080,헬로도기,e-영업4
R114,핸들러,e-영업4
R120,심플키친,e-영업4
R145,케이트,e-영업4
R157,톰브라운,e-영업3
R169,그레이멜린,e-영업4
R171,아크네 스튜디오,e-영업3
R172,알렉산더 맥퀸,e-영업3
R174,아르마니,e-영업3
R176,발렌시아가,e-영업3
R177,발망,e-영업3
R178,보테가 베네타,e-영업3
R179,버버리,e-영업3
R180,셀린느,e-영업3
R181,샤넬,e-영업3
R185,꼼데가르송,e-영업3
R186,커먼프로잭트,e-영업3
R187,씨피컴퍼니,e-영업3
R190,펜디,e-영업3
R191,포르테 쿠튀르,e-영업3
R192,주세페자노티,e-영업3
R194,골든구스,e-영업3
R195,구찌,e-영업3
R198,에르메스,e-영업3
R200,이세이 미야케,e-영업3
R202,겐조,e-영업3
R203,랑방,e-영업3
R205,메종키츠네,e-영업3
R206,메종 마르지엘라,e-영업3
R208,마르니,e-영업3
R210,미우미우,e-영업3
R211,몽클레르,e-영업3
R212,몽블랑,e-영업3
R217,나이키,e-영업3
R218,오프화이트,e-영업3
R219,파라점퍼스,e-영업3
R220,폴스미스,e-영업3
R221,프라다,e-영업3
R223,릭오웬스,e-영업3
R224,생 로랑,e-영업3
R225,살바토레 페라가모,e-영업3
R227,스톤아일랜드,e-영업3
R228,스튜어트와이츠먼,e-영업3
R229,톰브라운,e-영업3
R231,발렌티노,e-영업3
R233,베르사체,e-영업3
R234,베트멍,e-영업3
R236,요지 야마모토,e-영업3
R245,오쿠,e-영업4
R250,로로피아나,e-영업3
R253,립플레저,e-영업4
R254,아이크라운,e-영업4
R255,메이크힐,e-영업4
R256,아이캔디,e-영업4
R261,브로앤팁스,e-영업4
R289,나이키,e-영업4
R291,칼하트,e-영업3
R293,트래셔,e-영업4
R297,크라운포드,e-영업4
R301,알로봇,e-영업3
R313,경동나비엔,e-영업4
R319,부라더미싱,e-영업4
R320,엠엔,e-영업4
R322,마이클코어스,e-영업3
R323,아르마니,e-영업3
R324,닥터알프리,e-영업4
R326,올댓포스터,e-영업4
R328,미디공,e-영업4
R330,브리스크스타일,e-영업3
R331,오토토,e-영업4
R334,레토,e-영업4
R338,부테로,e-영업3
R339,코지마,e-영업4
R352,유닉스,e-영업4
R353,파테크,e-영업4
R356,김수자,e-영업4
R359,다이슨,e-영업4
R360,이메텍,e-영업4
R361,로라스타,e-영업4
R362,듁스,e-영업4
R369,퀴부,e-영업4
R377,메이시크,e-영업4
R380,인티메이트,e-영업4
R382,네이처리퍼블릭,e-영업4
R385,덴티스테,e-영업4
R388,네일스네일,e-영업4
R389,알고덤,e-영업4
R394,로하시스,e-영업4
R395,소시에떼,e-영업4
R396,티에스,e-영업4
R397,더연,e-영업4
R399,닥터레미듀,e-영업4
R401,디퓨저 바이 릴리그레이스,e-영업4
R404,릴리 그레이스,e-영업4
R406,버버리,e-영업4
R409,르샤트라1802,e-영업4
R410,아이리버,e-영업4
R414,블라이드,e-영업4
R418,이즈앤트리,e-영업4
R425,메이뉴욕,e-영업4
R428,글로우라우디,e-영업4
R433,퓨어젠,e-영업4
R443,시어테라 오가닉스,e-영업4
R446,고운머리,e-영업4
R447,스웨디시드림,e-영업4
R448,에바스코스메틱,e-영업4
R449,데자뷰,e-영업4
R450,자나빌리,e-영업4
R452,원미닛네일,e-영업4
R456,페이스인페이스,e-영업4
R459,데이셀,e-영업4
R462,돌체앤가바나,e-영업4
R464,페디슨,e-영업4
R470,이희,e-영업4
R475,더싹,e-영업4
R478,뉴트로지나,e-영업4
R488,에르네,e-영업4
R489,원더바스,e-영업4
R490,나어릴때,e-영업4
R493,피토메르,e-영업4
R495,미친스킨,e-영업4
R497,쁘띠페,e-영업4
R505,비바,e-영업4
R508,프라브아,e-영업4
R511,엔프라니,e-영업4
R512,엔프라니,e-영업4
R513,엔프라니,e-영업4
R516,뷰바,e-영업4
R522,싸이닉,e-영업4
R523,엠디스픽,e-영업4
R524,푸드어홀릭,e-영업4
R526,넬리,e-영업4
R527,매드히피,e-영업4
R529,배드스킨,e-영업4
R530,프리맨,e-영업4
R531,가루미인,e-영업4
R532,빅토리아스웨덴,e-영업4
R534,유닉스,e-영업4
R539,퓨어포레,e-영업4
R540,셀몽드,e-영업4
R546,아페리레,e-영업4
R548,미쟝센,e-영업4
R549,유마키,e-영업4
R554,프레티,e-영업4
R556,우드버리,e-영업4
R557,아이디플라코스메틱,e-영업4
R570,켄트브러쉬,e-영업4
R571,코리아나-세니떼,e-영업4
R572,아이소이,e-영업4
R574,르퀼라야,e-영업4
R578,나뚜라하우스,e-영업4
R587,코스노리,e-영업4
R600,던롭,e-영업4
R604,엠도씨,e-영업4
R605,브이티코스메틱,e-영업4
R606,오를리,e-영업4
R609,쏭레브,e-영업4
R610,바디네이처,e-영업4
R613,메이블린 뉴욕,e-영업4
R623,트리앤씨,e-영업4
R625,즙쟁이,e-영업4
R631,브릴리언트,e-영업4
R633,글로우몬스터,e-영업4
R635,밤코스메틱,e-영업4
R638,스킨79,e-영업4
R639,인비지보블,e-영업4
R641,위드샨,e-영업4
R642,브리오신,e-영업4
R643,무슈제이,e-영업4
R651,트루디,e-영업4
R657,컬러딥,e-영업4
R658,네시픽,e-영업4
R659,카오코탈라이푸,e-영업4
R662,키핀터치,e-영업4
R671,보타닉 스토리,e-영업4
R672,4711,e-영업4
R675,더블 데어,e-영업4
R677,자올닥터스오더,e-영업4
R684,더마콜,e-영업4
R688,스포메틱스,e-영업4
R692,손앤박,e-영업4
R695,실큰,e-영업4
R700,실크테라피,e-영업4
R706,플루,e-영업4
R707,참존,e-영업4
R712,컬러랩,e-영업4
R715,버클리 스퀘어,e-영업4
R718,이프리트,e-영업4
R725,리피엘,e-영업4
R727,스킨1004,e-영업4
R728,스킨알엑스 랩,e-영업4
R732,티져랜드,e-영업4
R738,디엠씨케이,e-영업4
R739,바이오더마,e-영업4
R749,클린,e-영업4
R751,노른자,e-영업4
R755,쿨그린,e-영업4
R756,해피바스,e-영업4
R757,아이밀,e-영업4
R759,로쎄앙,e-영업4
R761,에스테틱하우스,e-영업4
R765,블랑두,e-영업4
R768,마크제이콥스,e-영업4
R777,카밀,e-영업4
R781,제이앤씨,e-영업4
R783,쿠스티에,e-영업4
R784,퍼니브릭,e-영업4
R787,코튼플러스,e-영업4
R788,향기의 미술관,e-영업4
R789,루치펠로,e-영업4
R791,입큰,e-영업4
R794,이세이 미야케,e-영업4
R797,런드레스,e-영업4
R803,뷰티끄랩,e-영업4
R808,한조,e-영업4
R811,프로쉬,e-영업4
R812,한스킨,e-영업4
R813,동국제약,e-영업4
R818,셀뮬러,e-영업4
R824,아로마로즈,e-영업4
R836,에스엔스킨,e-영업4
R837,야들리,e-영업4
R844,위드미,e-영업4
R845,씨라클,e-영업4
R866,오지엑스,e-영업4
R868,써스데이플랜테이션,e-영업4
R870,조성아뷰티,e-영업4
R876,미스44,e-영업4
R883,바이크림,e-영업4
R884,더블유드레스룸,e-영업4
R886,그레이멜린,e-영업4
R888,뷰티풀 스킨,e-영업4
R897,두피중심 스칼피즘,e-영업4
R901,랑방,e-영업4
R903,라뮤즈,e-영업4
R909,웰더마,e-영업4
R910,스킨앤랩,e-영업4
R911,뷰티레시피,e-영업4
R922,베르가모,e-영업4
R929,오이보스,e-영업4
R931,꽁빠니 드 프로방스,e-영업4
R935,스팀베이스,e-영업4
R936,어파티,e-영업4
R940,로레알 파리,e-영업4
R942,은율,e-영업4
R954,더마퓨어클리닉,e-영업4
R955,엘프코스메틱,e-영업4
R961,코리아나,e-영업4
R968,디시즈리얼,e-영업4
R976,프라고나르,e-영업4
R978,질경이,e-영업4
R979,라벨영,e-영업4
R980,메디플라워,e-영업4
R991,셀렉스씨,e-영업4
R997,씨피원,e-영업4
R998,살바토레 페라가모,e-영업4
RA,라움,e-영업1
RO,라움,e-영업1
S002,비어헤페,e-영업4
S015,착한푸드,e-영업4
S024,리르,e-영업4
S025,다슈,e-영업4
S030,모스키노,e-영업4
S044,히말라야,e-영업4
S047,알페신,e-영업4
S061,닥터메디션,e-영업4
S062,나르시소 로드리게스,e-영업4
S064,오리지널로우,e-영업4
S065,바디판타지,e-영업4
S073,파머스,e-영업4
S074,과일나라,e-영업4
S076,백옥생,e-영업4
S079,프라다,e-영업4
S080,블리스텍스,e-영업4
S082,씨케이아이,e-영업4
S085,리얼테크닉스,e-영업4
S087,더마허브,e-영업4
S088,웨신,e-영업4
S093,춤추는고래,e-영업4
S095,지오마,e-영업4
S099,아로하트리즈,e-영업4
S103,베르사체,e-영업4
S108,미라클톡스,e-영업4
S112,탱글티저,e-영업4
S113,퓨어덤,e-영업4
S128,데메테르,e-영업4
S130,존 바바토스,e-영업4
S139,플리거,e-영업4
S142,잡스타킹,e-영업4
S144,오제끄,e-영업4
S145,달바,e-영업4
S147,에프에이치아이 코리아,e-영업4
S154,캄모멘트리,e-영업4
S158,뮬레,e-영업4
S159,녹십자웰빙,e-영업4
S162,레이나퍼퓸,e-영업4
S167,스킨앤코 로마,e-영업4
S175,지미추,e-영업4
S176,지미추,e-영업4
S187,소프리스,e-영업4
S188,플로랑스네이쳐,e-영업4
S211,치카이치코,e-영업4
S212,겐조,e-영업4
S213,겐조,e-영업4
S218,센텔리안24,e-영업4
S222,쿤달,e-영업4
S235,세러데이스킨,e-영업4
S238,로즈마인,e-영업4
S245,퓨어 얼티튜드,e-영업4
S250,스케다,e-영업4
S252,엘리자베스아덴,e-영업4
S253,엘리자베스아덴,e-영업4
S256,오브레,e-영업4
S264,우테크람,e-영업4
S266,더유핏,e-영업4
S267,마리끌레르,e-영업4
S272,벨레다,e-영업4
S280,자노탁트,e-영업4
S284,필리가,e-영업4
S285,보비니,e-영업4
S287,렛미스킨,e-영업4
S293,미가비,e-영업4
S296,닥터뉴엘,e-영업4
S300,우르오스,e-영업4
S305,모레모,e-영업4
S306,쏘티스,e-영업4
S308,러비더비,e-영업4
S309,어스로하,e-영업4
S314,아임유니,e-영업4
S315,무드매쳐,e-영업4
S317,헤이네이처,e-영업4
S318,에르쯔틴,e-영업4
S325,브론리,e-영업4
S328,콜만,e-영업4
S330,시세이도,e-영업4
S332,퍼지락,e-영업4
S337,패션캣,e-영업4
S339,무스텔라,e-영업4
S342,멜로멜리,e-영업4
S343,카오리온,e-영업4
S344,웻브러쉬,e-영업4
S345,타비아노,e-영업4
S347,퍼지브러쉬,e-영업4
S351,갈라토닉,e-영업4
S354,마루빌츠,e-영업4
S359,랑팔라투르,e-영업4
S360,빅그린,e-영업4
S363,아카이브먼츠,e-영업3
S366,엠엘비 코스메틱,e-영업4
S377,사이오스,e-영업4
S378,인케이스,e-영업3
S379,잔스포츠,e-영업3
S380,델시,e-영업3
S385,키플링,e-영업3
S386,만다리나덕,e-영업3
S387,벨로이,e-영업3
S390,리모와,e-영업3
S391,버튼,e-영업3
S392,그레고리,e-영업3
S395,팩세이프,e-영업3
S397,칼하트,e-영업3
S401,논로컬,e-영업3
S402,노이즈,e-영업3
S403,토바간,e-영업3
S404,삭루츠,e-영업3
S405,템퍼레이트,e-영업3
S407,어그,e-영업3
S422,스피아노,e-영업4
S427,옐로우문,e-영업4
S431,제인송,e-영업3
S433,더애쉴린,e-영업3
S434,라이,e-영업3
S435,비먼,e-영업3
S436,스튜디오지,e-영업3
S441,와이제이,e-영업3
S442,에이치블레이드,e-영업3
S443,에프코코로미즈,e-영업3
S444,오브,e-영업3
S445,일루스트리스일루전,e-영업3
S446,쿠만,e-영업3
S447,홀리넘버세븐,e-영업3
S448,토리버치,e-영업3
S449,엠에스지엠,e-영업3
S450,겐조,e-영업3
S451,골든구스,e-영업3
S452,구찌,e-영업3
S453,까르뱅,e-영업3
S454,꼼데가르송,e-영업3
S455,나이키,e-영업3
S458,미니쿡,e-영업4
S461,모던하임,e-영업4
S471,톰브라운,e-영업3
S472,노비스,e-영업3
S473,닐 바렛,e-영업3
S474,돌체앤가바나,e-영업3
S475,디스퀘어드2,e-영업3
S477,디올,e-영업3
S478,디젤,e-영업3
S480,랑방,e-영업3
S482,로에베,e-영업3
S485,마르니,e-영업3
S486,마르셀로불론,e-영업3
S488,섹터,e-영업3
S491,멀버리,e-영업3
S492,메종키츠네,e-영업3
S493,모스키노,e-영업3
S495,몽클레르,e-영업3
S496,무스너클,e-영업3
S498,미우미우,e-영업3
S499,이세이 미야케,e-영업3
S501,발렌시아가,e-영업3
S502,발렌티노,e-영업3
S503,발리,e-영업3
S504,발망,e-영업3
S506,버버리,e-영업3
S507,베트멍,e-영업3
S508,보테가 베네타,e-영업3
S509,부테로,e-영업3
S516,생 로랑,e-영업3
S517,셀린느,e-영업3
S518,스텔라 매카트니,e-영업3
S519,스톤아일랜드,e-영업3
S521,씨피컴퍼니,e-영업3
S522,아르마니,e-영업3
S523,아미,e-영업3
S524,아쉬,e-영업3
S527,아페쎄,e-영업3
S528,알렉산더 맥퀸,e-영업3
S531,에르노,e-영업3
S533,오프닝세레모니,e-영업3
S534,오프화이트,e-영업3
S535,요지 야마모토,e-영업3
S540,주세페자노티,e-영업3
S541,이지,e-영업3
S544,지방시,e-영업3
S545,캐나다구스,e-영업3
S546,커먼프로잭트,e-영업3
S548,토리버치,e-영업3
S549,토즈,e-영업3
S550,톰포드,e-영업3
S551,파라점퍼스,e-영업3
S552,살바토레 페라가모,e-영업3
S553,펜디,e-영업3
S554,폴로 랄프로렌,e-영업3
S555,폴스미스,e-영업3
S557,프라다,e-영업3
S558,프랭키 모렐로,e-영업3
S567,끌로에,e-영업3
S569,메종 마르지엘라,e-영업3
S578,스마일리,e-영업3
S579,세인트스코트,e-영업3
S583,뉴트리원,e-영업4
S585,메종 마르지엘라,e-영업3
S621,쿄쿄,e-영업4
S626,비어멕,e-영업4
S656,닥터홍,e-영업4
S667,네이센트,e-영업4
S719,토스,e-영업4
S724,뷰티메이커스,e-영업4
S726,스프라임,e-영업4
S744,크로마틱,e-영업4
S762,아방가드로,e-영업4
S764,벨네이쳐,e-영업4
S776,미미로린스,e-영업4
S777,쿨그리스,e-영업4
S780,엠에스월드,e-영업4
S796,와사비네코,e-영업4
S808,장인정신,e-영업4
S810,마데카21,e-영업4
S824,자트인사이트,e-영업4
S869,알프츠,e-영업4
S891,아씬,e-영업4
S903,넥스브로,e-영업4
S916,키렌,e-영업4
S926,백스터 오브 캘리포니아,e-영업4
S966,제니코코,e-영업4
S972,킹피셔,e-영업4
S977,라미,e-영업4
S985,블라이코드,e-영업4
S988,럭스,e-영업4
SD,소다,e-영업3
SP,피즈,e-영업1
T017,도화뷰티,e-영업4
T018,페슬로,e-영업4
T029,미아뜨,e-영업4
T053,로제트,e-영업4
T058,모이스올가,e-영업4
T060,위크엔드,e-영업4
T119,닥터스칼프,e-영업4
T145,헤드스파7,e-영업4
T177,아자르,e-영업4
T219,아베크롬비,e-영업4
T222,아로마틱,e-영업4
T244,제시나인,e-영업4
T254,제노트리,e-영업4
T282,66도30,e-영업4
T287,이지앤,e-영업4
T293,유리피부,e-영업4
T309,닥터유앤미,e-영업4
T330,트루사르디,e-영업4
T356,심플리잰틀,e-영업4
T365,분코,e-영업4
T366,자이모겐,e-영업4
T374,이비블렌더,e-영업4
T378,케라시스,e-영업4
T380,제노리스,e-영업4
T381,샐큐라,e-영업4
T387,제니퍼로페즈,e-영업4
T410,아이앤피,e-영업4
T444,예지후,e-영업4
T457,인터미션,e-영업4
T461,오투에니원,e-영업4
T477,볼빅 폴리큐션,e-영업4
T481,엔수스,e-영업4
T488,라이크아임파이브,e-영업4
T499,오우썸,e-영업4
T502,마티스파리,e-영업4
T524,빈티지캔들라,e-영업4
T531,수하다,e-영업4
T533,멈칫,e-영업4
T554,하또무기,e-영업4
T559,에스투엔디,e-영업4
T560,오퍼스,e-영업4
T596,셀더마,e-영업4
T597,셀더마 데일리,e-영업4
T599,두다,e-영업4
T600,썽봉,e-영업4
T601,스트라이크,e-영업3
T606,주드맥콜,e-영업3
T607,비스킷샵,e-영업3
T610,오피아이,e-영업4
T611,위드보스,e-영업4
T612,써틴,e-영업3
T613,모즈스튜디오,e-영업3
T615,에이올,e-영업4
T618,디그레,e-영업3
T620,기라로쉬,e-영업3
T621,아테스토니,e-영업3
T622,지니스타,e-영업3
T623,조지가스파,e-영업3
T624,카카오프렌즈,e-영업3
T625,디즈니,e-영업3
T626,산리오,e-영업3
T627,오버액션토끼,e-영업3
T629,마블,e-영업3
T637,마크모크,e-영업3
T639,테팔,e-영업4
T641,듀듀,e-영업4
T642,나이키,e-영업4
T643,테일러메이드,e-영업4
T644,풋조이,e-영업4
T645,아디다스,e-영업4
T646,던롭,e-영업4
T647,스릭슨,e-영업4
T648,부쉬넬,e-영업4
T650,보이스캐디,e-영업4
T651,타이틀리스트,e-영업4
T652,마루망,e-영업4
T653,피지에이투어,e-영업4
T654,골프버디,e-영업4
T656,젝시오,e-영업4
T657,아스브리,e-영업4
T658,볼빅,e-영업4
T659,트라택,e-영업4
T660,세라밴드,e-영업4
T661,하빈져,e-영업4
T662,트리거포인트,e-영업4
T663,스킬즈,e-영업4
T667,잠스트,e-영업4
T668,24보틀,e-영업4
T676,애쉬로렌,e-영업4
T684,미라클리얼다운,e-영업4
T686,오프화이트,e-영업3
T688,퍼피프랜드,e-영업4
T691,프로풋,e-영업4
T695,아트허브,e-영업4
T699,디어니스,e-영업3
T701,노하우,e-영업4
T706,크로커다일,e-영업4
T711,알롱,e-영업4
T716,프라브아,e-영업4
T717,라파레1789,e-영업4
T728,일레븐휴즈데이,e-영업4
T729,렉스,e-영업4
T732,라라,e-영업4
T737,에비앙,e-영업4
T743,메이크힐,e-영업4
T765,루나,e-영업4
T766,에이지투웨니스,e-영업4
T780,프레드 페리,e-영업3
T782,하이드로겐,e-영업3
T783,포인트,e-영업4
T784,라코스테,e-영업3
T785,코치,e-영업3
T786,타미힐피거,e-영업3
T787,제옥스,e-영업3
T788,셀몽드,e-영업4
T791,긱타,e-영업3
T792,아비쏘,e-영업3
T800,바스틱,e-영업3
T807,라코스테,e-영업3
T814,베트멍,e-영업3
T817,트윈,e-영업3
T819,리우조,e-영업3
T821,게스,e-영업3
T822,딕 비켐버그,e-영업3
T824,페트레이,e-영업3
T825,야콥코헨,e-영업3
T827,에르마노 설비노,e-영업3
T841,레이디볼륨,e-영업3
T842,브이투,e-영업3
T847,크리스틴프로젝트,e-영업3
T854,페퍼시즈닝,e-영업3
T855,낫쉬,e-영업4
T856,알엑스티엔,e-영업4
T889,피큐알라이프,e-영업4
T892,씨오큐,e-영업3
T893,도미넌트,e-영업3
T911,코치,e-영업3
T913,투투오투,e-영업4
T941,유니스,e-영업3
T947,유닉스,e-영업4
T948,유키두,e-영업3
T950,베아바,e-영업3
T951,비앤비,e-영업3
T952,유피스,e-영업3
T954,닥터 아토,e-영업3
T956,노미,e-영업3
T957,뮤아,e-영업3
T968,에이드,e-영업3
T972,임금님,e-영업4
T973,바툼,e-영업4
T974,휠라,e-영업4
T983,네이처스버라이어티,e-영업4
T994,디앤비모피,e-영업3
T999,타티 네 쇼콜라,e-영업3
TG,티엔지티,e-영업2
U001,마크제이콥스,e-영업3
U004,노비스,e-영업3
U005,필립모델,e-영업3
U006,스톤아일랜드,e-영업3
U020,순토,e-영업3
U021,마크제이콥스,e-영업3
U024,타이맥스,e-영업3
U025,루미녹스,e-영업3
U027,구찌,e-영업3
U029,태그호이어,e-영업3
U031,마닐라그레이스,e-영업3
U040,발렌티노,e-영업3
U051,풋조이,e-영업4
U052,타이틀리스트,e-영업4
U053,나이키,e-영업4
U054,미즈노,e-영업4
U055,볼빅,e-영업4
U056,아디다스,e-영업4
U057,에코,e-영업4
U058,캘러웨이,e-영업4
U059,테일러메이드,e-영업4
U060,푸마,e-영업4
U063,윌슨,e-영업4
U065,넥센,e-영업4
U066,리카타,e-영업4
U068,브루넬로쿠치넬리,e-영업3
U074,펜디,e-영업3
U075,에트로,e-영업3
U076,살바토레 페라가모,e-영업3
U077,프라다,e-영업3
U078,구찌,e-영업3
U080,지방시,e-영업3
U081,발렌시아가,e-영업3
U083,버버리,e-영업3
U085,셀린느,e-영업3
U088,돌체앤가바나,e-영업3
U091,엠프리오 아르마니,e-영업3
U094,랑방,e-영업3
U098,토즈,e-영업3
U099,발렌티노,e-영업3
U100,베르사체,e-영업3
U101,발리,e-영업3
U105,몽블랑,e-영업3
U114,버버리,e-영업3
U124,디젤,e-영업3
U125,몽클레르,e-영업3
U126,미스터앤미세스,e-영업3
U134,롱샴,e-영업3
U138,마이클코어스,e-영업3
U139,미쏘니,e-영업3
U148,캐나다구스,e-영업3
U149,톰브라운,e-영업3
U157,끌로에,e-영업3
U159,디올 옴므,e-영업3
U160,겐조,e-영업3
U161,마르셀로불론,e-영업3
U163,미우미우,e-영업3
U165,발렌티노,e-영업3
U182,핑코,e-영업3
U185,세이코 알바,e-영업3
U186,지샥,e-영업3
U187,해밀턴,e-영업3
U188,티쏘,e-영업3
U189,디케이엔와이,e-영업3
U190,태그호이어,e-영업3
U191,해밀턴,e-영업3
U193,브리지스톤,e-영업4
V023,랄프로렌,e-영업3
V025,아르마니,e-영업3
V026,발렌시아가,e-영업3
V027,발리,e-영업3
V028,보테가 베네타,e-영업3
V029,셀린느,e-영업3
V030,끌로에,e-영업3
V033,돌체앤가바나,e-영업3
V034,디스퀘어드2,e-영업3
V035,에트로,e-영업3
V036,펜디,e-영업3
V037,살바토레 페라가모,e-영업3
V038,지방시,e-영업3
V039,구찌,e-영업3
V040,랑방,e-영업3
V041,마크제이콥스,e-영업3
V042,마이클코어스,e-영업3
V043,미우미우,e-영업3
V044,몽클레르,e-영업3
V045,멀버리,e-영업3
V046,폴스미스,e-영업3
V047,프라다,e-영업3
V048,토리버치,e-영업3
V049,생 로랑,e-영업3
V085,아마조나스,e-영업4
V149,트렌드세터 웨어,e-영업3
V207,엘리자벳,e-영업3
V208,아멜리에,e-영업3
V266,톰포드,e-영업3
V267,캘빈클라인,e-영업3
V271,생 로랑,e-영업3
V279,보스,e-영업3
V283,디올,e-영업3
V286,마운틴스미스,e-영업4
V313,미우미우,e-영업3
V320,보테가 베네타,e-영업3
V322,폴스미스,e-영업3
V357,뉴발란스,e-영업4
V364,파비아나 필리피,e-영업3
V379,스텔라 매카트니,e-영업3
V386,레펙스,e-영업4
V387,캘빈클라인,e-영업3
V388,아르마니,e-영업3
V389,캘빈클라인,e-영업3
V390,타미 힐피거,e-영업3
V391,리바이스,e-영업3
V442,에어워크,e-영업4
V445,살바토레 페라가모,e-영업3
V477,펜디,e-영업3
V501,유니프레임,e-영업4
V509,보스,e-영업3
V515,필그림,e-영업3
V552,버버리,e-영업3
V626,몽클레르,e-영업3
V627,폴스미스,e-영업3
V644,골든구스,e-영업3
V660,캐나다구스,e-영업3
V689,알렉산더 맥퀸,e-영업3
V691,코치,e-영업3
V702,루미녹스,e-영업3
V708,잉거솔,e-영업3
V709,미쉘에블랑,e-영업3
V728,폴리넬리,e-영업3
V747,타미 힐피거,e-영업3
V752,스위스밀리터리,e-영업3
V768,아르키메데스,e-영업3
V771,세이블,e-영업3
V783,오뜨르 뒤 몽드,e-영업3
V795,룩캐스트,e-영업3
V805,언더컨트롤,e-영업3
V815,옐로우스톤,e-영업3
V816,엔젤삭스,e-영업3
V823,프리드,e-영업4
V835,나이키,e-영업4
V836,마루망,e-영업4
V837,에코,e-영업4
V838,볼빅,e-영업4
V844,모드곤,e-영업3
V845,보울러,e-영업3
V849,엘르,e-영업3
V869,라디오사,e-영업3
V874,오클리,e-영업4
V980,발렌시아가,e-영업3
V981,지방시,e-영업3
V982,살바토레 페라가모,e-영업3
V983,에트로,e-영업3
V984,구찌,e-영업3
V985,프라다,e-영업3
V986,돌체앤가바나,e-영업3
V988,펜디,e-영업3
V989,골든구스,e-영업3
V993,마이클코어스,e-영업3
V994,무스너클,e-영업3
V995,멀버리,e-영업3
V996,토즈,e-영업3
V997,토리버치,e-영업3
V998,생 로랑,e-영업3
VK,아떼 바네사브루노,e-영업1
W145,크리스탈샵,e-영업3
W180,불가리 아이웰,e-영업3
W182,셀린느,e-영업3
W184,디케이엔와이,e-영업3
W186,살바토레 페라가모,e-영업3
W187,구찌,e-영업3
W188,게스,e-영업3
W193,오클리,e-영업3
W194,폴리스,e-영업3
W195,프라다,e-영업3
W196,레이밴,e-영업3
W201,티파니앤코,e-영업3
W203,톰포드,e-영업3
W204,베르사체,e-영업3
W205,돌체앤가바나,e-영업3
W225,안나수이,e-영업3
W227,구찌,e-영업3
W231,휠라,e-영업3
W237,폴리스,e-영업3
W239,에스까다,e-영업3
W269,펜디,e-영업3
W280,대동모피,e-영업3
W295,콜맨,e-영업4
W296,폭스라이더,e-영업4
W335,노스피크,e-영업4
W336,캠피스,e-영업4
W338,카카두,e-영업4
W370,로고스,e-영업4
W475,구찌,e-영업3
W476,프라다,e-영업3
W477,미우미우,e-영업3
W527,아디다스,e-영업4
W528,푸마,e-영업4
W805,캘러웨이,e-영업4
W806,풋조이,e-영업4
W808,아디다스,e-영업4
W809,테일러메이드,e-영업4
W810,타이틀리스트,e-영업4
W811,푸마,e-영업4
W812,오디세이,e-영업4
W814,던롭,e-영업4
W984,몽블랑,e-영업3
W987,버버리,e-영업3
W991,기비,e-영업3
W992,키이스,e-영업3
WA,마에스트로,e-영업2
WB,닥스,e-영업2
WC,닥스,e-영업2
WG,닥스,e-영업2
WH,헤지스,e-영업2
WI,헤지스,e-영업2
WJ,질스튜어트 뉴욕,e-영업2
WK,닥스,e-영업2
WM,닥스,e-영업2
WN,닥스,e-영업2
WP,헤지스,e-영업2
WS,헤지스,e-영업2
WT,질스튜어트,e-영업2
WU,헤지스,e-영업2
WV,아떼 바네사브루노,e-영업2
WW,헤지스,e-영업2
WX,알레그리,e-영업2
WY,질 스튜어트 뉴욕,e-영업2
X434,익스클라메이션 마크,e-영업3
YS11,임페리얼 포슬린,e-영업4
YY,모그스튜디오,e-영업4
Z023,비고스,e-영업3
Z062,닥스 침구,e-영업4
Z075,닥스 수건,e-영업4
Z264,아이그너,e-영업3
Z269,시티즌,e-영업3
Z270,코치,e-영업3
Z274,펜디,e-영업3
Z275,포체 스포츠 클럽,e-영업3
Z280,로즈몽,e-영업3
Z281,세이코,e-영업3
Z282,세이코 알바,e-영업3
Z285,테드베이커,e-영업3
Z617,나이키,e-영업3
Z618,뉴발란스,e-영업4
Z621,잔스포츠,e-영업4
ZZA3,발코니,e-영업3
ZZA5,지세븐스타스,e-영업3
ZZB6,장수돌침대,e-영업4
ZZC5,홀리데이즈,e-영업4
ZZC6,엄마의리뷰,e-영업4
ZZC7,스테디,e-영업4
ZZC8,로코모티브,e-영업3
ZZD1,입생로랑,e-영업4
ZZD4,프리머스,e-영업4
ZZD5,한바그,e-영업4
ZZD6,게스,e-영업3
ZZE1,비프로젝트,e-영업4
ZZE2,레이트,e-영업4
ZZE3,킨토,e-영업4
ZZE5,닥터마틴,e-영업3
ZZF4,휴브너,e-영업4
ZZG3,브에노,e-영업4
ZZH3,보테가 베네타,e-영업3
ZZH5,메종베르제,e-영업4
ZZH6,피오리디세타,e-영업4
ZZH8,오슬로,e-영업4
ZZI2,스위치123,e-영업3
ZZJ2,더블유엠에프,e-영업4
ZZJ9,오비노,e-영업3
ZZK1,쿤달더마,e-영업4
ZZK2,비타민마을,e-영업4
ZZK7,장수돌침대,e-영업4
ZZK9,브라운앤프렌즈,e-영업3
ZZL0,크리드,e-영업4
ZZL2,레이지던,e-영업3
ZZL3,세인트밀러,e-영업4
ZZM6,스칸스킨,e-영업4
ZZM9,푸마,e-영업4
ZZN8,마크비,e-영업3
ZZO1,로렌 바이 랄프 로렌,e-영업4
ZZO8,어그,e-영업3
ZZO9,뮤란드,e-영업4
ZZP0,텐씨,e-영업3
ZZQ1,휠라,e-영업3
ZZQ2,아페쎄,e-영업3
ZZQ3,아크네 스튜디오,e-영업3
ZZQ4,아디다스,e-영업3
ZZQ7,아미,e-영업3
ZZR3,아스페시,e-영업3
ZZR4,발렌시아가,e-영업3
ZZR8,보테가 베네타,e-영업3
ZZS0,버버리,e-영업3
ZZS2,캐나다구스,e-영업3
ZZS9,씨피컴퍼니,e-영업3
ZZU0,펜디,e-영업3
ZZU7,골든구스,e-영업3
ZZV9,겐조,e-영업3
ZZW3,메종키츠네,e-영업3
ZZW4,메종 마르지엘라,e-영업3
ZZX3,몽클레르,e-영업3
ZZX5,무스너클,e-영업3
ZZY7,폴스미스,e-영업3
ZZZ0,프라다,e-영업3
ZZZ6,생 로랑,e-영업3
ZZZ8,스톤아일랜드,e-영업3
ZZZ9,톰브라운,e-영업3
ZZZB,토리버치,e-영업3
ZZZC,발렌티노,e-영업3
ZZZD,베르사체,e-영업3
ZZZF,비비안 웨스트우드,e-영업3
ZZZG,와이쓰리,e-영업3
ZZZL,딥인다이브,e-영업3
ZZZX,클린디,e-영업4
