키워드,네이버검색량,PC,모바일,경쟁정도,추이지수,추이,월별추이
가습기,90800,20100,70700,중간,19.1,급하락,15.1|52.2|100|87.0|68.0|33.3|19.3|12.5|8.1|5.3|7.3|6.9|19.1
공기청정기,68100,17600,50500,높음,20.1,급하락,21.6|25.1|26.7|25.7|26.7|27.2|31.6|28.9|22.4|18.6|16.2|15.0|20.1
기타계절가전,10,5,5,낮음,,,
냉온수매트,1380,320,1060,높음,0.3,급하락,0.3|1.0|0.9|0.5|0.4|0.3|0.3|0.4|0.6|0.9|0.9|0.4|0.3
냉풍기,8520,5640,2880,중간,1.8,급상승,3.1|0.7|0.6|0.6|0.8|0.8|1.8|6.2|14.0|17.6|22.2|10.4|1.8
서큘레이터,17330,7560,9770,중간,4.4,급상승,3.9|1.9|1.4|1.4|1.4|1.3|2.7|7.5|17.4|16.1|17.1|9.7|4.4
선풍기,58000,11700,46300,중간,18.9,급상승,38.7|20.8|5.0|3.9|6.2|5.2|12.7|40.0|100|93.7|93.0|47.7|18.9
에어컨,55600,15700,39900,중간,20.1,급상승,38.8|25.9|13.0|11.5|16.0|15.3|24.6|34.0|47.0|49.1|73.7|46.3|20.1
온풍기,12070,3380,8690,중간,3.1,급하락,4.5|21.8|33.8|33.3|24.1|6.4|2.7|1.5|1.0|0.7|1.0|1.2|3.1
전기요,13320,3120,10200,중간,3.5,급하락,3.6|12.5|12.8|8.2|4.6|2.3|1.9|1.2|0.8|0.4|0.4|0.8|3.5
제습기,66300,15600,50700,중간,13.9,급상승,22.4|26.5|12.8|13.4|11.6|11.0|16.8|24.7|50.5|47.2|100|27.4|13.9
히터,11540,3210,8330,중간,4.6,급하락,7.4|11.6|9.2|11.1|9.6|2.6|2.8|2.0|1.4|1.6|1.6|1.5|4.6
리퍼상품,650,180,470,높음,0.1,급하락,0.2|0.2|0.2|0.2|0.2|0.2|0.2|0.2|0.2|0.2|0.2|0.1|0.1
모바일 주변기기,10,5,5,낮음,,,
휴대폰,29450,5850,23600,중간,9.6,급하락,20.9|16.4|6.3|6.5|9.4|6.1|6.5|5.4|5.9|7.4|6.1|6.4|9.6
휴대폰 케이스,28130,5530,22600,높음,18.1,하락,25.1|24.1|20.7|22.0|23.8|20.1|24.3|19.1|19.4|19.5|20.4|19.8|18.1
건식 다리미,1330,270,1060,높음,0.9,하락,1.0|1.0|0.8|0.7|0.6|0.7|1.4|1.2|1.2|1.1|0.8|0.8|0.9
건조기,52970,9170,43800,높음,52.0,급하락,94.2|100|52.5|47.5|54.4|41.9|42.8|40.4|40.2|41.4|46.5|37.3|52.0
고데기,36470,4070,32400,중간,24.7,유지,19.7|19.6|19.3|21.4|21.4|20.9|22.9|19.3|18.4|15.7|17.3|19.0|24.7
기타 생활가전,10,5,5,낮음,,,
로봇 청소기,111700,21300,90400,중간,73.6,유지,97.9|89.1|88.0|86.4|97.4|100|98.3|82.5|86.4|88.0|97.5|96.1|73.6
면도기,29030,6430,22600,중간,30.7,급하락,69.1|54.3|22.1|25.6|31.0|21.3|22.0|18.8|19.2|18.0|18.7|19.3|30.7
물걸레 청소기,34590,5290,29300,중간,23.0,하락,25.1|24.4|21.6|21.2|22.6|20.8|21.9|20.2|22.4|23.5|21.3|20.1|23.0
미싱,7850,1240,6610,중간,5.3,하락,6.2|6.1|5.7|5.8|5.7|4.5|5.5|5.9|5.3|5.4|5.4|5.0|5.3
살균기,800,240,560,높음,0.5,급하락,0.9|1.0|0.8|0.8|0.8|0.7|0.7|0.8|0.6|0.7|0.9|0.6|0.5
세탁기,93100,19200,73900,높음,58.7,급하락,100|85.7|52.8|52.9|65.6|50.9|52.4|50.0|50.2|55.2|50.4|48.8|58.7
스틱 청소기,730,510,220,높음,0.4,급상승,0.2|0.1|0.2|0.2|0.2|0.2|0.2|0.2|0.3|0.2|0.2|0.2|0.4
스팀 다리미,53250,8850,44400,높음,31.2,하락,32.2|33.7|28.1|22.6|17.9|19.3|32.5|38.4|41.0|35.3|29.6|26.9|31.2
스팀 청소기,56810,9610,47200,중간,33.1,하락,34.2|33.2|47.4|35.3|42.2|37.7|39.4|33.2|38.7|38.4|38.2|34.3|33.1
안마기,16650,2750,13900,높음,9.7,급하락,12.6|12.0|9.4|10.9|11.6|11.7|10.0|10.1|11.9|8.4|8.2|8.8|9.7
안마의자,78700,12100,66600,중간,63.0,급하락,73.4|82.4|68.5|61.1|63.2|66.8|59.4|58.5|63.1|55.0|56.3|52.1|63.0
스피커,43200,14500,28700,중간,45.0,급하락,100|76.8|46.9|56.2|86.4|44.7|37.5|33.0|32.7|30.4|32.3|32.8|45.0
핸디 청소기,8320,1850,6470,중간,6.5,급하락,12.4|8.7|9.2|8.0|8.3|7.8|8.6|7.6|7.9|7.2|7.9|6.9|6.5
침구 청소기,16570,2870,13700,높음,12.8,급하락,21.2|24.3|23.4|30.8|31.8|21.1|19.9|20.5|20.2|17.1|14.4|13.1|12.8
청소기 액세서리,10,5,5,높음,0.0,유지,0.0|0.0
진공 청소기,8960,2240,6720,중간,23.6,급하락,31.2|29.9|28.6|28.8|30.9|27.1|27.3|23.0|23.5|22.7|23.3|22.9|23.6
족욕기,17270,2870,14400,중간,45.9,급하락,53.3|71.6|89.7|92.1|100|71.3|65.6|58.1|51.9|39.7|32.3|35.5|45.9
제모기,7760,1670,6090,중간,20.7,하락,40.4|35.9|21.8|21.5|25.8|21.7|25.4|33.5|40.3|39.5|34.1|27.2|20.7
전동칫솔,19570,3870,15700,중간,48.7,하락,52.1|47.2|51.4|60.4|72.5|57.6|54.6|44.6|44.9|42.8|46.5|47.1|48.7
헤어드라이기,20400,5500,14900,높음,52.0,급상승,36.3|36.1|54.6|64.7|61.9|59.6|61.6|49.8|51.0|46.1|49.9|57.5|52.0
TV,43600,13900,29700,높음,68.8,급하락,88.8|100|80.2|84.2|87.3|77.0|76.6|65.6|64.4|77.2|74.2|69.1|68.8
홈시어터,2490,640,1850,중간,4.4,급하락,6.4|6.3|7.5|6.6|8.0|6.9|6.3|5.8|5.2|4.6|5.0|5.4|4.4
액세서리,2970,840,2130,높음,5.6,급하락,8.5|6.9|6.7|6.4|6.2|5.2|6.2|5.8|5.7|5.6|5.5|5.7|5.6
스마트기기,440,140,300,높음,0.6,급하락,1.1|0.9|1.1|1.0|0.8|0.7|1.2|0.7|0.7|0.6|0.7|0.5|0.6
스마트 액세서리,10,5,5,높음,,,
게임타이틀,240,140,100,높음,0.3,급상승,0.1|0.0|0.0|0.0|0.0|0.0|0.0|0.0|0.0|0.0|0.0|0.3
게임기,14890,5680,9210,중간,50.7,급하락,100|83.6|21.1|25.6|34.4|24.7|28.8|21.3|26.4|23.9|24.1|24.8|50.7
기타주방가전,10,5,5,낮음,,,
오디오,5350,1370,3980,높음,8.1,급하락,11.9|12.7|12.3|13.3|14.5|12.2|11.7|10.5|9.8|8.7|10.6|8.9|8.1
음향 액세서리,10,5,5,낮음,,,
이어폰,63400,16000,47400,높음,51.9,급하락,100|79.8|46.8|49.3|61.5|44.1|46.1|38.1|34.0|34.5|40.5|37.2|51.9
헤드폰,22610,9710,12900,중간,30.4,급하락,65.3|51.5|19.1|20.8|27.8|22.1|20.0|17.6|15.7|15.7|14.9|16.0|30.4
가스레인지,29460,4760,24700,높음,21.9,급하락,32.3|34.3|30.4|30.1|31.3|27.5|24.6|19.9|19.6|19.7|21.5|21.8|21.9
글라인더,3690,850,2840,높음,2.8,하락,3.6|3.2|3.8|4.2|4.4|3.2|4.0|3.6|3.3|3.1|3.1|2.9|2.8
기타 음향기기,10,5,5,낮음,,,
원액기,190,60,130,중간,0.1,급하락,0.1|0.1|0.6|0.3|0.3|0.3|0.2|0.2|0.1|0.0|0.1|0.1|0.1
와플,24990,1890,23100,중간,22.9,급하락,33.9|32.9|26.2|27.2|28.5|25.2|28.1|27.0|26.6|23.1|22.2|22.1|22.9
오븐,15170,2970,12200,중간,13.9,급하락,19.0|18.6|19.0|21.6|22.8|18.7|20.1|15.9|13.8|13.6|14.2|14.7|13.9
식품건조기,10000,1850,8150,높음,9.1,급하락,14.5|19.7|20.3|12.5|9.9|6.5|6.8|9.5|7.5|6.5|8.7|11.0|9.1
식기세척기,70400,11400,59000,중간,63.5,급하락,88.0|97.0|86.7|84.5|100|88.3|82.7|72.6|79.3|80.4|68.5|66.9|63.5
믹서기,56300,12700,43600,높음,26.5,급하락,42.6|32.9|16.9|14.9|20.5|13.7|15.7|15.0|15.3|18.4|20.8|16.9|26.5
냉장고,158400,34000,124400,중간,62.0,급하락,100|89.2|63.3|60.9|69.7|57.1|60.0|56.7|57.4|64.2|67.7|64.7|62.0
김치냉장고,82000,12000,70000,중간,30.4,급하락,35.2|44.5|61.8|46.1|28.5|25.7|25.3|24.2|27.5|32.4|31.1|32.2|30.4
데스크탑,24640,8840,15800,중간,16.2,급하락,35.1|27.6|11.1|11.4|17.8|12.7|13.1|10.3|9.0|9.6|9.8|9.8|16.2
마우스,53200,24400,28800,높음,25.6,급하락,48.9|39.5|22.6|27.4|37.0|26.9|25.4|21.6|20.7|20.1|19.5|20.3|25.6
모니터,52600,19400,33200,중간,27.0,급하락,54.2|45.8|31.6|34.5|41.9|30.0|30.5|28.0|24.3|24.6|25.9|20.4|27.0
컴퓨터 주변기기,410,120,290,높음,0.1,유지,0.1|0.1|0.2|0.1|0.2|0.1|0.1|0.1|0.1|0.1|0.2|0.1|0.1
키보드,107900,38100,69800,높음,45.5,급하락,74.2|64.0|50.1|74.7|100|75.8|59.7|57.4|40.2|45.2|47.5|41.7|45.5
인덕션,80000,13900,66100,중간,31.1,급하락,42.1|44.8|39.9|41.4|46.2|38.4|39.4|34.1|35.3|35.0|35.3|34.7|31.1
하이라이트,30400,5000,25400,높음,11.8,급하락,19.4|20.2|15.6|16.9|15.8|17.0|15.3|13.1|12.1|12.6|11.7|12.6|11.8
전기그릴,16870,3670,13200,중간,15.8,하락,17.8|15.1|12.8|16.3|16.0|19.5|14.7|13.4|13.6|11.7|12.7|13.7|15.8
팬,5210,1020,4190,높음,4.8,급하락,8.5|8.0|7.3|7.0|6.9|5.9|6.8|6.7|6.8|6.1|6.0|5.5|4.8
전기밥솥,22380,4180,18200,중간,20.1,급하락,27.2|32.0|28.5|29.7|31.1|25.2|24.5|20.3|19.4|19.8|20.8|19.9|20.1
전기주전자,13460,3260,10200,중간,28.0,급하락,60.5|53.9|15.7|15.6|19.7|15.2|17.6|13.4|10.6|10.3|10.4|10.0|28.0
전기포트,39800,12700,27100,중간,52.9,급하락,100|83.6|45.1|49.6|64.2|48.6|42.2|33.4|28.1|26.4|26.3|27.8|52.9
전자레인지,118100,19800,98300,중간,64.3,급하락,100|86.6|64.0|68.3|80.8|69.3|66.7|52.4|47.5|48.6|56.7|58.7|64.3
제빙기,30600,10400,20200,중간,17.9,급상승,21.4|18.1|17.1|12.3|10.4|12.3|20.8|26.6|31.4|32.5|29.1|22.3|17.9
커피 액세서리,10,5,5,낮음,,,
커피머신,62000,12900,49100,중간,34.3,급하락,43.9|45.9|45.8|48.1|49.4|44.3|45.5|41.0|39.9|37.1|38.1|34.5|34.3
커피메이커,13900,3940,9960,높음,16.1,급하락,35.6|30.8|8.1|7.9|11.0|8.8|10.4|7.9|6.6|6.4|6.6|6.2|16.1
토스트기,15420,3220,12200,중간,70.1,하락,89.8|81.2|77.3|88.4|100|70.6|84.7|70.7|65.1|66.9|64.6|75.9|70.1
튀김기,7190,1600,5590,중간,34.0,급하락,62.9|55.6|54.8|52.1|55.4|41.4|39.6|35.3|31.3|30.2|30.0|32.5|34.0
카메라 액세서리,50,10,40,중간,0.1,급하락,0.3|0.2|0.4|0.2|0.2|0.4|0.3|0.4|0.1|0.0|0.1|0.1
캠코더,5440,1230,4210,중간,25.1,급하락,41.2|36.4|42.6|41.8|42.1|36.6|47.3|33.0|46.5|43.2|30.9|30.7|25.1
DSLR,3300,1090,2210,중간,15.6,급하락,25.9|23.2|22.4|21.9|23.8|20.1|24.0|21.7|18.7|15.9|16.3|15.5|15.6
노트북,164200,43600,120600,중간,49.8,급하락,80.1|71.4|61.5|71.2|100|80.6|73.2|58.1|50.6|62.6|49.8|47.9|49.8
태블릿PC,23630,6030,17600,중간,9.1,급하락,13.4|12.7|9.7|10.0|11.5|9.6|11.5|9.5|8.3|8.2|8.6|8.1|9.1
프린터,26200,10900,15300,중간,13.8,급하락,28.7|22.2|9.0|9.1|13.2|8.4|10.4|8.4|8.3|8.2|7.9|8.0|13.8
휴대용 선풍기,6250,2800,3450,높음,1.9,급상승,3.8|1.3|0.8|0.8|1.1|1.2|3.2|12.6|21.7|22.2|25.8|12.1|1.9
카메라,33800,8200,25600,중간,15.2,급하락,33.2|25.7|10.9|10.9|13.7|10.4|11.6|11.0|10.2|9.0|9.1|9.5|15.2
다리미,19770,3770,16000,중간,8.8,하락,11.5|10.5|7.8|6.1|6.3|5.9|9.3|11.3|11.5|10.1|8.7|8.3|8.8
음식물처리기,168100,29200,138900,중간,76.9,상승,81.1|77.7|64.1|60.7|70.6|71.8|71.9|68.1|87.3|100|92.9|78.0|76.9
기내용캐리어,44210,7810,36400,높음,19.7,급하락,34.1|27.0|26.7|26.2|26.0|19.7|20.7|17.4|17.6|16.3|19.9|21.4|19.7
여행용파우치,8770,2000,6770,높음,3.9,하락,4.8|4.5|5.4|5.1|5.7|4.8|4.4|3.8|3.8|3.6|5.1|4.9|3.9
남성가방,4630,960,3670,높음,2.1,유지,2.7|2.0|1.9|2.2|2.3|1.9|2.3|2.2|2.3|2.3|2.2|2.2|2.1
쇼퍼백,10310,1320,8990,중간,12.5,하락,18.1|15.2|13.4|14.3|17.4|17.0|18.9|14.5|13.1|12.6|13.0|13.7|12.5
스트랩,12850,2550,10300,중간,15.6,급하락,25.9|22.3|21.6|22.8|22.3|17.5|20.0|18.5|18.5|17.9|18.4|18.3|15.6
캔버스,18130,4430,13700,중간,21.1,급하락,28.6|28.0|28.6|30.5|28.1|23.0|29.4|26.0|23.7|20.9|19.3|19.2|21.1
에코백,53670,8770,44900,높음,64.6,유지,100|79.9|55.6|50.4|54.9|59.8|82.5|84.3|82.9|88.3|91.4|82.8|64.6
골프그립,13980,3180,10800,중간,17.1,급하락,24.6|20.8|20.3|17.5|16.5|17.1|20.3|19.2|18.5|16.1|16.2|17.1|17.1
샤프트,5600,1640,3960,중간,6.1,급하락,10.4|8.9|8.3|7.7|7.9|6.7|8.3|9.3|10.3|7.8|6.7|6.4|6.1
골프우산,4390,1300,3090,중간,4.9,상승,14.5|9.7|3.3|3.9|2.4|2.6|6.4|8.8|12.2|9.9|16.3|11.5|4.9
로스트볼,33360,6660,26700,중간,36.6,급하락,40.2|41.9|37.4|21.3|17.1|19.1|29.5|30.9|32.4|29.7|27.1|30.8|36.6
캐디백,7430,1580,5850,중간,7.8,급하락,16.5|15.1|11.5|9.6|9.5|7.4|9.7|9.4|8.8|7.6|7.5|8.1|7.8
케이스,22600,4900,17700,중간,42.9,급하락,100|77.6|26.3|24.9|33.2|23.7|28.8|21.6|19.7|19.8|21.1|21.3|42.9
하프백,1700,300,1400,중간,3.9,급하락,7.6|7.8|5.6|4.5|3.6|3.1|4.6|4.3|4.1|3.8|3.4|3.5|3.9
거리측정기,25050,5650,19400,높음,57.8,급하락,100|92.4|69.6|51.5|47.3|47.6|66.9|67.0|67.8|60.8|56.6|56.9|57.8
거리측정기케이스,5820,1000,4820,중간,13.8,급하락,23.7|20.9|13.7|9.4|5.4|6.2|12.5|15.4|16.2|15.6|13.5|14.5|13.8
골프공,33230,7530,25700,중간,77.3,하락,95.8|89.9|79.4|51.0|38.1|45.9|73.5|80.2|81.7|78.3|75.2|70.4|77.3
골프가방,6700,1190,5510,높음,15.6,급하락,32.5|29.6|22.4|18.3|18.4|18.0|23.9|22.8|21.6|18.0|17.1|16.6|15.6
골프백세트,320,50,270,높음,10.7,하락,15.0|16.1|7.9|3.4|5.4|9.5|14.5|14.1|10.4|8.8|9.1|11.7|10.7
골프화가방,960,160,800,중간,40.0,급하락,72.4|60.5|50.4|35.2|39.0|41.6|68.2|60.6|57.0|46.2|47.3|43.0|40.0
스탠드백,980,280,700,높음,40.1,급하락,100|72.6|59.0|51.9|49.3|38.7|48.1|48.6|46.7|35.1|41.2|44.8|40.1
페어웨이우드,1040,260,780,중간,42.1,급하락,76.0|78.0|59.3|48.8|51.4|42.6|57.8|52.3|58.6|50.6|47.9|47.6|42.1
공용골프화,15,5,10,낮음,,,
남성골프화,20380,3380,17000,높음,86.7,유지,97.9|91.1|66.4|53.9|57.6|72.2|98.6|100|99.4|90.9|87.2|90.5|86.7
스파이크,2670,440,2230,중간,11.0,급하락,14.6|13.4|13.5|17.4|17.9|12.6|14.2|13.6|14.2|12.7|10.7|10.4|11.0
렌치,7690,1850,5840,중간,32.3,급하락,46.3|45.1|44.0|42.7|44.9|37.0|42.5|38.3|33.8|32.8|33.6|33.6|32.3
여성골프화,11610,1410,10200,높음,48.8,하락,66.5|58.0|41.7|29.1|31.5|36.7|55.8|58.0|54.5|51.2|46.2|48.5|48.8
골프클럽세트,330,60,270,높음,1.2,급하락,1.7|2.0|1.3|1.4|1.1|0.9|1.0|1.0|0.7|0.4|1.2|1.0|1.2
드라이버,15590,3890,11700,중간,19.0,급하락,29.4|27.0|26.3|25.6|25.5|21.4|25.2|24.0|23.1|20.6|21.8|21.2|19.0
시타클럽,25,5,20,높음,0.0,급상승,0.0|0.0|0.0|0.0|0.0|0.0|0.0|0.0
아이언,16130,2130,14000,중간,19.8,급하락,25.3|26.6|19.9|19.3|100|58.9|30.6|24.9|48.6|24.9|18.7|17.5|19.8
웨지,4750,790,3960,중간,5.8,급하락,8.6|8.2|6.9|6.2|6.3|6.1|7.7|8.1|7.6|6.4|5.9|6.2|5.8
유틸리티우드,250,80,170,중간,0.2,급하락,0.6|0.6|0.5|0.3|0.3|0.2|0.4|0.4|0.4|0.3|0.2|0.2|0.2
파크골프클럽,670,170,500,높음,3.4,급하락,2.9|4.2|7.7|3.2|3.1|2.5|3.3|3.1|3.3|2.9|3.1|3.7|3.4
퍼터,11210,2270,8940,높음,60.2,급하락,100|93.5|74.0|61.3|58.8|56.4|71.7|74.1|73.1|64.7|62.1|65.2|60.2
자외선차단,850,230,620,높음,4.5,급상승,4.4|3.5|3.9|2.6|3.5|4.4|7.1|12.3|16.0|18.2|10.9|9.1|4.5
냉감용품,10,5,5,높음,1.1,급상승,0.0|0.1|0.3|1.1|1.1
클럽커버,140,40,100,높음,0.2,급하락,1.2|1.1|0.8|0.6|0.2|0.3|0.6|0.2|0.1|0.2|0.1|0.3|0.2
파크골프용품,6910,1120,5790,중간,87.8,유지,81.9|84.7|91.9|89.6|92.2|79.5|80.3|73.3|86.9|86.5|92.2|74.9|87.8
필드용품,90,20,70,높음,0.3,급하락,0.5|0.2|0.3|0.1|0.4|0.7|0.3|0.3|0.1|0.3
항공커버,2510,810,1700,높음,33.0,급하락,86.6|97.7|100|67.8|52.6|30.4|29.3|21.8|18.7|16.4|18.9|23.2|33.0
볼케이스,490,80,410,중간,5.6,급하락,11.4|9.9|7.3|3.1|1.7|3.5|7.6|7.5|6.5|7.5|5.1|5.3|5.6
연습용품,10,5,5,낮음,,,
우비,10550,2520,8030,높음,30.0,하락,92.2|84.2|36.6|34.9|25.6|25.8|42.6|55.9|74.8|63.1|100|46.3|30.0
기능성의류,200,30,170,높음,0.4,급하락,0.9|1.1|1.1|1.1|1.0|0.8|1.3|1.1|0.9|0.8|0.8|0.5|0.4
레인웨어,80,30,50,높음,0.0,급상승,0.1|0.2|0.0|0.0|0.0|0.2|0.3|0.2|0.6|0.0|0.0
데님셔츠,12090,5330,6760,높음,32.5,급하락,61.3|45.6|11.2|9.0|10.6|17.8|52.9|52.2|19.0|15.9|13.1|14.5|32.5
맨투맨티셔츠,1650,320,1330,높음,4.6,급하락,14.0|28.3|21.1|14.8|13.0|7.7|7.5|4.1|1.2|0.6|0.8|1.3|4.6
후드티셔츠,1110,230,880,높음,3.5,급하락,4.7|8.6|7.6|5.5|3.9|3.3|4.8|2.2|0.6|0.4|0.6|1.0|3.5
사파리,15180,4580,10600,높음,49.0,급하락,67.4|65.0|62.3|63.5|61.7|54.2|59.8|53.7|50.0|47.6|45.5|45.0|49.0
항공점퍼,9680,1590,8090,높음,31.7,급하락,37.4|97.1|100|62.5|52.2|56.8|74.1|29.5|9.9|4.9|5.7|11.3|31.7
야상점퍼,8640,880,7760,높음,28.6,급하락,20.3|41.8|35.8|21.4|20.2|25.9|48.4|20.0|5.3|1.3|2.0|8.0|28.6
가죽,4240,900,3340,높음,13.2,급하락,18.1|18.6|17.3|16.9|16.9|17.1|19.7|23.4|15.7|12.1|11.9|12.3|13.2
브리프,3280,720,2560,높음,5.2,유지,8.3|7.1|5.6|5.5|5.7|5.2|6.2|5.8|5.7|6.0|8.0|7.5|5.2
트렁크,11610,1610,10000,높음,18.2,하락,37.3|36.7|26.9|35.0|67.9|100|36.6|22.2|22.2|17.8|38.7|34.2|18.2
드로즈,6490,690,5800,중간,9.9,유지,12.4|11.5|10.4|9.6|10.0|8.0|7.4|6.8|7.3|7.3|10.0|14.9|9.9
긴팔드레스셔츠,10,5,5,높음,,,
긴팔캐쥬얼셔츠,10,5,5,높음,,,
반팔드레스셔츠,25,5,20,높음,0.2,하락,0.1|0.6|0.7|0.4|0.2
반팔캐쥬얼셔츠,10,5,5,낮음,,,
캐주얼 셋업,150,30,120,높음,0.2,급하락,0.8|0.5|0.1|0.1|0.2|0.1|0.2|0.4|0.1|0.1|0.0|0.0|0.2
가구거울,10,5,5,높음,,,
가죽소파,17190,2690,14500,높음,79.9,하락,94.4|100|70.4|70.9|96.9|76.8|74.0|63.7|67.3|67.2|71.2|75.2|79.9
슬랙스,17210,6710,10500,중간,13.6,급하락,15.6|15.8|12.9|11.7|11.1|10.7|20.1|21.8|13.6|12.2|10.9|10.4|13.6
정장상의,210,40,170,높음,0.1,급하락,0.2|0.3|0.2|0.2|0.2|0.2|0.2|0.2|0.1|0.1|0.1|0.1|0.1
정장하의,10,5,5,높음,,,
유아의자,3250,440,2810,중간,2.7,급하락,3.7|3.5|3.7|3.9|4.0|3.3|3.5|3.0|2.8|2.7|2.9|3.1|2.7
소파,58300,11500,46800,중간,57.6,급하락,100|83.2|53.1|50.3|65.0|48.6|51.5|45.3|46.7|44.3|44.3|45.2|57.6
주방 수납장,30810,5010,25800,중간,15.6,하락,16.8|17.4|20.7|19.1|19.6|17.3|18.7|15.6|14.9|13.6|14.0|15.3|15.6
책상,65100,14700,50400,중간,37.9,급하락,72.4|58.8|39.8|44.0|56.8|44.6|43.5|33.6|30.4|30.6|33.9|31.1|37.9
책장,44100,10200,33900,중간,22.1,하락,29.8|27.8|28.8|32.3|35.1|30.7|31.9|24.4|23.7|23.4|24.2|25.4|22.1
침대,112800,22600,90200,중간,57.5,급하락,100|90.4|63.5|64.6|77.8|61.8|61.7|55.4|50.8|50.0|47.3|48.8|57.5
시스템 거실장,65,5,60,높음,0.0,급하락,0.0|0.0|0.1|0.0|0.0|0.0|0.0|0.0|0.0|0.0|0.0|0.0
식탁단품,10,5,5,높음,0.0,유지,0.0
식탁세트,5970,990,4980,높음,8.4,급하락,12.2|11.3|11.2|12.8|11.5|10.0|10.3|9.4|9.6|8.0|8.0|8.7|8.4
식탁의자,62810,8310,54500,중간,86.2,하락,94.8|86.2|83.1|90.6|100|85.0|94.9|75.2|75.8|77.5|80.9|83.5|86.2
아일랜드 식탁,29250,5150,24100,중간,40.3,급하락,56.5|58.1|59.3|56.2|62.1|56.2|58.2|47.8|45.5|41.4|42.2|46.9|40.3
오피스의자,310,150,160,높음,0.3,하락,0.5|0.5|0.4|0.6|0.6|0.5|0.5|0.4|0.4|0.4|0.3|0.5|0.3
옷장,44030,8830,35200,중간,58.4,급하락,73.1|81.7|84.1|82.1|86.7|75.9|81.4|65.2|62.9|58.6|56.4|58.2|58.4
옷장세트,380,50,330,중간,0.4,급하락,0.6|0.7|0.7|0.8|0.8|0.7|0.8|0.7|0.6|0.5|0.5|0.6|0.4
스툴,13120,3740,9380,중간,16.4,하락,21.9|20.8|20.8|21.3|22.4|18.6|21.2|18.1|17.4|16.8|17.3|18.8|16.4
붙박이장,36380,8180,28200,중간,46.0,급하락,64.1|65.1|71.8|65.4|69.6|56.9|61.7|52.7|51.4|49.3|47.2|52.1|46.0
서랍장,52100,10000,42100,중간,68.2,급하락,91.2|95.6|96.7|94.5|100|88.8|97.8|80.8|77.7|73.8|70.7|73.5|68.2
서재 수납가구,10,5,5,낮음,,,
소파 악세사리,15,5,10,높음,0.0,유지,0.0
소파베드,17740,4040,13700,중간,54.9,급하락,96.2|90.2|96.1|72.9|75.7|63.5|65.0|51.1|52.9|49.6|53.3|58.8|54.9
수납가구,890,270,620,중간,2.6,급하락,5.2|3.3|3.8|4.5|4.7|3.7|4.2|3.4|3.4|3.1|3.1|2.9|2.6
거실장,22240,4240,18000,중간,67.7,급하락,95.8|91.4|95.4|94.6|100|87.3|91.2|78.5|79.1|74.5|71.5|74.5|67.7
드레스룸,12340,2470,9870,중간,7.2,급하락,10.9|9.9|11.1|11.1|10.3|8.3|9.5|8.3|7.2|6.8|6.3|6.6|7.2
렌지대,3670,1300,2370,중간,2.1,급하락,3.4|2.8|2.6|3.6|4.2|3.7|3.5|3.2|2.8|2.3|2.1|2.2|2.1
리클라이너,34100,5600,28500,중간,19.2,급상승,20.2|20.6|16.4|28.7|20.3|19.2|20.7|14.5|16.8|13.8|16.9|33.4|19.2
매트리스,141700,22900,118800,중간,75.7,급하락,100|87.9|57.0|57.9|70.1|58.5|56.5|49.7|45.9|47.6|50.4|46.4|75.7
벤치,10090,2570,7520,중간,5.8,하락,7.6|6.9|5.9|5.0|5.1|4.6|6.4|6.9|6.3|6.8|6.5|5.7|5.8
신발 정리대,5950,1200,4750,높음,19.6,급하락,50.1|42.9|42.6|45.9|39.6|34.0|46.8|29.3|30.0|25.8|22.2|20.2|19.6
신발장,22000,6400,15600,중간,70.0,급하락,100|92.8|96.8|93.2|96.0|83.6|99.4|81.6|80.5|74.5|74.0|71.3|70.0
원목 선반,5390,1900,3490,중간,17.5,하락,17.9|17.2|20.4|20.6|22.7|19.3|20.2|16.2|16.0|15.5|15.4|15.7|17.5
원목 수납장,5980,880,5100,중간,19.2,하락,22.6|22.1|22.2|25.0|28.7|25.5|27.2|22.2|23.0|20.4|21.1|22.1|19.2
원목 트롤리,710,90,620,높음,2.1,급하락,2.8|2.6|3.2|3.2|3.9|3.0|3.3|2.8|2.3|2.2|2.3|2.1|2.1
원목 행거,2090,360,1730,높음,5.5,급하락,7.3|9.8|10.9|11.2|11.5|8.2|10.0|6.7|5.7|5.0|5.8|5.1|5.5
이동형 행거,270,90,180,높음,0.4,급하락,0.6|0.9|1.3|1.8|1.3|1.0|1.1|0.7|0.3|0.4|0.3|0.4|0.4
전신거울,24180,4880,19300,중간,62.2,하락,80.1|79.6|86.8|87.7|96.0|88.8|100|81.9|76.1|70.7|67.2|70.7|62.2
거울 행거,320,70,250,높음,0.5,급하락,1.2|1.4|1.7|3.4|3.9|2.1|2.0|1.1|1.0|0.8|0.7|0.6|0.5
드레스룸 행거,3810,730,3080,높음,9.8,급하락,18.5|20.2|31.2|18.8|21.0|13.2|15.3|11.8|13.4|11.0|9.0|11.6|9.8
디자인 의자,620,180,440,높음,1.7,급하락,3.1|2.8|3.3|2.9|3.6|2.7|3.2|3.5|3.0|2.2|2.0|1.7|1.7
바 체어,2460,760,1700,높음,7.1,하락,10.1|8.7|10.0|9.0|8.4|7.6|8.7|8.8|8.5|7.5|7.7|8.8|7.1
벽 선반,14600,4000,10600,중간,41.7,급하락,53.9|53.8|58.9|61.1|59.8|50.6|55.6|47.1|48.4|42.9|42.7|44.7|41.7
사이드 테이블,27760,4960,22800,중간,80.5,하락,84.8|80.9|81.8|94.4|100|89.6|97.8|75.8|74.8|60.2|60.6|68.6|80.5
선반 행거,1200,220,980,높음,3.3,급하락,4.8|5.5|6.4|4.5|5.2|4.7|5.2|3.9|3.7|3.3|3.2|3.6|3.3
패브릭소파,11890,2280,9610,중간,14.1,급하락,22.4|18.4|23.2|18.6|22.2|16.5|17.6|15.7|15.8|14.7|13.7|15.8|14.1
협탁,14820,3520,11300,중간,18.8,급하락,25.8|26.1|28.7|29.9|30.8|25.9|26.9|22.0|21.0|19.1|19.4|19.7|18.8
화장대,54290,8790,45500,중간,70.2,하락,80.1|78.0|81.0|86.4|100|90.6|93.9|73.1|83.4|78.8|75.7|74.3|70.2
확장형 식탁,15800,1900,13900,중간,20.7,급상승,13.3|14.3|15.6|18.6|18.7|18.2|17.7|17.1|15.6|14.6|14.5|17.7|20.7
침대세트,880,170,710,높음,1.1,하락,1.2|1.2|1.2|1.3|1.5|1.1|1.1|1.8|1.7|1.0|1.1|1.1|1.1
테라스,7340,1310,6030,높음,8.9,하락,11.3|10.9|9.2|9.3|8.4|7.4|9.2|10.5|10.6|9.5|8.6|10.0|8.9
야외가구,630,260,370,높음,0.8,하락,1.0|0.6|0.5|0.4|0.4|0.5|0.9|1.5|1.3|0.7|0.6|0.5|0.8
토퍼,69000,10400,58600,중간,85.5,급하락,100|99.3|89.8|93.8|93.8|90.3|82.2|73.3|70.8|65.8|67.7|69.3|85.5
티테이블,5660,1050,4610,중간,7.0,급하락,9.7|9.0|10.6|9.8|11.1|9.2|10.5|8.7|8.2|7.7|7.4|7.7|7.0
라탄 정리함,120,20,100,높음,0.0,급하락,0.1|0.1|0.1|0.1|0.1|0.1|0.2|0.1|0.2|0.1|0.0|0.1|0.0
매쉬망 정리함,10,5,5,낮음,,,
먼지떨이,960,270,690,중간,1.0,유지,1.2|0.9|1.0|1.0|1.0|0.9|1.1|1.0|1.0|1.0|1.0|1.0|1.0
멀티탭,70500,18800,51700,중간,72.9,하락,94.0|87.6|92.7|93.5|100|82.5|87.5|70.1|74.4|78.6|86.8|78.9|72.9
기타 생필품,10,5,5,낮음,,,
다리미판,10530,1810,8720,높음,10.9,하락,14.9|15.2|10.2|7.5|7.8|7.7|12.4|14.7|16.0|13.9|12.6|11.3|10.9
다용도걸이,430,110,320,중간,2.2,급상승,1.9|2.0|1.7|2.1|2.3|2.1|2.7|2.1|2.1|1.8|2.7|3.1|2.2
데스크 정리용품,40,20,20,중간,0.1,급하락,0.1|0.1|0.1|0.1|0.0|0.0|0.1|0.1
플라스틱 트롤리,140,20,120,높음,0.4,상승,0.5|0.4|0.4|0.3|0.6|0.3|0.6|0.4|0.2|0.4|0.3|0.6|0.4
건조대,4930,1120,3810,중간,30.0,급하락,44.8|53.7|100|78.1|79.4|73.6|71.0|35.8|34.1|32.0|37.0|34.5|30.0
구강 케어,260,60,200,높음,1.1,급상승,0.5|0.6|0.4|0.7|0.8|0.7|1.7|0.9|1.8|1.2|1.3|0.9|1.1
그외 청소용품,10,5,5,낮음,,,
접이식 테이블,39930,9030,30900,높음,73.6,급하락,99.3|91.9|91.6|96.5|100|85.6|89.7|81.6|78.5|70.3|67.5|67.2|73.6
철제 선반,38910,7410,31500,중간,71.9,급하락,69.3|66.1|78.9|59.3|54.3|45.7|55.5|50.9|45.2|45.7|46.3|48.1|71.9
철제 수납장,5210,1330,3880,높음,9.8,급하락,18.9|17.4|18.2|18.5|19.9|18.0|19.5|14.7|13.6|12.5|12.0|12.1|9.8
철제 트롤리,1420,270,1150,중간,2.6,유지,3.0|3.1|2.8|2.9|4.3|3.0|3.7|2.6|2.5|3.1|2.6|3.3|2.6
틈새 서랍장,5650,840,4810,높음,69.0,하락,69.1|70.5|83.0|82.2|93.3|79.5|91.9|69.3|68.2|64.4|65.5|73.5|69.0
틈새 트롤리,2500,390,2110,중간,30.9,급상승,18.7|17.1|23.2|24.6|42.8|44.5|51.6|39.0|37.9|36.7|36.4|34.5|30.9
플라스틱 선반,950,220,730,높음,11.0,급하락,16.8|14.9|16.5|15.7|14.7|13.3|17.1|13.8|13.3|13.8|13.7|12.9|11.0
플라스틱 수납장,2260,450,1810,높음,27.2,급하락,44.4|46.6|44.1|36.4|42.9|38.1|42.1|31.5|29.0|25.0|27.4|30.5|27.2
속옷 정리함,3540,560,2980,중간,43.5,급하락,54.6|54.3|99.1|100|99.3|79.3|73.3|57.6|57.7|51.0|47.7|48.8|43.5
수건,64100,11400,52700,중간,52.2,급하락,100|77.4|45.3|47.3|55.0|48.9|47.0|44.1|40.9|43.8|51.1|49.5|52.2
타월,4460,940,3520,중간,3.1,하락,4.8|4.4|3.8|4.3|4.4|3.9|3.9|3.8|3.5|3.4|4.3|4.2|3.1
압축백,410,100,310,높음,0.3,급하락,0.3|0.4|0.3|0.3|0.3|0.3|0.3|0.3|0.3|0.3|0.2|0.2|0.3
압축팩,6440,980,5460,중간,4.5,급하락,4.9|4.9|4.3|5.2|4.4|3.8|5.3|5.0|4.3|4.4|3.0|3.3|4.5
서류함,1850,890,960,중간,1.3,하락,1.6|1.3|1.7|2.0|2.2|1.8|2.0|1.9|1.4|1.3|1.3|1.3|1.3
섬유유연제,42720,5420,37300,높음,38.7,유지,44.6|43.7|40.8|49.4|49.7|40.0|48.3|42.6|44.2|42.0|47.8|47.4|38.7
세탁 acc,10,5,5,낮음,,,
세탁세제,62900,10400,52500,높음,65.6,하락,100|77.2|35.7|40.0|50.9|44.0|58.9|48.9|47.6|51.2|53.7|53.0|65.6
분리수거함,28770,7370,21400,중간,25.9,하락,32.7|30.1|30.4|30.6|31.4|27.8|34.0|27.2|26.2|27.3|27.0|28.7|25.9
빨래용품,15,5,10,높음,,,
생리대,28210,3510,24700,중간,45.1,하락,60.0|49.0|49.7|74.3|100|70.9|91.1|68.3|54.0|51.6|54.1|50.6|45.1
모니터 받침대,30400,14800,15600,중간,49.1,하락,59.0|51.5|60.9|72.2|94.9|83.2|90.2|68.2|49.6|50.5|55.1|52.7|49.1
방향제,15670,4070,11600,중간,24.4,급하락,46.8|44.1|40.9|44.4|43.6|30.7|33.7|30.2|28.1|25.9|32.7|26.3|24.4
우산꽂이,9230,2720,6510,높음,14.9,하락,29.5|24.8|16.3|18.6|13.3|13.9|25.5|23.2|25.2|23.6|32.3|20.1|14.9
원목 바스켓,15,5,10,높음,0.0,상승,0.0|0.0|0.0|0.0|0.0
종이 정리함,260,70,190,높음,0.4,급하락,0.9|0.5|0.7|0.9|1.1|0.8|0.9|0.7|0.7|0.7|0.6|0.5|0.4
책꽂이,17340,4540,12800,높음,38.9,급하락,60.8|55.2|55.8|64.9|82.7|69.5|82.8|55.6|50.7|48.8|46.9|44.5|38.9
독서대,26330,6330,20000,중간,60.1,하락,73.5|60.5|66.0|81.6|100|82.7|87.6|65.4|56.3|55.4|62.7|67.8|60.1
욕실소품,130,30,100,높음,0.2,급하락,0.4|0.3|0.4|0.4|0.4|0.4|0.4|0.4|0.4|0.4|0.3|0.3|0.2
욕실수납,1220,250,970,높음,2.7,유지,3.3|3.3|3.4|4.3|4.7|3.9|4.3|3.2|3.7|3.4|3.7|3.7|2.7
욕실패브릭,10,5,5,높음,,,
욕실화,11290,2070,9220,중간,57.2,급하락,100|82.8|77.9|69.4|67.5|59.7|66.4|59.4|58.1|57.9|72.8|73.8|57.2
옷커버,1480,380,1100,높음,7.6,급하락,17.6|21.0|20.4|12.9|12.2|12.0|18.3|18.8|14.8|10.7|7.9|6.6|7.6
와이어 정리함,10,5,5,높음,,,
욕실 청소용품,630,160,470,높음,2.9,급상승,2.9|2.8|2.3|3.1|3.3|3.0|3.2|2.5|2.8|3.7|3.8|3.9|2.9
욕실매트,9970,1700,8270,중간,14.9,하락,16.0|16.8|23.6|19.3|18.5|17.2|17.8|14.8|15.9|16.0|18.3|17.4|14.9
액세서리 정리함,10,5,5,높음,0.0,유지,0.0
여행수납,25,5,20,높음,0.0,유지,0.0|0.0
옷걸이,38590,7490,31100,중간,56.9,급하락,70.1|87.8|97.1|100|93.7|78.0|85.2|74.5|67.5|60.2|56.1|54.0|56.9
휴지통,12830,2890,9940,중간,18.9,하락,24.2|23.9|24.6|23.3|25.4|23.4|24.1|20.2|20.6|20.9|23.7|22.1|18.9
가위,17660,5060,12600,중간,36.4,급하락,86.4|68.1|20.0|17.4|24.6|17.5|24.3|20.3|17.1|17.4|17.8|16.3|36.4
과일포크,1160,150,1010,높음,1.1,유지,1.3|1.1|1.0|1.1|1.2|1.1|1.3|1.1|1.1|1.0|1.1|1.2|1.1
교자상,12180,1880,10300,중간,12.1,하락,14.1|12.5|9.6|11.5|14.5|15.3|10.3|8.9|8.6|7.9|8.3|9.1|12.1
글라스잔,390,50,340,중간,0.3,유지,0.4|0.4|0.4|0.4|0.5|0.4|0.4|0.3|0.4|0.3|0.4|0.4|0.3
냄비,28130,5830,22300,중간,44.9,급하락,100|78.0|33.2|36.0|47.3|33.5|34.5|28.6|25.9|26.0|27.0|28.0|44.9
냄비받침,3920,760,3160,중간,30.1,급하락,41.1|45.2|47.2|58.2|57.0|38.2|40.2|34.8|36.8|32.7|32.4|32.7|30.1
플라스틱 정리함,560,180,380,높음,3.8,급하락,7.6|6.1|7.0|7.0|6.3|6.3|7.3|5.7|4.8|4.7|4.5|4.5|3.8
햄퍼,1450,330,1120,높음,11.0,유지,13.0|10.5|9.5|9.5|11.4|10.9|25.8|16.0|11.6|11.2|10.5|10.3|11.0
행잉 오거나이저,490,70,420,높음,3.4,급상승,0.9|1.6|1.2|1.1|6.2|21.1|14.2|11.0|10.1|9.7|5.9|4.1|3.4
화장품 정리함,8350,1210,7140,높음,65.1,하락,84.7|67.4|75.7|85.4|100|88.7|94.2|64.9|62.0|62.4|64.9|67.4|65.1
탈취제,33580,7680,25900,중간,80.1,상승,85.1|85.9|65.5|68.3|72.4|68.4|84.3|77.5|72.7|72.6|100|95.1|80.1
테이프 클리너,2690,540,2150,중간,6.5,하락,5.1|5.7|7.3|9.4|8.7|6.7|6.9|6.1|6.1|5.1|5.4|5.4|6.5
패브릭 정리함,360,40,320,높음,0.8,급하락,3.3|3.4|1.5|1.3|1.5|1.4|1.5|1.0|1.0|0.9|0.8|0.7|0.8
플라스틱 서랍장,12400,2000,10400,중간,29.9,급하락,39.4|41.7|39.6|37.4|41.3|37.6|43.5|34.6|34.3|31.2|31.3|32.7|29.9
철제정리함,300,50,250,높음,0.6,하락,0.7|0.5|0.5|0.7|0.9|0.7|0.9|0.6|0.4|0.4|0.3|0.6|0.6
청소,5410,1180,4230,높음,11.2,급하락,19.7|14.8|14.6|14.6|17.8|12.6|14.7|13.4|14.8|12.1|11.6|12.0|11.2
주방세제,27140,5640,21500,중간,60.6,하락,81.4|78.1|74.0|91.2|100|78.9|97.3|82.0|62.1|67.7|74.3|70.0|60.6
잡곡통,990,150,840,높음,2.2,하락,2.9|2.5|2.5|2.7|2.9|2.2|2.5|2.3|2.1|2.1|1.9|2.2|2.2
아이스트레이,670,150,520,높음,1.3,급상승,1.9|1.1|1.1|0.9|1.0|1.0|1.7|4.6|6.9|3.8|2.8|2.3|1.3
압력솥,17620,2620,15000,중간,39.0,하락,49.2|49.8|46.3|53.6|67.7|44.6|41.5|34.3|37.3|34.1|43.8|39.7|39.0
앞치마,43350,8150,35200,중간,69.0,급하락,100|86.7|82.3|89.4|90.5|82.3|97.6|88.0|79.4|71.8|70.8|69.6|69.0
주방장갑,2660,300,2360,중간,4.3,하락,3.8|4.0|5.2|6.1|6.9|6.1|5.6|2.9|2.7|2.9|3.0|3.2|4.3
양념통,8910,1600,7310,중간,14.1,하락,20.7|17.4|14.8|16.0|19.1|15.5|16.2|13.2|12.4|12.3|13.9|15.1|14.1
얼음통,930,210,720,중간,1.4,급상승,2.4|1.4|1.2|1.4|1.3|1.5|2.1|4.7|6.3|4.1|3.7|2.8|1.4
와인용품,240,50,190,높음,0.3,급하락,0.5|0.6|0.5|0.7|0.5|0.4|0.3|0.2|0.2|0.3|0.3|0.2|0.3
숟가락,15110,3410,11700,중간,44.7,급하락,100|82.0|22.7|19.8|26.5|20.8|27.5|23.5|20.8|20.7|21.7|20.5|44.7
술잔,2210,590,1620,중간,3.1,급하락,5.5|4.7|5.4|5.8|4.9|4.0|4.3|4.1|3.7|3.1|3.0|2.9|3.1
스테인레스용기,160,60,100,높음,0.1,급하락,0.2|0.4|0.4|0.1|0.4|0.2|0.1|0.2|0.2|0.1|0.1|0.1|0.1
식거건조대,10,5,5,낮음,,,
식기단품,10,5,5,낮음,,,
식기세트,3520,650,2870,높음,15.4,급하락,25.5|19.3|20.7|24.9|24.8|21.6|19.3|15.9|16.1|14.6|15.7|17.2|15.4
식탁매트,15070,1570,13500,높음,66.9,하락,70.8|62.7|73.5|77.7|87.5|75.2|76.7|65.9|62.2|57.8|60.1|63.6|66.9
쌀통,20240,3940,16300,높음,85.0,하락,100|89.5|96.9|86.0|90.2|68.8|74.2|71.4|71.2|69.4|74.8|84.1|85.0
저그,2030,340,1690,높음,8.8,하락,11.8|11.8|10.5|10.0|10.5|9.0|9.6|9.2|9.9|9.3|9.6|9.6|8.8
밀폐용기,12760,3670,9090,중간,55.9,유지,66.5|54.8|50.1|54.0|61.0|54.1|61.3|55.2|48.7|47.3|60.5|59.1|55.9
보온,740,170,570,높음,2.4,급하락,3.9|5.2|6.8|6.2|5.5|3.3|3.1|3.0|2.7|2.9|2.8|2.5|2.4
보냉용품,10,5,5,높음,0.0,유지,0.0|0.0|0.1|0.0
수세미,21400,3700,17700,중간,73.2,급하락,100|92.2|85.8|83.1|82.0|70.7|76.7|68.6|68.8|67.6|72.5|75.0|73.2
수세미홀더,170,30,140,높음,0.3,급하락,1.0|2.2|1.8|2.0|2.0|1.8|1.9|1.6|1.5|0.9|0.4|0.8|0.3
수저받침,3310,590,2720,중간,11.4,하락,15.7|15.0|13.8|17.3|18.5|15.0|15.4|11.8|12.4|11.5|12.2|12.8|11.4
수저통,11950,1990,9960,중간,20.0,급하락,29.7|27.4|24.9|26.0|28.5|25.0|25.7|20.7|19.9|19.5|22.1|23.1|20.0
다용도상,120,10,110,높음,0.1,급상승,0.1|0.1|0.1|0.1|0.2|0.2|0.1|0.0|0.1|0.1|0.1|0.1|0.1
도마,46200,9200,37000,중간,77.5,하락,100|90.9|81.2|83.0|96.1|75.0|74.1|69.8|70.7|65.8|72.2|75.7|77.5
도시락스푼,15,5,10,높음,,,
도시락케이스,320,70,250,높음,0.4,급하락,0.6|0.6|0.5|0.4|0.5|0.4|0.7|0.6|0.5|0.4|0.2|0.3|0.4
돌솥,3810,620,3190,높음,17.1,급하락,24.7|24.8|26.0|27.1|30.4|24.0|24.4|19.2|20.5|19.2|19.0|17.8|17.1
러너,5290,1280,4010,높음,24.6,급하락,37.2|29.5|33.5|28.6|23.9|20.7|26.5|19.5|18.4|20.5|17.9|21.0|24.6
머그,1160,200,960,높음,5.3,급하락,6.9|7.4|10.5|9.4|8.9|7.5|8.2|5.7|5.9|4.5|4.6|5.0|5.3
트레이,15180,3280,11900,중간,69.2,급하락,100|88.7|92.8|90.0|94.5|77.1|85.7|75.6|69.5|68.3|70.8|70.0|69.2
티스푼,2580,560,2020,중간,12.2,급하락,17.8|17.8|17.1|19.2|21.1|18.3|17.9|15.8|13.7|12.4|12.7|13.3|12.2
퐁듀,2220,340,1880,높음,3.1,급하락,4.8|5.1|4.7|6.5|4.3|3.5|3.6|3.3|4.3|4.6|4.2|3.0|3.1
플라스틱용기,4460,1290,3170,높음,6.5,하락,7.1|6.9|6.1|5.4|6.9|6.3|8.5|9.3|6.5|6.3|6.5|6.0|6.5
피크닉 도시락,4500,890,3610,높음,6.5,급하락,7.8|6.4|2.8|0.9|1.1|2.0|10.4|20.8|12.0|4.2|1.9|1.8|6.5
필러,13130,3240,9890,높음,41.9,급하락,100|81.4|20.1|18.8|28.0|20.8|26.3|20.8|18.5|18.8|18.4|16.3|41.9
믹싱볼,3820,820,3000,중간,5.5,하락,6.7|6.5|7.2|6.8|8.0|7.4|7.6|6.4|5.9|6.2|6.2|6.2|5.5
행주,14950,2350,12600,중간,4.9,하락,7.1|5.7|4.9|5.6|6.2|5.3|6.1|4.9|5.2|5.5|5.5|5.2|4.9
칼,18380,4280,14100,중간,12.9,급하락,32.1|25.0|7.7|7.3|10.2|7.1|8.6|6.8|6.6|6.2|6.7|6.5|12.9
커트러리,9900,1860,8040,중간,3.4,급하락,4.7|4.1|4.6|5.3|5.0|4.7|4.1|4.4|4.0|3.5|3.4|3.5|3.4
커피,233100,12300,220800,중간,82.3,상승,74.1|86.9|71.0|69.7|69.3|71.1|72.9|75.9|90.0|77.0|78.5|100|82.3
티잔,290,40,250,높음,0.1,급하락,0.2|0.1|0.2|0.2|0.2|0.1|0.1|0.1|0.1|0.1|0.0|0.1|0.1
커피용품,1630,430,1200,높음,1.0,하락,1.2|1.2|1.2|1.2|1.3|1.1|1.3|1.2|1.1|1.0|1.1|1.1|1.0
컵,13270,3170,10100,중간,19.0,급하락,46.8|36.9|10.0|10.5|12.7|10.0|12.1|9.8|8.6|7.5|6.9|8.1|19.0
컵받침,3520,960,2560,중간,2.2,하락,3.3|2.7|2.7|3.0|2.7|2.2|2.3|2.3|2.3|2.4|2.8|2.8|2.2
텀블러,122200,27600,94600,중간,73.7,유지,96.2|76.3|77.4|83.5|83.6|78.4|94.7|90.1|92.2|87.9|84.9|100|73.7
주방선반,13400,2000,11400,중간,8.6,하락,10.9|10.0|11.2|11.2|11.9|10.6|11.1|9.1|9.1|8.7|8.9|9.2|8.6
주방잡화,30,10,20,높음,0.0,급하락,0.7|0.1|0.2|0.1|0.3|0.0
주방타올,880,220,660,높음,4.2,하락,6.6|4.2|3.6|6.8|4.2|3.6|3.9|5.1|3.4|3.2|4.0|3.9|4.2
주병,290,40,250,중간,1.0,급하락,1.6|1.4|1.2|1.3|1.4|1.1|1.1|0.9|1.0|1.0|1.0|0.8|1.0
주전자,8950,1500,7450,중간,38.1,급하락,57.3|72.3|92.9|100|95.7|65.3|60.9|49.1|44.2|37.5|36.9|37.6|38.1
집게,15780,3580,12200,중간,63.9,하락,86.3|81.1|75.4|76.0|75.0|64.4|77.3|75.2|70.1|66.5|67.6|65.7|63.9
찜솥,2770,480,2290,중간,9.1,급하락,12.1|11.5|12.2|12.2|12.1|9.9|8.3|6.7|6.2|6.1|7.6|7.7|9.1
와인잔,10760,2320,8440,높음,35.4,급하락,53.0|54.8|60.2|100|65.5|43.8|51.6|44.5|42.9|35.4|34.4|35.2|35.4
유리용기,2050,440,1610,높음,6.8,급하락,11.6|10.4|9.8|8.8|10.7|7.9|9.1|8.3|6.9|7.9|7.7|7.5|6.8
유아식기,2070,410,1660,중간,6.8,하락,8.3|6.6|6.9|8.2|9.8|7.6|8.4|8.6|7.9|6.7|6.4|6.8|6.8
인퓨저,450,90,360,중간,1.3,급하락,2.4|2.3|3.0|2.9|2.6|1.5|1.6|1.4|1.3|1.0|0.9|1.1|1.3
젓가락,13240,1940,11300,높음,16.3,하락,21.8|21.9|20.2|21.1|21.2|18.1|21.6|20.1|19.3|17.7|17.9|17.7|16.3
제빵용품,140,30,110,높음,0.1,급하락,0.1|0.0|0.2|0.2|0.2|0.1|0.2|0.1|0.0|0.0|0.1|0.1|0.1
조리도구,2520,520,2000,중간,3.1,급하락,4.9|3.7|4.0|4.5|6.0|4.4|4.4|3.6|3.1|3.3|3.2|3.3|3.1
주방매트,14590,2290,12300,중간,18.1,급하락,29.1|32.0|28.6|32.3|35.6|25.8|25.7|18.6|19.8|19.0|20.0|19.8|18.1
암막커튼,72800,10400,62400,중간,89.7,하락,85.3|88.6|100|92.3|90.7|70.9|77.2|77.3|89.1|78.9|70.2|67.5|89.7
에어컨커버,24240,3340,20900,중간,70.2,급하락,70.9|100|69.0|45.9|31.2|20.9|24.7|22.5|22.8|16.8|18.6|27.5|70.2
오픈형슬리퍼,10,5,5,높음,,,
요커버,2620,630,1990,높음,7.9,하락,9.2|9.5|6.8|7.2|8.5|7.6|8.0|7.2|6.9|6.6|6.2|6.6|7.9
유아배게,450,30,420,중간,1.2,급하락,1.8|1.7|1.9|2.1|2.4|2.1|2.3|1.9|1.6|1.4|1.4|1.3|1.2
유아이불,1390,180,1210,높음,4.0,급하락,5.7|9.9|7.9|6.3|5.9|4.1|5.2|4.3|3.6|2.6|2.3|2.5|4.0
이불세트,11310,2150,9160,중간,52.9,급하락,78.3|88.4|73.2|82.7|90.6|100|88.2|57.6|50.1|35.5|34.4|44.5|52.9
이불요,1090,180,910,높음,4.8,급하락,9.0|9.6|7.4|9.1|9.6|8.4|9.8|7.8|6.4|5.6|5.2|4.7|4.8
베개솜,4800,720,4080,높음,22.2,급하락,36.7|35.8|29.5|55.8|35.3|30.1|26.7|23.4|23.9|23.8|24.4|23.8|22.2
블랑캣,690,140,550,높음,3.1,하락,4.3|4.0|3.7|4.4|4.2|3.7|3.1|3.0|2.8|2.7|3.0|3.6|3.1
빅쿠션,390,40,350,높음,1.7,급하락,2.7|2.5|2.0|2.4|2.4|2.2|2.3|1.8|2.0|1.9|1.9|2.1|1.7
선풍기커버,7350,1240,6110,중간,31.4,급하락,29.4|78.1|58.0|25.9|14.1|7.7|6.7|7.3|15.5|23.0|17.2|11.8|31.4
속커튼,880,230,650,높음,3.7,급하락,5.2|4.7|6.4|4.6|6.0|4.8|5.1|4.4|4.3|3.9|3.9|3.6|3.7
솜 토퍼,150,20,130,높음,0.4,급하락,0.5|0.7|0.6|0.5|0.5|0.4|0.2|0.2|0.2|0.1|0.4|0.4
쇼파패드,14150,1750,12400,중간,60.3,급하락,78.7|77.9|76.0|59.4|50.7|38.7|47.5|47.2|55.0|55.0|53.8|46.7|60.3
수면안대,21850,3350,18500,중간,93.5,유지,100|86.9|82.1|80.7|80.1|86.4|99.4|88.2|96.3|92.5|89.7|97.3|93.5
매트리스커버,20810,3810,17000,중간,39.7,급하락,51.2|54.6|46.5|43.4|48.6|50.4|47.3|42.4|42.3|39.3|37.3|37.7|39.7
목쿠션,2690,670,2020,높음,5.2,급하락,7.2|6.8|6.2|5.1|5.8|4.6|6.7|7.2|5.1|4.2|4.8|4.8|5.2
무릎담요,9160,2110,7050,중간,18.2,급하락,30.3|60.4|62.7|53.6|40.6|24.4|16.8|6.9|7.1|7.1|7.1|8.6|18.2
바디필로우,50160,6460,43700,중간,95.6,유지,100|90.6|79.9|74.5|79.6|74.6|76.2|69.6|82.9|81.3|86.7|98.9|95.6
발란스,1370,350,1020,높음,2.5,급하락,3.9|3.6|3.6|3.4|3.4|2.8|3.5|3.4|3.2|2.9|3.1|2.9|2.5
발매트,23110,5210,17900,중간,57.1,급하락,80.4|79.9|84.7|85.0|84.8|67.7|73.4|57.0|56.4|59.0|63.3|62.9|57.1
방석,21790,5490,16300,중간,53.9,급하락,75.6|76.9|74.3|71.0|73.1|57.5|70.5|55.6|49.6|46.6|52.2|56.0|53.9
배게커버,6600,860,5740,중간,17.1,급상승,14.5|15.2|13.9|19.5|22.0|20.7|21.0|19.3|20.2|19.8|19.7|18.3|17.1
후라이팬,120,30,90,중간,66.3,하락,87.9|77.3|68.8|78.3|100|74.8|78.7|69.5|66.8|64.7|66.6|68.4|66.3
구스다운,2980,620,2360,높음,7.4,급하락,16.3|44.3|80.7|96.5|51.6|15.4|4.8|2.3|2.1|2.1|3.0|5.0|7.4
극세사이불,13020,2020,11000,중간,16.8,급하락,19.3|73.0|88.0|72.5|55.4|28.9|14.9|7.0|6.0|3.9|3.9|4.9|16.8
기타패브릭,10,5,5,낮음,,,
덮개형슬리퍼,10,5,5,낮음,,,
등쿠션,4610,1050,3560,중간,5.9,급하락,7.7|8.3|7.2|6.6|9.6|6.9|6.3|10.7|4.8|4.8|4.9|5.5|5.9
러그,41200,11600,29600,중간,53.3,급하락,60.7|84.3|100|88.7|76.7|63.5|73.7|49.2|42.8|38.6|39.4|41.5|53.3
레이스커튼,2710,400,2310,중간,58.9,유지,66.2|58.7|68.5|90.4|90.9|82.8|100|90.0|96.4|79.6|68.2|64.5|58.9
강아지_기타훈련용품,10,5,5,낮음,,,
강아지_껌,10,5,5,낮음,,,
강아지_노즈워크,10,5,5,낮음,,,
강아지_매너밸트,10,5,5,낮음,,,
강아지_배변봉투,10,5,5,낮음,,,
강아지_배변판,10,5,5,낮음,,,
강아지_배변패드,10,5,5,낮음,,,
강아지_소시지,10,5,5,낮음,,,
스프레드,7430,1610,5820,높음,25.2,급하락,37.2|36.3|36.8|53.1|100|55.4|41.1|31.9|30.9|27.2|25.2|25.1|25.2
홑겹이불,210,30,180,높음,0.9,급상승,1.3|0.9|0.7|0.5|0.4|0.7|1.1|1.9|3.8|4.7|4.7|1.5|0.9
PVC매트,9910,1500,8410,중간,72.7,상승,73.8|71.5|68.5|72.8|85.5|72.0|100|71.5|69.1|75.6|80.4|83.0|72.7
강아지_건식사료,10,5,5,낮음,,,
강아지_기저귀,10,5,5,낮음,,,
강아지_기타간식,10,5,5,낮음,,,
캐노피,28910,8410,20500,중간,70.9,하락,99.5|89.1|75.4|65.8|66.0|53.1|76.8|91.7|100|92.1|92.9|80.4|70.9
커튼 액세서리,10,5,5,낮음,,,
커튼봉,9610,2110,7500,중간,27.6,급하락,36.0|42.0|47.1|50.5|46.5|37.3|39.7|37.9|39.3|34.0|31.2|32.0|27.6
쿠션솜,2280,300,1980,높음,6.6,하락,8.0|8.3|7.2|7.0|7.6|6.3|7.5|6.9|6.6|6.6|7.2|7.0|6.6
쿠션커버,7610,1110,6500,중간,22.0,하락,29.9|27.3|25.0|24.5|24.2|20.0|26.5|22.5|24.7|24.6|23.6|22.3|22.0
쿨매트,6550,4930,1620,높음,17.1,급상승,12.3|5.1|3.6|3.4|4.3|5.0|12.4|42.2|62.0|100|98.6|41.5|17.1
티슈커버,450,100,350,높음,1.1,급하락,2.4|2.0|1.7|2.5|2.3|2.2|2.2|1.7|1.4|1.2|1.6|1.4|1.1
이불커버,9940,1870,8070,중간,27.2,급하락,32.7|62.8|60.6|53.8|49.6|37.2|33.7|26.0|21.4|14.6|12.5|15.3|27.2
일반블라인드,15,5,10,중간,,,
일반솜,10,5,5,낮음,,,
일반커튼,70,10,60,높음,0.0,급하락,0.0|0.0|0.1|0.0|0.0|0.0|0.0|0.0|0.0|0.0|0.0|0.0
전기매트,44870,5970,38900,높음,36.1,급하락,24.2|92.3|100|65.1|45.1|21.6|13.7|7.6|4.6|2.7|2.7|4.5|36.1
좌식쿠션,350,70,280,중간,0.2,하락,0.3|0.3|0.3|0.3|0.4|0.3|0.3|0.3|0.2|0.2|0.2|0.3|0.2
차렵이불,32700,6300,26400,높음,26.2,급하락,29.8|40.7|28.0|24.4|23.6|23.6|27.2|24.7|21.2|13.6|11.0|11.3|26.2
카페트,17800,3700,14100,높음,14.1,급하락,19.0|28.0|28.0|25.4|22.2|17.6|18.0|14.7|13.0|10.8|10.4|11.3|14.1
고양이_캣타워,10,5,5,낮음,,,
고양이_탈취,10,5,5,낮음,,,
고양이_터널,10,5,5,낮음,,,
고양이_파우치,10,5,5,낮음,,,
고양이_화장실,10,5,5,낮음,,,
고양이_화장실매트,10,5,5,낮음,,,
관상어_용품,10,5,5,낮음,,,
기타 식기용품,10,5,5,낮음,,,
고양이_소독,10,5,5,낮음,,,
고양이_스낵,10,5,5,낮음,,,
고양이_스크래쳐,10,5,5,낮음,,,
고양이_습식사료,10,5,5,낮음,,,
고양이_영양제,10,5,5,낮음,,,
고양이_저키,10,5,5,낮음,,,
고양이_캔,10,5,5,낮음,,,
고양이_캣그라스,10,5,5,낮음,,,
강아지_트릿,10,5,5,낮음,,,
강아지_파우치,10,5,5,낮음,,,
강아지_팬티,10,5,5,낮음,,,
계단,5570,1340,4230,높음,67.7,급하락,100|92.4|91.6|86.7|81.7|73.3|93.2|91.2|87.5|76.0|69.3|66.6|67.7
고양이_건식사료,10,5,5,낮음,,,
고양이_기타장난감,10,5,5,낮음,,,
고양이_모래,10,5,5,낮음,,,
고양이_모래삽,10,5,5,낮음,,,
강아지_수제간식,10,5,5,낮음,,,
강아지_스낵,10,5,5,낮음,,,
강아지_습식사료,10,5,5,낮음,,,
강아지_영양제,10,5,5,낮음,,,
강아지_입마개,10,5,5,낮음,,,
강아지_장난감,10,5,5,낮음,,,
강아지_저키,10,5,5,낮음,,,
강아지_캔,10,5,5,낮음,,,
치아관리,380,70,310,높음,1.3,유지,1.0|0.9|0.9|0.9|1.1|1.0|1.3|0.9|0.6|0.6|0.7|0.8|1.3
카시트,37500,5800,31700,높음,87.7,하락,100|97.5|90.1|89.9|99.2|89.3|92.0|83.4|89.3|81.8|84.1|89.8|87.7
크리너,380,100,280,중간,0.8,급하락,1.4|1.0|1.2|1.4|1.6|1.1|1.2|1.1|0.9|1.0|0.9|0.8|0.8
탈취,2060,470,1590,중간,7.9,급하락,18.6|13.4|11.9|12.2|11.7|9.6|10.9|10.6|10.4|9.8|9.6|9.2|7.9
하네스,18920,4220,14700,중간,71.9,하락,94.2|85.9|79.0|70.0|69.7|59.5|81.4|100|83.9|78.0|68.4|69.2|71.9
하우스,6750,920,5830,높음,23.8,급하락,33.2|33.6|33.8|36.9|49.5|36.0|36.8|32.3|31.6|24.9|26.2|24.7|23.8
가든용품,60,20,40,높음,0.0,급상승,0.1|0.0|0.1|0.0|0.1|0.3|0.8|0.6|0.3|0.0|0.0
옷,18000,2100,15900,중간,64.9,급하락,90.2|94.1|77.3|73.1|70.5|67.9|76.5|75.4|78.9|71.5|66.7|64.0|64.9
울타리,7070,1490,5580,높음,4.3,하락,5.6|5.1|4.9|4.7|4.3|4.5|6.4|6.1|5.8|4.9|4.4|4.6|4.3
이동가방,260,50,210,중간,0.1,급하락,0.3|0.2|0.2|0.2|0.1|0.1|0.2|0.2|0.1|0.1|0.2|0.2|0.1
이발기,2420,630,1790,중간,1.5,급상승,1.6|1.3|1.6|1.6|1.2|1.0|1.0|1.2|1.5|3.9|11.9|1.3|1.5
자동급식기,5610,1310,4300,높음,3.5,급하락,6.7|6.7|5.6|5.3|5.0|3.4|3.6|2.3|2.1|2.0|3.1|2.8|3.5
정수기,72700,17500,55200,중간,63.7,하락,75.5|84.6|76.8|63.2|67.0|58.2|66.1|60.5|78.5|100|75.4|63.4|63.7
사료보관통,330,60,270,높음,39.6,급하락,100|79.0|72.9|66.5|79.3|53.3|49.4|53.2|61.9|49.7|60.4|57.6|39.6
소동물_용품,0,0,0,,,,
소동물·곤충_간식,0,0,0,,,,
소동물·곤충_사료,0,0,0,,,,
소동물·곤충_영양제,0,0,0,,,,
식기,2750,560,2190,중간,5.8,급하락,8.6|8.1|7.6|8.5|8.4|7.4|7.7|7.3|7.0|6.9|6.6|6.3|5.8
안전문,3910,530,3380,높음,8.6,급하락,15.6|13.5|13.6|12.5|13.5|9.0|10.7|9.1|10.0|9.6|10.5|10.3|8.6
드라이용품,10,5,5,낮음,,,
목줄,2850,500,2350,중간,6.3,급하락,9.7|9.1|11.2|8.0|7.5|6.2|6.3|5.9|6.3|5.7|5.6|5.6|6.3
브러쉬,11960,3090,8870,중간,53.2,급하락,100|87.5|26.6|21.2|28.6|24.0|32.9|26.3|20.8|23.0|23.2|21.4|53.2
트리,4520,880,3640,중간,3.3,급하락,4.5|16.4|100|94.5|4.5|2.2|2.0|1.8|1.9|1.8|1.8|2.1|3.3
트리장식,420,90,330,중간,0.3,급하락,0.3|1.8|11.9|17.4|0.4|0.2|0.1|0.1|0.0|0.0|0.1|0.1|0.3
팬던트 조명,3650,1240,2410,높음,2.9,급하락,4.2|3.8|5.5|4.1|4.4|3.6|4.5|3.9|3.3|3.1|3.2|3.2|2.9
포스터,12910,3900,9010,높음,9.7,급하락,15.2|13.9|15.0|13.7|12.8|11.7|13.8|11.6|12.1|11.2|9.7|9.0|9.7
월아트,140,40,100,높음,0.0,급하락,0.1|0.1|0.0|0.1|0.1|0.0|0.1|0.1|0.2|0.1|0.0|0.1|0.0
플라워,8820,1160,7660,높음,2.8,급하락,3.9|4.4|3.6|3.9|3.9|3.5|4.0|3.5|3.9|3.0|2.9|3.2|2.8
식물,22220,2720,19500,중간,6.9,상승,6.8|5.8|5.0|4.4|5.2|5.9|7.5|7.1|7.0|6.6|6.6|6.6|6.9
오피스용품,230,100,130,높음,0.1,급하락,0.1|0.1|0.1|0.1|0.1|0.1|0.1|0.1|0.1|0.0|0.0|0.1|0.1
월데코,130,30,100,높음,0.0,급하락,0.0|0.0|0.0|0.0|0.0|0.0|0.0|0.0|0.0|0.0|0.0|0.0|0.0
캘린더,321800,187100,134700,높음,100,상승,94.4|69.5|53.0|68.9|73.5|70.6|58.5|70.6|75.0|58.9|68.2|73.8|100
크리스마스 소품,810,230,580,높음,0.3,급하락,0.6|3.4|23.9|24.7|0.5|0.1|0.0|0.0|0.0|0.0|0.0|0.1|0.3
크리스마스 장식,2490,560,1930,높음,0.8,급하락,1.5|5.6|28.0|28.9|0.6|0.2|0.2|0.2|0.2|0.2|0.3|0.3|0.8
크리스마스 조명,4000,380,3620,높음,1.3,급하락,0.2|0.8|4.9|8.5|0.2|0.1|0.1|0.1|0.0|0.0|0.1|0.1|1.3
크리스마스 트리,10360,2690,7670,높음,3.2,급하락,4.8|21.2|100|93.8|2.6|1.1|0.9|0.7|0.8|0.8|0.9|1.4|3.2
테이블 조명,1790,420,1370,높음,0.6,급하락,1.0|1.2|1.3|1.2|1.3|1.4|1.1|0.8|0.7|0.6|0.6|0.6|0.6
벽장식,780,170,610,높음,1.5,급하락,2.6|2.5|3.2|3.8|3.4|3.0|3.1|2.3|2.0|1.8|1.8|1.6|1.5
벽조명,4640,1180,3460,중간,9.4,하락,11.3|10.9|13.2|13.6|14.2|12.6|13.8|11.7|10.0|9.4|9.9|9.8|9.4
직부등,5840,2100,3740,중간,11.4,하락,14.2|12.7|13.8|14.0|13.9|11.4|13.7|12.5|11.8|11.7|11.7|11.7|11.4
선물포장,5750,1010,4740,높음,11.6,급하락,13.5|10.8|13.9|28.6|12.6|11.7|9.6|10.5|9.2|7.2|7.1|8.5|11.6
벽시계,31440,7040,24400,중간,61.4,급하락,100|82.5|83.2|90.3|91.3|75.7|81.4|65.1|63.0|60.7|73.0|69.6|61.4
액자,29400,7700,21700,높음,16.9,하락,20.0|18.6|19.9|20.3|20.8|17.8|19.8|17.4|17.7|15.2|15.0|16.1|16.9
앨범,7480,1690,5790,중간,4.1,급하락,7.5|7.6|6.9|7.9|7.9|6.1|5.9|5.1|5.1|4.5|4.3|4.7|4.1
거울,21250,5650,15600,중간,23.2,급하락,52.5|39.6|13.9|13.0|18.5|13.6|16.8|15.8|14.0|12.9|12.7|12.5|23.2
노트류,10,5,5,낮음,,,
다이어리,31590,9190,22400,중간,18.1,급하락,21.5|31.9|55.2|100|66.9|22.4|17.8|12.7|11.2|11.9|12.8|15.4|18.1
데코소품,15,5,10,높음,,,
문구데코,10,5,5,낮음,,,
미술도구,580,110,470,높음,52.0,급하락,75.9|59.4|63.3|100|70.6|58.4|79.9|68.1|63.7|57.5|54.1|52.9|52.0
섀딩,150,20,130,높음,9.4,급하락,23.4|23.5|21.8|22.3|18.0|15.3|18.9|13.2|14.7|7.1|7.5|8.3|9.4
치크블러셔,150,10,140,높음,10.3,급상승,15.1|9.7|21.0|29.6|31.5|23.8|22.8|23.7|29.6|29.6|32.8|18.8|10.3
컨투어,670,150,520,중간,0.9,급하락,1.5|1.6|1.4|1.3|1.2|1.1|1.3|1.0|1.0|0.9|0.9|1.0|0.9
하이라이터,7000,1030,5970,중간,10.0,급하락,13.6|15.0|13.6|15.2|14.5|14.1|15.3|12.2|11.9|10.4|10.1|10.8|10.0
아이라이너,13500,2900,10600,중간,42.4,급하락,100|75.2|23.8|18.1|21.8|18.6|24.8|20.6|16.4|16.6|16.6|15.4|42.4
아이브로우,5910,850,5060,높음,8.1,하락,10.4|9.9|9.6|9.9|10.7|9.5|9.6|8.8|8.5|8.1|8.8|8.7|8.1
아이섀도우,4210,1230,2980,중간,5.2,하락,5.9|6.7|5.2|5.5|6.0|5.3|5.4|5.0|4.8|4.1|4.2|5.4|5.2
립밤,35470,9870,25600,중간,51.6,급하락,100|96.3|66.8|73.6|68.3|40.7|36.6|29.7|25.1|23.0|22.4|24.4|51.6
립스틱,12070,2240,9830,중간,12.2,급하락,14.4|14.7|14.4|18.5|16.8|12.4|13.9|11.8|11.0|9.5|10.8|11.9|12.2
틴트,12280,1380,10900,중간,12.5,급하락,16.4|15.1|14.6|14.3|17.1|13.6|14.3|13.4|12.5|11.6|12.4|12.1|12.5
메이크업베이스,3180,480,2700,중간,3.1,급하락,5.0|4.9|4.6|4.2|4.5|4.2|4.9|4.5|4.1|3.2|3.2|3.3|3.1
프라이머,22620,4220,18400,중간,22.6,급하락,32.4|32.0|27.1|24.0|22.5|18.8|24.7|23.9|22.9|21.6|23.0|24.5|22.6
마스카라,8570,2060,6510,높음,16.2,급하락,18.5|22.2|19.1|19.4|21.6|17.0|22.1|25.9|25.6|20.5|15.2|16.8|16.2
플래너,5690,1470,4220,중간,11.0,급하락,16.0|15.9|19.6|29.8|27.1|14.5|17.3|11.9|11.0|11.7|13.3|11.9|11.0
플로어 조명,690,170,520,높음,1.2,하락,1.5|1.4|1.7|1.8|2.1|2.1|2.2|1.8|1.6|1.4|1.5|1.3|1.2
필기류,70,20,50,높음,0.0,급하락,0.1|0.1|0.0|0.1|0.1|0.1|0.1|0.0|0.0|0.0|0.0|0.0
필통,20180,2980,17200,높음,39.2,급하락,53.4|42.7|47.4|61.5|78.4|100|68.8|43.8|35.4|38.7|35.2|40.6|39.2
화병,9980,1860,8120,중간,55.9,급하락,87.1|73.7|81.1|79.3|79.2|75.2|100|86.4|81.1|67.2|63.5|58.7|55.9
DIY,7840,2220,5620,중간,41.9,급하락,69.9|62.1|68.0|73.1|59.4|48.2|53.9|47.4|45.1|43.9|46.4|44.3|41.9
립글로즈,1280,260,1020,중간,6.6,급하락,7.1|9.6|16.7|20.8|21.5|13.5|9.7|8.2|7.6|6.8|6.5|6.1|6.6
CC,3880,1090,2790,높음,21.2,급하락,34.1|31.6|31.6|30.7|27.8|24.6|29.1|26.9|24.4|22.3|21.4|20.4|21.2
키트&팔레트,10,5,5,낮음,,,
컨실러,8970,1540,7430,중간,9.9,급하락,14.1|15.0|14.8|15.4|14.9|12.6|14.2|12.6|11.9|9.8|10.0|12.1|9.9
파운데이션,20620,4820,15800,중간,43.3,급하락,100|78.6|26.2|26.4|33.8|25.7|33.0|29.2|25.3|23.0|23.1|22.4|43.3
팩트,7200,1150,6050,중간,7.8,급하락,14.4|13.0|14.1|14.0|12.7|9.4|10.8|10.2|9.6|8.8|8.2|8.4|7.8
보습,1280,250,1030,중간,1.4,급하락,3.6|3.7|3.9|3.6|3.1|2.2|2.4|1.9|1.6|2.2|1.5|1.3|1.4
바디소품,10,5,5,높음,,,
페이스소품,10,5,5,낮음,0.2,유지,0.2
헤어소품,40,10,30,높음,0.1,급하락,0.4|0.1|0.1|0.1|0.1|0.1
지류,3870,1190,2680,높음,56.5,급하락,100|85.6|79.9|80.0|75.7|72.0|78.1|70.4|64.5|59.2|58.6|56.5|56.5
헤어기기,150,30,120,높음,1.0,급하락,2.1|1.6|2.1|2.4|3.1|2.3|1.8|1.0|1.0|0.7|1.2|1.0|1.0
네일세트,210,40,170,높음,1.7,급하락,3.7|2.9|2.9|5.4|4.6|3.6|3.1|2.9|3.3|3.1|3.3|1.9|1.7
네일케어도구,80,10,70,높음,0.1,급하락,0.3|0.1|0.1|0.0|0.1|0.1|0.2|0.2|0.1|0.1|0.1
아트&스티커,10,5,5,낮음,,,
일반네일,140,20,120,중간,0.2,급하락,0.8|0.6|0.7|0.7|0.7|0.6|0.5|0.5|0.6|0.7|0.6|0.4|0.2
젤네일,21920,2420,19500,중간,59.9,하락,94.7|81.2|76.8|88.6|100|87.1|85.5|78.8|93.8|96.0|93.5|76.3|59.9
기타기기,10,5,5,낮음,,,
바디기기,45,5,40,높음,0.1,유지,0.1|0.1|0.0|0.0|0.0|0.0|0.1|0.1|0.2|0.0|0.0|0.1
페이스기기,25,5,20,높음,0.0,유지,0.0|0.0|0.0
세트,4000,910,3090,높음,17.6,급하락,26.3|21.8|22.7|23.9|25.4|21.0|21.4|20.3|19.7|17.1|17.9|17.0|17.6
하의,680,80,600,높음,3.0,급하락,4.1|4.3|4.7|3.9|3.5|3.0|2.9|3.1|2.6|2.3|3.2|2.7|3.0
상의,15090,790,14300,높음,72.6,급상승,35.6|29.3|29.0|28.4|26.2|22.7|25.9|23.1|21.0|31.2|100|83.7|72.6
시계스트랩,1770,400,1370,중간,10.6,하락,11.9|11.7|9.1|9.5|9.9|8.9|10.0|9.7|9.9|9.9|9.8|10.1|10.6
남성귀걸이,160,20,140,높음,0.6,급하락,2.4|2.7|0.9|1.0|1.0|1.1|0.6|0.8|2.0|0.9|0.8|1.4|0.6
남성브로치,70,10,60,높음,0.1,급하락,0.2|0.5|0.5|0.3|0.2|0.2|0.2|0.2|0.1|0.0|0.1|0.1
공용슈즈,10,5,5,낮음,,,
슬립온,10540,2360,8180,높음,63.7,급하락,91.6|99.8|70.4|59.4|53.2|58.4|97.3|100|89.6|73.9|61.4|55.5|63.7
일반 스니커즈,10,5,5,낮음,,,
뮬,124800,35600,89200,높음,81.1,유지,90.6|86.6|84.8|85.6|91.3|85.8|100|96.3|94.5|91.2|89.1|86.3|81.1
뮬 스니커즈,1440,200,1240,높음,0.9,급하락,1.8|1.6|0.7|0.3|0.4|0.7|2.2|2.2|1.7|1.3|0.8|0.6|0.9
방한부츠,1920,330,1590,높음,1.3,급하락,1.6|7.3|21.3|26.5|15.7|8.4|2.8|0.1|0.1|0.1|0.3|0.6|1.3
블로퍼,6000,1140,4860,높음,4.1,급하락,6.9|5.8|3.0|2.0|2.0|2.6|5.2|5.2|4.1|3.2|2.5|2.4|4.1
스포츠샌들,840,180,660,높음,6.1,급상승,11.5|5.8|5.2|4.4|6.7|5.1|10.0|25.4|45.8|60.4|58.8|22.8|6.1
슬라이드,2950,770,2180,높음,21.3,하락,36.3|31.3|28.2|26.7|27.7|25.4|30.8|32.7|35.2|33.6|34.1|28.2|21.3
클로그,8330,1490,6840,중간,63.6,급상승,53.0|61.8|47.9|34.3|29.8|33.8|56.5|76.0|86.5|80.4|81.0|63.9|63.6
플립플랍,2130,340,1790,높음,15.7,급상승,22.4|13.4|10.4|11.5|13.2|30.7|21.5|41.9|78.3|100|93.8|45.9|15.7
드레스부츠,40,10,30,높음,0.0,유지,0.0|0.1|0.0
앵클,690,150,540,높음,0.1,급하락,0.2|0.2|0.2|0.2|0.2|0.1|0.2|0.2|0.2|0.1|0.1|0.1|0.1
숏 부츠,500,60,440,높음,0.1,급하락,0.1|0.2|0.3|0.4|0.2|0.1|0.1|0.0|0.0|0.0|0.0|0.0|0.1
미들,1490,320,1170,낮음,0.3,급하락,0.5|0.4|0.5|0.4|0.4|0.4|0.4|0.4|0.3|0.3|0.3|0.3|0.3
하프 부츠,580,60,520,높음,0.1,급하락,0.2|0.3|0.3|0.3|0.2|0.1|0.1|0.0|0.0|0.0|0.0|0.1
스포츠,335100,15800,319300,높음,65.9,하락,92.0|99.2|60.1|44.2|45.4|45.1|62.2|82.6|81.5|100|77.8|60.2|65.9
캐주얼샌들,35,5,30,높음,0.0,상승,0.0|0.3|0.6|0.4|0.0
롱 부츠,12860,1860,11000,높음,31.0,급하락,37.2|70.8|100|93.9|50|23.3|16.6|9.4|6.5|4.7|5.5|10.0|31.0
고무팩,1140,530,610,중간,2.8,급하락,2.4|2.9|5.2|4.3|3.3|2.8|4.6|3.1|3.3|3.7|2.8|2.4|2.8
마스크시트,450,140,310,높음,1.0,급하락,2.0|1.6|2.2|1.6|1.9|1.7|1.9|1.6|1.6|1.2|1.5|1.4|1.0
모델링팩,13320,2220,11100,높음,32.2,급하락,60.7|52.2|42.4|38.5|38.0|34.6|39.0|35.8|42.4|42.3|39.2|42.6|32.2
부분패치,10,5,5,낮음,0.1,유지,0.1
스킨케어,7650,4880,2770,높음,49.6,급하락,88.1|89.4|73.8|88.3|96.8|79.7|100|93.4|32.0|36.4|34.9|35.0|49.6
헤어케어,590,130,460,중간,3.8,급하락,8.3|4.3|7.6|8.4|8.2|7.1|7.4|6.1|5.0|4.5|4.4|4.2|3.8
화장품세트,3540,510,3030,중간,24.1,급하락,28.6|21.9|25.1|32.4|32.8|32.6|25.2|24.6|20.6|15.2|14.2|17.0|24.1
여성레인부츠,260,60,200,높음,1.2,급상승,4.2|4.8|0.6|1.2|0.5|1.0|4.3|8.9|20.0|14.4|25.4|1.8|1.2
여성슈즈,790,100,690,높음,32.3,급하락,47.0|40.4|29.6|24.6|18.5|25.3|51.2|53.0|49.3|40.8|32.2|26.6|32.3
여성일반스니커즈,10,5,5,낮음,,,
날면도기,760,180,580,높음,33.0,급하락,48.2|45.8|37.0|41.0|43.2|35.2|36.6|34.1|33.7|30.4|32.6|37.2|33.0
바디케어,1670,280,1390,중간,70.8,하락,100|68.5|72.6|74.9|76.0|74.3|87.5|79.6|79.6|69.2|71.2|87.1|70.8
쉐이빙케어,10,5,5,높음,,,
남성레인부츠,490,60,430,높음,14.2,급상승,32.1|38.7|7.9|4.1|2.3|3.7|16.6|27.7|66.3|51.6|100|14.4|14.2
남성슈즈,160,40,120,높음,1.9,급하락,7.1|5.5|7.0|6.5|4.4|3.9|6.8|6.7|4.7|3.2|2.5|2.4|1.9
남성일반스니커즈,10,5,5,낮음,,,
필링파우더,10,5,5,낮음,,,
필링패드,460,90,370,중간,11.8,급하락,19.3|17.4|18.3|19.2|21.3|16.5|16.4|17.0|16.6|16.0|15.5|16.3|11.8
필링젤,5130,950,4180,중간,37.4,하락,59.9|53.3|50.8|49.7|56.4|49.8|49.4|45.1|43.9|42.0|49.3|47.3|37.4
필링크림,80,20,60,높음,0.1,급하락,0.6|0.9|0.6|0.5|0.7|0.4|0.2|0.2|0.3|0.3|0.1|0.1|0.1
스킨케어세트,660,340,320,중간,2.9,급하락,2.8|2.1|2.7|4.4|5.0|4.3|3.0|2.7|2.6|1.3|1.2|1.4|2.9
세럼,10000,2310,7690,중간,70.2,급하락,76.5|77.8|89.7|90.7|91.2|77.2|92.5|100|75.7|61.8|58.4|65.0|70.2
필링토너,120,10,110,높음,0.5,급하락,0.5|0.5|0.3|0.0|0.1|0.2|0.1|0.1|0.0|0.3|0.5
워시오프,190,30,160,높음,1.2,급하락,2.3|2.1|2.6|1.6|2.7|2.0|1.5|2.1|2.1|1.8|1.9|2.1|1.2
코팩,4950,800,4150,중간,53.8,하락,88.2|100|60.1|54.5|54.8|48.4|54.7|56.0|59.5|62.1|83.8|72.5|53.8
선쿠션,2580,470,2110,중간,28.5,급상승,36.7|24.8|22.4|22.0|28.9|31.4|60.0|86.5|92.5|73.9|59.1|41.5|28.5
수면팩,2090,380,1710,중간,22.6,급하락,35.6|36.9|43.5|43.5|45.7|36.4|37.9|30.3|27.0|24.2|18.6|20.0|22.6
아이패치,5070,970,4100,높음,55.2,하락,71.8|57.9|71.8|71.9|69.1|58.3|63.9|69.6|65.1|59.7|56.1|55.7|55.2
미스트,15930,2630,13300,중간,48.7,급하락,51.5|61.5|83.3|84.6|100|70.9|61.9|53.8|51.2|45.4|42.9|46.9|48.7
스킨,7100,1040,6060,중간,21.2,급하락,32.1|30.0|29.7|28.8|31.8|28.9|29.4|27.3|27.8|23.0|22.7|23.5|21.2
토너,8800,2250,6550,중간,27.4,급하락,39.0|38.9|40.2|41.8|44.6|36.9|40.5|34.1|31.7|34.2|33.7|31.1|27.4
바타입,15,5,10,높음,,,
워터,3310,580,2730,중간,9.4,하락,12.6|11.1|11.2|13.0|12.5|11.2|32.9|26.5|19.4|12.5|11.7|11.4|9.4
티슈,3020,640,2380,중간,7.6,하락,10.2|9.8|9.8|11.7|12.9|9.5|11.1|10.2|8.7|8.2|8.6|8.9|7.6
폼,12390,5270,7120,높음,30.8,급하락,53.1|43.7|41.3|42.1|34.0|27.3|38.7|34.1|32.2|33.5|33.0|30.2|30.8
아이크림,19600,6800,12800,중간,51.3,급하락,75.8|79.3|78.5|91.0|100|75.7|80.3|69.9|45.0|41.5|39.6|42.7|51.3
올인원,6310,1070,5240,중간,16.5,급하락,23.1|22.0|22.7|23.8|24.3|20.1|21.3|20.1|19.6|17.9|17.2|17.4|16.5
페이셜오일,270,40,230,높음,0.6,급하락,1.1|1.9|2.3|2.4|1.9|1.2|0.9|0.8|0.5|0.2|0.2|3.5|0.6
페이셜크림,550,40,510,높음,2.7,급하락,2.0|2.5|4.2|3.7|3.9|3.1|3.0|2.2|1.5|1.1|1.1|1.4|2.7
립아이리무버,125,5,120,높음,0.4,하락,0.5|0.4|0.5|1.0|0.8|0.4|0.6|0.4|0.2|0.4|0.5|0.3|0.4
앰플,9290,2290,7000,중간,53.4,급하락,70.5|68.4|78.6|94.9|100|87.0|89.7|75.3|65.0|61.1|60.0|52.8|53.4
넥크림,5210,890,4320,높음,30.4,급하락,37.4|64.3|49.1|47.3|45.2|38.1|40.3|33.9|28.4|23.6|20.2|32.0|30.4
남성배드민턴의류,100,10,90,높음,0.2,급하락,0.6|0.4|0.1|0.1|0.2|0.1|0.4|0.4|0.3|0.3|0.2|0.4|0.2
반다나,22350,3850,18500,높음,66.5,급상승,89.1|62.3|46.9|43.9|34.3|45.7|60.0|68.1|99.3|84.3|100|90.0|66.5
여성보드의류,10,5,5,낮음,,,
여성스키의류,10,5,5,낮음,,,
남성스키의류,10,5,5,낮음,,,
남성보드의류,10,5,5,낮음,,,
방한,2030,430,1600,높음,4.5,급하락,5.3|10.6|9.3|10.0|8.8|4.5|4.4|5.3|5.0|5.8|3.6|4.3|4.5
남성자전거의류,25,5,20,높음,0.1,급상승,0.0|0.0|0.0|0.0|0.0|0.1
여성자전거의류,150,20,130,높음,0.2,급하락,0.4|0.2|0.0|0.1|0.3|0.5|0.6|0.4|0.1|0.0|0.2
기능성웨어,25,5,20,높음,0.0,하락,0.0|0.0|0.0|0.0|0.0
킥보드,21270,2770,18500,중간,46.6,급하락,63.2|100|63.0|47.9|29.4|29.7|53.7|75.2|66.9|53.1|36.7|33.3|46.6
트레이닝복 세트,4210,890,3320,높음,17.0,급하락,56.1|100|82.1|57.3|56.0|51.5|71.3|50.4|31.2|16.0|9.4|9.6|17.0
언더레이어상의,10,5,5,높음,0.0,유지,0.1|0.0
언더레이어하의,10,5,5,낮음,0.0,유지,0.0
언더웨어상의,10,5,5,높음,,,
남성의류,2340,710,1630,높음,9.6,급하락,16.4|15.7|14.3|11.2|10.4|9.4|14.5|14.0|10.9|7.9|7.8|7.0|9.6
트레이닝세트,17540,2140,15400,높음,37.7,급하락,37.6|55.0|42.4|33.7|37.0|35.1|50.8|39.4|21.6|13.7|13.8|14.3|37.7
언더웨어하의,10,5,5,높음,,,
헤드밴드,1420,330,1090,높음,2.9,유지,5.6|4.0|4.0|4.4|4.5|3.4|3.6|4.0|4.7|4.2|5.8|4.6|2.9
신생아화,10,5,5,낮음,,,
장화,15450,2750,12700,높음,33.0,유지,70.5|58.1|34.7|25.3|23.6|27.7|47.1|54.3|80.8|59.0|100|30.9|33.0
신발주머니,4440,940,3500,높음,2.3,유지,3.2|2.5|2.3|2.6|3.7|5.0|4.5|3.1|2.8|2.7|2.7|2.8|2.3
캐리어,124800,24200,100600,높음,63.9,하락,96.0|82.3|78.4|83.4|100|82.1|71.6|67.0|62.3|63.4|83.7|83.6|63.9
구두,23810,4310,19500,높음,12.3,급하락,18.1|17.5|14.9|13.0|12.3|11.7|16.8|14.7|12.9|10.3|8.7|10.0|12.3
단화,8700,1440,7260,높음,4.6,급하락,8.0|7.3|5.7|4.9|4.9|4.6|6.3|6.1|5.2|3.9|3.3|3.5|4.6
부티,3800,690,3110,높음,2.0,급하락,3.1|3.2|3.3|3.5|2.9|2.1|2.3|2.1|2.0|1.8|2.1|1.8|2.0
면류,90,20,70,높음,0.0,급하락,0.8|0.1|0.1|0.1|0.0|0.1|0.1|0.1|0.1|0.1|0.0|0.1|0.0
소스류,90,20,70,높음,0.0,급하락,0.1|0.0|0.1|0.1|0.1|0.1|0.1|0.1|0.0|0.1|0.0|0.0|0.0
김,45690,6490,39200,중간,73.1,급하락,93.8|84.1|90.0|99.3|100|86.0|80.1|67.3|65.9|64.3|67.2|69.0|73.1
손가방,2890,410,2480,중간,4.8,급하락,10.8|8.7|6.5|7.1|6.3|5.4|6.5|6.1|6.5|6.3|5.9|5.4|4.8
숄더,2650,400,2250,높음,4.2,하락,5.2|5.1|5.3|5.3|4.8|4.3|4.7|4.2|4.1|4.3|4.2|4.2|4.2
수입과자,2350,540,1810,높음,21.0,하락,32.8|27.2|27.4|32.1|35.9|25.0|30.4|26.8|24.4|23.5|23.6|26.0|21.0
Tea,3360,630,2730,중간,30.9,급하락,46.3|43.2|45.0|46.7|48.0|39.1|44.1|39.3|35.0|31.0|32.8|31.0|30.9
꼬치,8890,1000,7890,중간,79.8,하락,82.7|100|71.5|76.7|70.5|78.3|62.0|66.4|71.8|62.1|65.3|61.0|79.8
파티복,530,90,440,높음,4.3,급하락,6.0|6.7|11.1|13.8|4.8|4.6|4.6|4.3|4.6|4.0|3.7|4.2|4.3
쫄바지,470,60,410,높음,3.7,급하락,7.0|12.5|13.4|12.9|10.9|5.9|7.6|5.9|5.4|3.7|3.8|3.8|3.7
상하 세트,310,40,270,중간,0.2,급하락,0.4|0.4|0.4|0.3|0.3|0.3|0.4|0.3|0.3|0.2|0.2|0.1|0.2
수영복,53300,12600,40700,높음,38.2,급상승,60.2|42.4|44.7|47.1|53.5|45.3|49.6|47.2|53.0|68.5|100|73.0|38.2
실내복,3710,480,3230,중간,2.7,급하락,3.4|6.1|5.4|4.5|4.0|3.6|4.4|3.2|2.6|1.6|1.4|1.3|2.7
내의,1190,170,1020,높음,0.9,급하락,1.3|2.5|3.2|3.3|2.5|1.2|1.1|1.0|1.0|0.7|0.7|0.6|0.9
스웨트,520,80,440,높음,0.3,급하락,0.6|0.7|0.8|0.6|0.5|0.4|0.5|0.4|0.4|0.3|0.3|0.3|0.3
아웃도어,5810,1370,4440,높음,33.0,급하락,51.5|70.4|70.0|53.9|43.3|35.9|45.8|45.7|43.4|33.4|33.7|33.4|33.0
스키웨어,25,5,20,높음,0.4,급상승,0.1|0.5|1.3|0.8|0.4
상하복,1700,290,1410,중간,9.3,급하락,12.0|19.2|11.5|8.5|9.9|18.4|27.1|10.9|5.7|4.0|3.0|3.1|9.3
바디수트,6050,750,5300,중간,34.5,하락,43.4|41.2|35.5|36.1|43.5|34.6|40.5|36.4|37.2|32.3|37.9|36.3|34.5
배냇저고리,16280,2080,14200,높음,69.4,급하락,95.6|100|86.7|81.7|90.1|69.3|74.6|67.1|69.4|70.1|70.1|70.9|69.4
배냇가운,1330,140,1190,높음,1.4,급하락,1.8|1.8|2.0|2.0|2.1|1.4|1.2|0.8|0.9|0.8|0.8|1.2|1.4
잠옷,51640,7140,44500,높음,53.2,급하락,63.1|98.6|93.8|100|82.0|66.2|72.2|67.8|67.8|58.6|61.1|61.1|53.2
한복,51740,7840,43900,높음,53.9,급하락,65.8|49.7|28.4|25.5|36.0|46.7|28.2|28.8|30.5|23.3|20.9|28.6|53.9
우주복,6840,1030,5810,중간,7.2,급하락,8.8|16.5|17.8|15.3|11.3|5.7|5.5|4.3|3.5|3.2|3.4|4.1|7.2
스윔웨어,880,140,740,높음,0.8,급상승,1.6|1.1|1.0|1.0|1.4|1.1|1.1|1.3|2.2|3.0|5.4|3.2|0.8
내의류,10,5,5,높음,,,
집업,5460,870,4590,높음,7.4,급하락,9.1|14.6|10.3|7.8|7.2|6.4|9.4|6.3|3.7|2.3|2.3|3.3|7.4
발레복,19460,2460,17000,높음,27.0,하락,24.4|28.3|39.3|33.0|32.9|27.2|31.5|25.7|25.7|24.6|24.7|29.0|27.0
보드복,3360,700,2660,높음,4.7,급하락,5.6|9.4|23.4|43.9|41.7|16.2|2.4|0.8|0.7|0.8|2.1|2.9|4.7
스키복,6660,1400,5260,높음,9.3,급하락,11.3|21.5|49.2|100|99.9|40.4|5.6|2.0|1.9|2.0|3.5|5.9|9.3
스키용품,250,70,180,높음,0.1,급하락,0.2|0.3|0.6|1.6|1.6|0.6|0.1|0.0|0.0|0.1|0.1|0.1
아웃도어용품,50,30,20,높음,0.0,급하락,0.0|0.0|0.0|0.0|0.0|0.0|0.0|0.0|0.0
목도리,6250,1160,5090,높음,4.2,급하락,6.4|25.8|73.0|100|47.5|12.3|3.7|2.0|1.5|1.2|1.6|2.3|4.2
물놀이용품,920,190,730,높음,0.6,급상승,1.0|0.4|0.4|0.5|0.6|0.5|0.6|0.8|1.7|4.2|11.0|5.6|0.6
배낭중형,10,5,5,낮음,,,
멀티스카프,990,220,770,중간,6.8,급하락,13.0|11.6|24.8|15.3|13.9|11.7|18.0|25.9|18.5|14.1|11.1|8.6|6.8
암벽화,1790,350,1440,중간,12.3,하락,18.1|15.2|13.8|13.0|15.9|13.9|16.8|14.7|14.9|13.5|14.7|14.4|12.3
트래킹화,10750,2300,8450,중간,75.3,급하락,93.5|100|85.1|68.1|66.6|70.1|94.6|86.3|82.0|63.6|55.6|60.5|75.3
두건,5080,790,4290,높음,35.7,하락,62.3|47.9|46.3|43.4|39.8|37.5|43.2|44.4|48.6|44.1|49.7|47.7|35.7
여성등산화,4990,790,4200,중간,35.4,급하락,33.2|39.6|38.0|36.0|34.6|29.6|40.9|36.3|33.7|23.8|15.7|20.7|35.4
클라이밍,31930,4130,27800,높음,26.9,하락,36.4|34.0|28.1|29.9|35.9|30.7|30.5|26.0|30.4|30.2|33.4|32.8|26.9
공용등산화,10,5,5,높음,0.2,유지,0.1|0.2
남성등산화,2890,540,2350,중간,2.5,급하락,2.1|2.7|3.2|2.8|2.6|1.9|2.5|2.1|2.1|1.7|1.3|1.5|2.5
스패츠,2400,790,1610,중간,2.1,급하락,3.6|4.3|8.1|21.6|22.4|6.4|2.4|1.8|1.6|1.4|1.6|1.6|2.1
아이젠,12160,3150,9010,높음,10.4,급하락,8.7|15.5|32.3|100|77.7|29.3|11.0|5.7|5.6|4.9|5.9|7.6|10.4
스토퍼,9120,2730,6390,높음,69.3,급하락,100|85.9|87.4|90.3|87.7|74.2|84.8|85.7|74.8|77.6|74.7|72.6|69.3
캠핑백,230,50,180,높음,1.1,급하락,1.9|1.7|0.8|0.3|0.3|0.3|0.6|1.2|1.5|1.1|0.9|1.0|1.1
캠핑웨어,110,10,100,높음,0.5,급하락,1.3|1.9|0.7|0.3|0.1|0.1|0.4|0.3|0.5|0.2|0.1|0.1|0.5
미디스커트,5880,870,5010,높음,45.7,급상승,32.8|31.7|28.8|27.0|22.6|23.4|37.6|39.7|43.5|35.7|34.8|35.5|45.7
노와이어브라,6570,810,5760,높음,51.5,하락,87.5|63.0|58.0|61.7|71.0|61.9|76.0|84.0|82.4|76.2|71.6|64.0|51.5
브라렛,8430,1000,7430,높음,37.6,급상승,54.1|41.2|33.2|32.4|36.8|36.6|47.8|53.8|64.1|62.5|70.4|58.2|37.6
반팔블라우스,2190,270,1920,높음,9.8,급상승,26.9|4.8|3.2|3.4|4.7|6.2|15.9|41.8|78.9|78.8|65.8|36.9|9.8
롱스커트,13010,1510,11500,높음,59.3,급하락,100|92.8|59.7|47.5|39.7|43.8|85.8|90.2|74.7|60.0|48.8|45.4|59.3
미니스커트,4540,600,3940,높음,20.4,급하락,27.0|26.9|28.1|28.3|27.4|21.7|29.2|25.6|25.1|22.0|22.0|20.0|20.4
긴팔블라우스,1780,190,1590,높음,7.7,급하락,12.8|5.0|1.0|0.5|0.6|1.0|2.1|2.3|3.1|1.7|1.8|4.8|7.7
민소매블라우스,1020,170,850,높음,0.9,급상승,1.9|0.9|0.3|0.3|0.6|0.7|1.7|3.1|4.4|5.3|6.9|4.0|0.9
긴팔,3120,420,2700,높음,2.8,급하락,4.0|3.3|1.4|1.2|1.1|1.0|1.1|1.2|0.9|0.6|0.5|0.9|2.8
반팔,3580,580,3000,높음,3.2,급상승,5.0|3.2|2.4|2.6|3.1|3.8|7.8|15.6|14.1|9.2|7.8|5.1|3.2
슬리브리스,3700,650,3050,높음,3.3,급상승,5.1|2.8|1.8|1.7|2.3|2.6|4.4|7.0|9.0|9.5|9.9|6.4|3.3
트위드자켓,27760,3160,24600,높음,25.4,급하락,30.9|55.1|41.2|24.1|30.6|57.1|100|37.2|13.0|6.7|5.6|11.0|25.4
반팔원피스,1260,110,1150,높음,4.9,급상승,9.5|4.9|4.6|5.3|6.7|6.0|10.2|17.9|18.7|15.5|16.2|10.0|4.9
슬립원피스,1750,190,1560,높음,6.9,급상승,8.3|7.5|5.7|6.6|7.6|7.9|10.6|10.1|11.4|10.8|10.9|8.7|6.9
와이어브라,3120,200,2920,높음,12.4,상승,13.9|12.4|10.0|10.0|11.6|13.4|15.1|20.8|19.7|18.8|16.6|14.2|12.4
임산부언더웨어,10,5,5,높음,,,
팬티,15000,1800,13200,중간,59.4,급하락,97.8|89.5|86.0|96.8|100|71.9|76.1|68.1|67.7|65.6|71.0|67.5|59.4
긴팔원피스,3920,500,3420,높음,30.9,급하락,39.3|28.7|10.0|5.3|4.1|4.1|7.5|7.4|4.3|2.3|2.7|10.6|30.9
민소매원피스,2190,220,1970,높음,16.8,급상승,40.3|17.2|13.3|13.7|15.4|16.0|26.2|39.9|57.7|71.4|100|61.0|16.8
보정웨어,10,5,5,높음,0.0,유지,0.0
속바지,3400,480,2920,중간,26.4,하락,41.1|40.8|37.0|29.2|29.4|35.1|44.5|48.2|54.8|52.0|46.0|36.1|26.4
속치마,2580,440,2140,중간,20.0,급상승,27.9|18.4|13.6|13.6|13.6|17.7|27.1|40.0|50.0|51.5|44.4|29.9|20.0
슬립,10870,1230,9640,높음,43.6,급하락,66.9|62.8|61.8|74.4|70.9|59.5|57.9|54.1|56.5|52.8|55.6|54.4|43.6
캐미솔,3800,400,3400,중간,15.0,급상승,9.4|8.5|8.5|8.4|9.2|9.4|14.9|19.2|22.5|21.6|21.1|17.1|15.0
슬렉스,3110,550,2560,중간,12.8,급하락,16.1|19.1|16.1|17.1|16.0|13.7|18.0|16.5|15.5|12.5|12.0|11.7|12.8
수유쿠션,18800,1900,16900,중간,75.2,급하락,89.4|94.6|99.4|83.5|100|82.6|98.5|83.8|78.5|74.1|73.8|76.0|75.2
용품,560,200,360,높음,2.0,급하락,8.1|3.5|3.8|4.5|3.8|2.9|3.3|2.9|2.4|2.5|2.3|2.3|2.0
젖병,15310,1910,13400,중간,69.2,유지,66.2|65.3|68.0|67.1|84.9|64.3|73.1|67.6|64.3|63.6|61.3|68.3|69.2
젖꼭지,3360,300,3060,높음,16.1,급하락,26.2|24.1|21.2|22.4|22.6|20.0|19.1|19.3|19.3|18.0|19.2|18.9|16.1
젖병소독,1060,60,1000,중간,7.6,하락,5.6|5.1|4.8|4.6|5.0|4.5|4.6|4.3|3.6|3.5|3.7|3.4|7.6
살균,500,150,350,높음,2.1,급하락,4.4|3.8|3.4|3.1|3.2|2.8|3.5|3.3|2.9|2.7|2.8|2.4|2.1
치발기,14390,1690,12700,중간,67.1,급하락,98.4|90.0|87.3|92.1|100|81.0|82.6|76.3|73.2|74.8|80.0|73.7|67.1
목욕의자,7090,1170,5920,중간,87.5,상승,89.9|83.3|79.5|92.3|96.6|76.0|83.2|87.2|91.4|93.8|100|97.1|87.5
샤워,3460,580,2880,높음,41.1,하락,57.2|52.4|51.6|51.1|53.5|45.1|75.1|55.9|49.9|43.4|48.7|47.6|41.1
입욕용품,10,5,5,높음,,,
샤워기홀더,2380,380,2000,중간,29.2,하락,35.4|34.3|30.4|43.7|40.4|33.4|38.7|33.5|37.3|34.2|32.6|33.4|29.2
샴푸캡,2490,330,2160,높음,29.3,유지,44.2|40.0|29.4|39.4|39.6|39.7|46.1|35.1|48.0|46.4|44.7|38.0|29.3
욕조,14410,3110,11300,중간,20.6,급하락,24.9|29.4|30.8|34.1|36.7|31.5|31.2|24.0|23.1|20.5|20.8|23.5|20.6
타올,6730,1360,5370,중간,9.8,하락,13.8|12.1|11.4|13.5|12.9|11.7|11.8|11.5|10.3|10.5|13.0|12.2|9.8
선물세트,38900,14100,24800,높음,54.2,급하락,100|29.1|13.3|17.4|32.8|84.9|9.1|9.6|9.3|6.9|7.8|15.0|54.2
거즈,5410,1060,4350,중간,7.7,급하락,11.3|10.4|9.5|9.7|10.6|8.1|8.9|9.6|8.7|8.2|8.7|8.3|7.7
기저귀,31590,6190,25400,중간,43.8,하락,58.1|56.6|54.1|59.8|63.4|54.8|68.9|59.3|45.1|50.6|50.1|47.7|43.8
목욕 가운,4290,610,3680,중간,9.9,급하락,11.5|14.3|15.5|18.3|17.2|13.1|13.2|10.1|9.3|8.1|8.8|9.9|9.9
유모차용품,60,20,40,높음,0.0,하락,0.1|0.0|0.0|0.0|0.0|0.0|0.1|0.1|0.1|0.0|0.1|0.0
주니어카시트,17970,2270,15700,중간,41.7,하락,52.5|51.8|50.7|55.2|65.9|59.5|58.4|45.8|51.5|44.0|46.2|48.3|41.7
휴대용유모차,25970,3070,22900,중간,60.5,하락,71.8|69.1|59.0|53.3|61.1|61.2|83.8|100|68.0|59.6|57.2|62.0|60.5
가구,15660,4260,11400,높음,34.6,급하락,51.1|50.0|48.1|46.9|49.9|43.6|47.6|40.7|42.6|37.7|36.0|39.5|34.6
칠판,5630,1510,4120,중간,12.1,급하락,27.1|20.8|18.4|21.6|19.8|15.0|18.4|17.7|15.6|13.9|13.4|12.6|12.1
디럭스유모차,6440,1060,5380,높음,14.2,급하락,19.4|20.6|19.1|15.7|18.9|17.1|21.4|19.1|17.8|16.9|13.7|14.0|14.2
영유아카시트,420,60,360,높음,0.8,하락,1.1|1.0|0.7|0.9|1.1|1.2|0.9|1.0|0.9|0.6|0.8|0.8|0.8
웨건액세서리,10,5,5,낮음,,,
기저귀가방,43050,3950,39100,중간,91.1,하락,96.9|100|80.3|84.9|95.1|88.6|95.9|88.8|81.3|78.6|79.3|82.8|91.1
아기띠용품,10,5,5,낮음,,,
힙시트,8100,840,7260,높음,34.5,유지,47.8|37.4|29.7|30.6|35.5|32.1|38.6|39.0|39.1|34.7|37.7|40.5|34.5
노리개,14510,3110,11400,높음,61.8,급하락,100|82.1|53.9|42.9|54.1|51.5|45.6|45.4|43.7|49.8|43.5|47.9|61.8
바스,9370,1910,7460,중간,40.5,하락,45.4|46.6|38.5|35.0|43.0|29.7|33.8|29.1|43.3|31.4|33.6|43.3|40.5
역할완구,10,5,5,낮음,,,
작동완구,40,10,30,높음,0.1,급하락,0.2|0.1|0.1|0.4|0.1|0.1|0.1|0.0|0.0|0.1|0.1
학습완구,10,5,5,높음,0.0,하락,0.1|0.0|0.0|0.0
소꿉완구,10,5,5,낮음,,,
신생아,13180,1280,11900,높음,75.3,하락,100|95.3|91.8|91.9|95.8|82.7|93.5|81.7|79.2|72.9|79.4|88.4|75.3
영유아완구,10,5,5,높음,0.1,유지,0.0|0.1
어린이도서,510,150,360,높음,56.8,급하락,86.1|70.0|71.0|87.8|69.7|71.3|100|84.3|58.3|55.8|57.5|62.5|56.8
대형완구,15,5,10,높음,0.7,유지,0.7
물놀이완구,10,5,5,높음,,,
블록완구,10,5,5,낮음,,,
실용도서,10,5,5,낮음,,,
중등도서,25,5,20,높음,0.0,급하락,0.1|0.1|0.3|0.0|0.2|0.0|0.0
초등도서,230,50,180,높음,1.2,급하락,2.7|1.5|2.1|2.5|1.7|1.1|3.8|1.8|1.4|1.2|1.0|1.3|1.2
교구완구,10,5,5,높음,0.0,유지,0.0
빨대컵,7840,920,6920,높음,59.5,하락,79.6|69.6|72.1|79.8|85.2|93.0|88.1|65.6|63.6|61.6|64.7|64.0|59.5
스푼,6520,2460,4060,높음,48.5,급하락,100|90.5|82.4|78.9|66.7|54.6|57.8|60.5|70.3|66.0|72.5|67.1|48.5
수저,6130,970,5160,중간,8.0,급하락,14.4|14.5|15.9|14.3|13.3|12.0|11.3|10.1|11.1|11.1|12.4|8.8|8.0
포크,13890,3190,10700,중간,40.8,급하락,100|75.5|18.9|17.7|22.5|19.8|24.0|19.3|16.5|17.6|18.5|17.6|40.8
턱받이,9640,1290,8350,중간,12.5,급하락,22.9|22.0|20.7|23.7|24.1|17.1|20.1|15.1|13.5|12.4|12.9|13.0|12.5
기타임부용품,10,5,5,낮음,,,
임부복,30900,5100,25800,높음,39.6,급하락,60.4|54.4|39.4|35.0|37.2|40.3|50.9|45.1|39.0|32.5|31.9|32.7|39.6
발싸개,730,70,660,높음,11.0,급하락,15.7|16.7|15.9|17.4|16.7|11.1|10.7|9.3|10.0|10.3|9.7|10.7|11.0
수납,3910,970,2940,낮음,67.7,급하락,92.7|79.7|100|84.9|90.5|80.4|81.8|69.5|65.0|60.8|59.5|63.3|67.7
정리,3400,680,2720,높음,51.4,급하락,91.6|84.7|81.2|94.2|90.4|74.7|84.6|75.7|69.0|64.8|55.4|51.3|51.4
유아침구,220,20,200,높음,2.6,급하락,14.7|7.2|5.6|5.8|5.5|3.6|4.4|3.1|2.9|2.1|1.8|3.4|2.6
홈데코,720,170,550,높음,10.9,급하락,27.4|19.4|23.6|30.1|22.1|17.5|18.8|15.6|14.1|15.0|13.7|13.8|10.9
분유통,1240,150,1090,높음,3.2,급하락,4.1|4.3|4.4|4.0|4.7|4.0|4.0|3.6|3.0|2.8|2.8|2.7|3.2
보온병,11570,2230,9340,중간,31.4,급하락,46.7|61.5|93.2|95.6|100|69.5|56.1|38.0|35.2|29.4|28.0|29.0|31.4
유아건강식,10,5,5,높음,0.0,유지,0.0
겉싸개,5860,720,5140,높음,14.6,급하락,32.1|36.9|31.8|32.1|30.1|16.4|13.4|8.8|7.6|7.2|8.1|11.3|14.6
속싸개,11930,1430,10500,중간,32.5,하락,38.8|39.0|39.1|40.8|44.8|36.0|39.5|33.8|32.9|29.7|31.2|34.3|32.5
담요,20650,3850,16800,중간,46.3,급하락,58.2|100|96.6|82.7|56.6|34.4|36.5|30.0|28.0|32.1|25.7|31.9|46.3
손싸개,3430,320,3110,중간,7.9,하락,9.8|8.6|7.5|8.1|8.9|7.1|8.7|7.2|7.4|7.4|7.7|8.7|7.9
학용품,1700,400,1300,높음,3.7,급하락,5.8|5.0|6.1|7.5|6.4|8.2|7.4|5.2|4.2|4.2|3.4|3.9|3.7
유아매트,6000,1020,4980,중간,13.7,급하락,20.2|23.7|26.2|23.7|20.3|16.8|18.2|15.4|15.1|15.2|15.1|15.6|13.7
수트,3060,520,2540,높음,6.7,급하락,10.6|10.9|9.4|10.0|10.1|8.4|9.4|8.4|7.9|6.6|6.9|7.0|6.7
피부미용_삭제대상,10,5,5,낮음,,,
기타 뷰티식품,10,5,5,낮음,,,
다이어트,34680,7380,27300,높음,57.8,급하락,97.0|83.9|75.6|78.0|100|73.5|86.6|80|76.6|74.9|71.5|69.1|57.8
뷰티,6270,1720,4550,높음,9.9,급하락,14.3|13.6|13.1|12.7|17.2|15.2|16.2|13.2|12.1|14.5|11.5|10.4|9.9
루테인,38980,8880,30100,중간,64.6,급하락,97.7|79.0|84.2|85.0|91.5|76.8|87.2|81.6|71.2|66.8|62.0|64.8|64.6
비타민,45500,11000,34500,높음,31.3,급하락,46.3|40.2|38.6|41.5|40.6|35.7|39.4|37.4|30.8|29.1|27.4|29.4|31.3
오메가,44840,9040,35800,높음,30.5,유지,35.1|33.3|31.6|32.2|38.0|38.1|34.6|35.4|35.6|32.1|32.9|33.9|30.5
유산균,115000,21800,93200,중간,77.2,하락,96.9|84.8|80.0|89.6|100|81.6|88.2|79.2|75.1|74.4|74.6|78.6|77.2
콜라겐,59500,12600,46900,높음,41.2,급하락,54.2|50.9|54.1|56.7|62.0|49.9|53.6|51.5|41.5|39.8|36.7|37.4|41.2
공용쥬얼리세트,10,5,5,낮음,,,
여성발찌,95,5,90,높음,0.0,급상승,0.0|0.0|0.0|0.0|0.0|0.0|0.1|0.1|0.1|0.1|0.1|0.0|0.0
실버바,10440,2190,8250,높음,7.9,급하락,40.4|73.1|22.4|59.5|100|49.2|31.1|16.5|14.1|12.9|10.6|9.8|7.9
아동쥬얼리,10,5,5,높음,,,
순금바,920,190,730,높음,0.7,급하락,2.1|2.7|1.1|1.4|1.8|1.1|0.9|0.8|0.7|0.7|0.7|0.8|0.7
기타쥬얼리,10,5,5,낮음,,,
순금,16160,2360,13800,높음,14.8,급하락,42.0|60.8|26.1|32.0|38.9|25.0|23.9|16.0|15.9|17.1|15.7|15.5|14.8
돌선물,7200,1460,5740,높음,6.5,급하락,14.4|12.0|12.8|13.6|15.0|11.9|10.9|7.9|6.9|6.5|7.0|7.1|6.5
돌반지,52430,8730,43700,중간,48.3,급하락,81.7|100|56.1|62.5|80.2|52.6|57.5|44.9|43.3|49.0|49.4|51.1|48.3
시트,2710,850,1860,중간,2.2,급하락,3.3|2.9|4.1|3.0|3.1|2.5|3.0|2.7|2.4|2.3|2.5|2.3|2.2
남녀공용버킷햇,10,5,5,높음,,,
남녀공용비니,10,5,5,낮음,100,유지,100
남녀공용스냅백,10,5,5,높음,,,
남녀공용썬캡,10,5,5,높음,,,
남녀공용야구모자,10,5,5,낮음,100,유지,100
남녀공용털모자,10,5,5,낮음,,,
남녀공용페도라,10,5,5,낮음,,,
남성스카프,660,140,520,높음,17.5,급하락,20.3|54.6|100|70.1|44.5|39.1|61.5|28.1|14.0|8.1|7.6|9.3|17.5
남성안경,210,40,170,높음,4.6,급상승,3.5|3.4|8.2|10.0|9.6|8.5|9.4|8.9|7.8|7.2|7.3|7.4|4.6
서스펜더,1880,400,1480,중간,47.6,급하락,69.0|68.8|62.6|59.9|74.6|57.1|66.4|73.0|69.7|53.5|41.1|45.4|47.6
남녀공용군모,10,5,5,높음,,,
남녀공용머플러,10,5,5,높음,0.2,유지,0.5|0.2
남녀공용스카프,10,5,5,낮음,,,
남성깔창,45,5,40,높음,0.1,급하락,0.1|0.3|0.5|0.3|0.2|0.3|0.4|0.4|0.3|0.1|0.1|0.1
남성머플러,410,110,300,높음,3.8,급하락,2.7|13.1|59.1|64.0|36.0|12.7|5.9|1.0|0.5|0.2|0.4|0.9|3.8
안경케이스,6830,1430,5400,중간,70.2,유지,82.5|70.7|65.8|68.9|77.9|81.5|94.5|87.8|100|83.7|75.9|78.9|70.2
공용양말,25,5,20,높음,0.1,유지,0.2|0.1
남성양말,4060,770,3290,중간,52.8,급하락,67.0|74.3|98.6|100|81.8|66.2|83.7|83.2|72.5|60.3|52.0|48.3|52.8
남성양말세트,200,50,150,높음,1.7,급하락,5.2|3.2|6.6|10.9|6.8|12.3|7.6|7.7|5.2|0.2|0.5|0.5|1.7
여성썬캡,3070,230,2840,높음,40.5,급상승,22.1|13.4|9.2|2.0|1.7|5.0|28.0|71.9|84.5|60.8|46.4|29.6|40.5
여성야구모자,800,60,740,중간,10.0,급상승,6.6|6.9|6.3|4.9|5.9|6.3|13.0|18.3|18.7|10.5|11.4|9.2|10.0
여성털모자,60,20,40,높음,0.2,급하락,4.8|41.6|100|70.9|13.5|0.2|0.2|0.2|0.4|0.2
여성페도라,70,10,60,높음,0.7,급하락,3.6|1.7|1.5|0.5|1.5|1.4|2.0|1.5|0.5|1.4|1.7|0.7
남성손수건,670,130,540,높음,21.0,급상승,27.7|18.9|26.0|22.8|18.8|18.9|19.1|24.7|33.0|32.9|42.9|56.8|21.0
여성손수건,590,70,520,높음,18.9,급상승,28.3|14.1|13.2|19.0|12.7|14.4|17.8|24.9|31.2|29.1|42.1|49.1|18.9
남성페도라,80,20,60,높음,0.5,급상승,1.0|0.6|1.0|0.5|0.8|1.3|0.6|1.8|3.6|4.7|2.2|1.7|0.5
여성 햇,15,5,10,높음,0.1,하락,0.1|0.2|0.2|0.1
여성군모,75,5,70,높음,0.5,급하락,0.2|0.2|0.6|0.1|0.4|0.4|0.5|0.2|0.1|0.1|0.2|0.1|0.5
여성버킷햇,2640,280,2360,높음,38.4,하락,43.9|60.1|67.8|45.8|35.4|32.8|70.6|100|99.5|71.3|63.1|48.8|38.4
여성비니,260,60,200,높음,2.9,급하락,2.1|9.2|21.7|32.4|26.9|9.2|4.3|1.6|0.7|0.2|0.5|2.1|2.9
여성스냅백,25,5,20,낮음,0.1,유지,0.1|0.1
남성군모,60,10,50,높음,1.1,급하락,0.8|1.5|0.9|2.1|0.3|0.6|0.9|1.8|0.6|0.9|0.3|1.1|1.1
남성버킷햇,310,70,240,중간,14.3,급상승,13.2|7.5|10.0|8.6|5.4|6.9|21.4|35.1|42.4|40.7|46.5|32.7|14.3
남성비니,140,30,110,높음,2.5,급하락,4.6|17.9|62.8|100|85.9|22.7|7.7|2.3|0.3|1.1|2.5
남성스냅백,25,5,20,높음,0.3,하락,0.3|0.3|1.5|0.6|1.6|0.4|0.3|0.8|0.6|0.3
남성썬캡,70,10,60,높음,0.8,급상승,2.3|0.3|0.3|0.4|0.6|8.5|22.6|35.0|27.0|16.1|8.3|0.8
남성야구모자,110,20,90,높음,0.7,급상승,0.2|0.5|0.6|1.4|0.6|0.5|2.0|2.1|2.7|1.6|1.6|1.0|0.7
남성털모자,15,5,10,높음,1.7,급상승,0.1|0.4|5.9|13.0|9.8|1.7
노트북케이스,3310,900,2410,중간,49.1,급하락,73.0|59.2|62.0|64.5|84.4|96.2|100|58.0|48.2|51.1|47.5|50.1|49.1
이어폰케이스,1320,240,1080,높음,18.4,급하락,29.4|26.4|22.6|23.8|24.7|21.9|24.3|22.0|23.1|19.3|18.5|20.8|18.4
태블릿케이스,1510,310,1200,중간,18.1,급하락,28.6|25.4|22.7|28.3|32.1|26.2|27.7|19.9|19.1|17.2|21.3|19.9|18.1
핸드폰보조배터리,1190,220,970,높음,1.4,하락,1.8|1.6|2.0|1.9|1.6|1.7|2.2|2.1|1.9|1.7|1.8|1.8|1.4
핸드폰케이스,57440,8240,49200,높음,71.4,하락,94.6|87.2|78.0|87.4|93.0|80.6|100|79.0|81.3|81.1|84.5|81.2|71.4
남성워머,15,5,10,높음,0.0,급하락,0.0|0.3|0.6|0.3|0.0|0.0
여성워머,25,5,20,높음,0.0,급하락,0.1|0.7|0.9|0.5|0.1|0.0|0.0
여성숄,230,20,210,높음,0.2,급하락,0.2|0.6|0.8|0.8|0.4|0.2|0.2|0.1|0.0|0.0|0.0|0.0|0.2
여성스카프,2150,390,1760,높음,9.5,급하락,10.1|20.5|25.0|20.5|13.7|15.8|26.3|14.1|6.7|3.4|3.2|4.6|9.5
여성안경,240,20,220,중간,0.9,하락,0.8|1.0|1.8|1.9|2.1|1.8|1.9|1.6|1.5|1.3|1.2|1.3|0.9
여행소품,90,30,60,높음,0.1,급하락,0.2|0.2|0.1|0.2|0.2|0.2|0.2|0.2|0.1|0.1|0.0|0.1|0.1
와펜,11980,3130,8850,높음,50.9,급하락,92.3|100|99.5|87.1|74.2|58.8|69.8|65.9|63.2|51.8|52.8|47.8|50.9
여성양말,5880,820,5060,높음,26.3,급하락,32.7|45.6|66.6|50.8|33.1|27.7|43.2|41.7|31.6|21.0|16.0|16.3|26.3
여성양말세트,630,100,530,중간,0.3,급하락,0.2|0.1|0.2|0.6|0.4|0.5|0.3|0.3|0.2|0.0|0.0|0.0|0.3
양산,41300,9200,32100,높음,21.0,급상승,31.1|26.1|18.1|16.7|19.2|18.8|23.9|41.9|71.0|79.5|83.0|100|21.0
여성 퍼 머플러,10,5,5,낮음,,,
여성머플러,300,70,230,높음,0.1,급하락,0.1|0.8|2.9|2.7|1.4|0.5|0.3|0.1|0.0|0.0|0.0|0.1
여성선글라스,1390,190,1200,높음,0.7,급상승,0.7|0.6|0.8|0.7|0.9|1.1|2.1|3.2|3.4|2.2|1.8|1.2|0.7
음료,6110,1720,4390,높음,16.5,급하락,26.2|20.6|19.8|19.3|18.8|17.6|21.1|22.1|20.6|19.3|19.0|18.0|16.5
차,27160,4360,22800,높음,76.2,하락,92.8|93.2|88.7|93.4|100|89.4|86.6|80.1|81.2|75.0|74.1|79.0|76.2
고체향수,7680,1240,6440,중간,21.9,하락,29.2|26.3|24.1|27.4|28.6|23.2|28.0|25.5|26.0|22.2|21.8|22.5|21.9
공용향수,25,5,20,높음,0.0,유지,0.0
남성향수,2060,430,1630,중간,5.8,급하락,9.2|8.6|9.7|11.5|9.2|8.9|9.9|9.9|9.4|8.1|7.0|6.5|5.8
드레스퍼퓸,630,90,540,높음,4.8,급하락,12.6|13.7|15.9|13.3|8.2|8.4|8.3|7.3|5.3|5.2|5.5|4.5|4.8
룸스프레이,6240,1680,4560,중간,50.4,급하락,100|93.5|88.9|87.0|84.1|75.6|78.8|65.4|63.1|59.0|60.6|59.0|50.4
여성쥬얼리,90,20,70,높음,0.5,하락,0.9|0.1|0.3|0.1|0.1|0.3|0.7|0.9|0.3|0.3|0.5
가공식품,2050,410,1640,높음,16.4,급하락,31.0|25.4|21.7|18.1|19.0|15.9|21.3|21.8|18.8|17.6|16.1|16.4|16.4
간편요리,260,70,190,높음,1.5,급하락,3.9|2.8|2.8|3.3|4.0|2.1|2.4|2.2|1.7|1.5|1.8|2.2|1.5
소스,4940,1320,3620,높음,42.6,급하락,75.4|62.4|62.5|61.3|66.6|53.0|62.0|60.0|53.6|49.5|49.5|46.1|42.6
여성모자,3810,450,3360,높음,34.1,급하락,41.0|52.6|69.0|70.0|62.4|47.0|81.9|100|82.7|49.4|41.7|36.6|34.1
공용장갑,15,5,10,낮음,0.0,유지,1.0|0.0
남성모자,1730,300,1430,높음,15.4,하락,18.8|19.8|26.6|29.8|26.2|21.8|30.0|31.6|31.9|24.8|24.7|20.0|15.4
남성쥬얼리,30,10,20,높음,0.0,하락,0.1|0.0|0.0|0.1|0.0|0.0|0.0|0.1|0.0
여성향수,2040,290,1750,높음,6.7,하락,8.6|7.7|7.8|10.2|10.7|8.6|10.3|9.8|9.4|7.8|7.7|7.0|6.7
캔들홀더,780,190,590,높음,2.5,급하락,5.0|5.3|7.4|8.0|4.8|3.7|4.1|3.6|2.9|2.6|2.5|2.9|2.5
여성가방,18850,2650,16200,높음,61.9,급하락,100|91.8|82.8|89.9|86.9|73.6|88.7|75.6|68.4|62.1|56.3|59.7|61.9
모카신,4520,790,3730,높음,14.8,급하락,15.5|27.6|45.6|47.1|28.3|13.4|12.4|7.9|5.2|4.1|4.1|6.5|14.8
웨지샌들,550,90,460,높음,1.6,급상승,3.9|0.7|0.3|0.4|1.0|1.3|2.9|9.5|26.6|41.3|29.1|10.8|1.6
장,6910,720,6190,중간,11.5,급하락,17.0|16.3|15.6|15.0|15.1|15.0|15.2|13.7|14.5|13.5|14.2|13.0|11.5
토오픈,70,10,60,높음,0.0,급상승,0.1|0.0|0.0|0.0|0.1|0.3|0.4|0.3|0.2|0.1|0.0
BB,2890,530,2360,높음,3.3,급하락,3.8|4.2|4.1|4.5|6.1|3.2|3.6|3.2|3.6|3.0|3.1|3.2|3.3
가공품,270,90,180,낮음,0.3,급하락,0.8|0.6|0.5|0.5|0.6|0.5|0.6|0.5|0.4|0.4|0.3|0.2|0.3
가디건,38880,7780,31100,높음,45.2,급하락,82.5|100|58.1|46.2|42.5|35.4|59.1|48.4|23.0|16.2|15.8|20.8|45.2
가방악세사리,630,90,540,높음,4.9,급하락,8.7|7.1|6.2|6.6|7.0|6.3|7.6|6.5|6.4|6.1|6.1|4.9|4.9
가운,3470,720,2750,높음,29.6,급하락,43.4|48.5|51.0|53.0|49.8|42.1|44.0|37.6|35.2|30.8|31.2|29.7|29.6
건강식품,5830,2210,3620,중간,48.9,하락,68.0|43.6|42.0|46.1|66.2|64.1|41.1|46.9|42.4|31.9|39.3|47.9|48.9
건조망,560,120,440,높음,4.5,급하락,5.9|7.1|8.3|4.4|3.2|1.8|2.7|3.2|3.9|3.5|3.7|4.3|4.5
고글,6720,1300,5420,중간,56.9,하락,78.9|64.4|70.9|89.4|90.8|67.1|81.0|100|92.1|83.0|75.3|66.2|56.9
공용귀걸이,10,5,5,낮음,,,
공용기타쥬얼리,10,5,5,낮음,,,
공용목걸이,15,5,10,낮음,100,유지,100
공용반지,10,5,5,낮음,,,
공용브로치,10,5,5,낮음,,,
공용시계,15,5,10,낮음,0.0,유지,0.0
공용팔찌,15,5,10,낮음,0.0,유지,0.0
공용헤어ACC,10,5,5,낮음,,,
구강청결제,4030,740,3290,중간,5.4,급하락,9.3|10.8|8.2|7.7|8.5|7.5|9.3|7.5|8.2|8.1|7.1|5.4|5.4
구명조끼,15060,3460,11600,중간,19.6,급상승,38.5|21.2|15.3|14.5|16.9|13.9|12.9|17.5|27.6|46.2|100|77.7|19.6
군모,1760,380,1380,높음,1.2,급하락,1.9|1.9|1.8|1.7|1.8|1.7|2.0|2.1|1.7|1.3|1.2|1.2|1.2
귀걸이,58280,8080,50200,높음,49.2,급하락,100|82.0|48.1|54.2|56.6|44.4|49.3|41.6|39.9|36.7|36.9|37.8|49.2
귀마개,9750,2650,7100,중간,6.9,급하락,15.4|25.2|39.7|63.7|47.8|18.9|14.2|9.9|7.6|7.1|6.6|6.9|6.9
그릴,6800,1480,5320,중간,4.9,급하락,7.9|7.3|6.0|6.0|6.4|5.0|4.7|4.8|5.0|4.5|4.9|4.8|4.9
기본가디건,240,40,200,높음,0.1,급하락,0.4|0.4|0.1|0.1|0.1|0.1|0.1|0.1|0.0|0.0|0.0|0.0|0.1
기타,18320,2420,15900,높음,55.0,급하락,97.4|99.9|98.8|100|88.2|67.2|79.1|68.5|68.6|58.2|58.5|55.1|55.0
기타 구기,10,5,5,낮음,,,
기타 낚시용품,10,5,5,낮음,,,
기타 서핑용품,10,5,5,낮음,,,
기타 수영용품,10,5,5,낮음,0.0,유지,0.0
기타 야구용품,10,5,5,낮음,,,
기타 요가용품,10,5,5,낮음,,,
기타 헬스용품,10,5,5,낮음,,,
기타ACC,10,5,5,낮음,,,
기타모자,10,5,5,높음,,,
기타소품,35,5,30,높음,0.0,급하락,0.0|0.1|0.0|0.0|0.0|0.0
기타용품,220,50,170,높음,0.4,급하락,0.8|0.8|0.8|1.0|0.9|0.8|0.7|0.6|0.6|0.4|0.4|0.5|0.4
기타캠핑용품,10,5,5,높음,,,
긴팔셔츠,1060,230,830,높음,2.9,급하락,5.4|3.9|1.1|0.4|0.5|0.4|0.9|1.3|1.4|1.2|1.0|1.7|2.9
긴팔티셔츠,6250,930,5320,중간,18.4,급하락,57.9|100|47.2|20.6|16.5|14.8|20.4|13.6|4.8|1.8|2.3|4.7|18.4
낚시가방,12160,2740,9420,중간,89.6,하락,100|97.4|70.4|50.2|44.4|42.2|53.5|61.8|68.3|61.0|59.2|74.1|89.6
낚시의류,1630,340,1290,높음,12.0,하락,13.5|12.2|6.4|3.4|2.5|2.8|4.4|5.7|7.7|7.4|8.1|7.7|12.0
낚시찌,1490,270,1220,높음,10.7,급하락,16.2|18.4|14.4|11.7|10.6|8.7|11.4|11.6|10.7|9.7|10.0|9.6|10.7
난방용품,260,90,170,높음,1.2,급하락,0.8|9.2|11.8|10.0|5.5|1.0|0.5|0.1|0.2|0.0|0.2|1.2
남녀공용,420,90,330,높음,2.8,급하락,4.0|4.4|5.3|5.6|4.8|4.0|4.2|3.9|2.8|2.4|2.6|2.3|2.8
남녀공용시계,25,5,20,높음,0.0,유지,0.0|0.0|0.0
남성목걸이,1280,190,1090,높음,6.0,상승,7.1|6.0|5.6|5.8|5.5|5.2|6.3|6.3|6.8|6.8|7.7|7.4|6.0
남성반지,740,100,640,높음,3.3,유지,3.6|2.7|3.5|3.9|4.6|4.0|4.1|3.6|3.4|3.0|3.1|3.2|3.3
남성배드민턴상의,10,5,5,높음,,,
남성벨트,20460,2460,18000,높음,100,급상승,67.3|65.5|52.8|52.0|48.0|61.1|77.9|85.6|91.5|70.2|67.5|68.4|100
남성보드복상의,10,5,5,높음,2.1,급상승,2.1|2.1|34.3|24.7|2.1
남성보드복하의,10,5,5,낮음,2.1,유지,2.1
남성비치웨어,70,10,60,높음,7.1,급상승,21.8|7.1|33.9|26.4|30.1|18.8|4.6|6.3|7.5|22.2|84.9|100|7.1
남성사각,20,10,10,높음,2.1,유지,6.3|2.1
남성삼각,80,40,40,높음,4.2,급하락,86.2|53.6|12.1|6.7|4.2|15.1|31.0|9.2|2.1|15.1|15.5|4.6|4.2
남성선글라스,1260,280,980,높음,23.1,급상승,20.5|15.7|21.0|19.0|24.3|27.9|42.7|66.4|75.6|57.6|54.6|43.7|23.1
남성스키복상의,10,5,5,높음,0.8,급상승,0.3|1.0|3.4|3.6|0.8
남성스키복하의,10,5,5,높음,0.1,유지,0.1
남성스포츠글라스,10,5,5,낮음,0.1,유지,0.1
남성시계,4360,690,3670,높음,81.7,하락,100|91.4|81.1|95.8|94.1|86.4|91.2|83.1|94.8|82.5|78.4|90.1|81.7
남성싸이클링상의,10,5,5,낮음,,,
남성싸이클링하의,10,5,5,낮음,,,
남성장갑,200,70,130,높음,1.0,급하락,1.0|6.7|36.8|78.8|41.0|8.3|2.5|1.2|0.7|0.2|0.2|0.5|1.0
남성지갑,8440,2430,6010,높음,79.0,하락,90.1|86.0|80.8|98.7|100|95.7|86.2|73.1|74.0|59.5|68.3|84.3|79.0
남성팔찌,2800,490,2310,높음,25.7,상승,35.6|26.1|22.8|25.2|24.5|23.1|24.8|29.4|35.9|35.2|38.4|33.9|25.7
남아래쉬가드,750,110,640,높음,0.6,급상승,1.4|0.7|0.9|1.4|2.0|1.7|2.3|3.3|4.4|7.4|10.4|4.4|0.6
남아수영복,2330,240,2090,중간,2.0,급상승,3.2|1.9|2.2|3.2|4.2|4.0|5.8|6.2|6.3|8.6|9.8|4.4|2.0
내복,3680,790,2890,중간,3.2,급하락,4.7|14.3|21.0|24.2|17.6|5.4|3.7|3.0|2.4|1.6|1.4|1.6|3.2
넥워머,5880,1390,4490,높음,5.2,급하락,6.6|29.9|87.9|100|67.5|19.9|8.4|5.5|4.1|3.6|3.2|3.2|5.2
넥타이,20240,4440,15800,높음,17.6,급하락,26.2|28.5|27.3|25.3|23.1|20.9|25.2|22.7|20.3|14.2|11.7|14.3|17.6
농구화,10220,1450,8770,높음,15.0,하락,18.0|15.7|16.6|17.8|18.8|14.8|22.2|20.5|19.7|17.6|16.7|14.7|15.0
니트,21840,3340,18500,높음,31.6,급하락,39.5|77.6|94.5|100|73.4|46.1|44.1|25.1|15.2|10.7|11.2|15.2|31.6
다운,4720,1040,3680,높음,6.6,급하락,9.1|9.9|12.4|12.1|9.1|6.5|8.1|7.2|6.7|6.4|7.1|6.5|6.6
다운점퍼,580,150,430,높음,0.8,급하락,1.0|3.5|5.8|4.8|3.1|1.2|0.8|0.2|0.1|0.1|0.1|0.4|0.8
더플백,12300,2360,9940,중간,18.0,유지,23.8|20.4|18.2|20.3|24.5|25.2|22.6|19.1|19.4|18.4|21.6|20.7|18.0
덤벨,24330,8230,16100,중간,49.3,급상승,50.7|39.1|35.4|40.1|48.6|43.7|57.8|65.2|51.4|53.2|58.3|55.3|49.3
데님팬츠,5180,390,4790,높음,11.1,급하락,30.6|34.9|13.3|8.8|8.4|10.3|16.2|14.4|12.9|10.1|9.0|8.2|11.1
데오드란트,17790,2090,15700,높음,36.3,급상승,57.2|32.2|23.8|24.2|29.4|28.8|44.6|73.7|98.6|91.7|98.7|61.0|36.3
도서,19470,7370,12100,높음,40.2,급상승,39.0|33.7|35.1|40.2|33.4|28.3|39.9|30.5|30.5|33.1|49.4|44.1|40.2
돗자리,40770,7470,33300,중간,84.2,하락,100|82.5|32.6|20.1|19.5|23.2|52.9|93.3|90.0|58.3|57.3|53.3|84.2
동전지갑,6770,1360,5410,높음,11.2,급하락,16.6|15.9|16.0|17.3|20.4|17.0|16.3|12.8|11.3|10.0|10.6|11.2|11.2
드레스,11360,1500,9860,높음,17.8,급하락,23.3|24.2|24.2|24.7|22.9|19.1|20.9|20.8|20.6|17.2|16.8|18.5|17.8
디퓨저,35200,14400,20800,중간,56.6,급하락,95.9|82.2|80.9|100|81.7|70.6|91.6|87.4|63.7|58.0|66.5|60.1|56.6
땀복,6790,970,5820,높음,11.3,급하락,28.1|27.1|23.9|20.1|22.5|17.6|21.0|17.3|14.5|11.1|12.4|10.3|11.3
라운지웨어,2290,400,1890,높음,3.8,급하락,4.3|6.5|6.2|5.5|5.7|4.5|4.3|4.1|4.4|3.3|3.2|3.1|3.8
라켓용품,10,5,5,높음,,,
래쉬가드,24720,7620,17100,중간,17.6,급상승,26.5|16.8|19.5|23.0|28.6|23.3|22.8|23.7|32.7|53.1|100|60.0|17.6
랜턴,9900,2570,7330,중간,7.4,급하락,8.5|8.8|7.1|6.3|5.6|4.2|5.3|5.5|5.6|5.1|5.2|5.7|7.4
런닝,15160,2460,12700,중간,10.8,급하락,23.6|18.2|12.9|9.4|10.1|8.9|12.6|13.4|13.3|12.1|12.5|11.9|10.8
런닝화,56600,10100,46500,높음,41.4,급하락,92.5|67.3|44.7|35.2|43.7|38.9|51.7|49.7|43.7|39.1|37.5|40.0|41.4
레깅스,13140,2240,10900,높음,18.9,급하락,34.4|31.0|32.0|28.4|29.3|21.1|34.3|34.4|20.8|22.3|23.2|19.5|18.9
레이스업슈즈,560,80,480,높음,0.8,급상승,0.5|0.3|0.1|0.0|0.1|0.2|0.3|0.2|0.2|0.3|0.3|0.4|0.8
레인부츠,4420,730,3690,높음,6.4,급상승,22.5|22.7|8.9|7.0|4.7|6.1|15.0|30.7|76.8|63.9|100|11.2|6.4
레인코트,2880,580,2300,높음,4.1,하락,11.3|11.6|4.4|4.2|3.4|5.3|8.3|8.8|10.1|9.3|13.0|5.8|4.1
로션,8430,1560,6870,중간,12.0,급하락,20.9|15.4|17.3|18.6|19.9|15.7|16.7|14.0|13.3|12.3|11.8|11.9|12.0
로퍼,36990,5690,31300,높음,79.4,급하락,93.0|100|72.8|60.6|61.5|69.7|94.9|71.3|56.4|40.7|36.2|44.2|79.4
롱,1880,200,1680,낮음,3.6,급하락,5.1|5.6|6.4|4.8|5.2|4.2|4.3|4.1|3.9|4.0|3.9|3.9|3.6
롱가디건,2920,430,2490,높음,6.2,급하락,11.6|21.6|12.6|6.1|5.5|6.3|9.2|5.9|3.6|2.1|1.9|2.4|6.2
롱자켓,640,90,550,높음,1.3,급하락,1.9|3.7|2.4|1.5|1.4|1.5|2.8|1.3|0.5|0.1|0.0|0.5|1.3
롱코트,2100,300,1800,높음,4.6,급하락,6.2|19.5|46.3|52.4|34.4|15.0|6.4|1.6|1.5|1.1|1.8|3.1|4.6
롱팬츠,110,10,100,높음,0.1,급하락,0.0|0.1|0.1|0.1|0.0|0.0|0.0|0.0|0.0|0.0|0.0|0.0|0.1
루어낚시,4030,1340,2690,높음,3.5,유지,3.4|3.7|2.5|1.6|1.6|1.4|2.0|2.4|2.8|2.5|2.8|3.2|3.5
린스,5650,880,4770,중간,4.7,하락,6.1|5.4|5.5|6.6|7.9|6.2|6.6|5.7|5.6|5.3|5.6|5.2|4.7
마스크,62800,10100,52700,중간,60.6,급하락,100|86.0|92.9|77.7|81.4|57.5|64.0|56.9|39.6|31.6|31.9|31.0|60.6
매트,27170,4570,22600,중간,22.1,급하락,30.4|33.1|31.7|28.9|28.2|24.1|25.3|22.4|23.1|22.1|23.5|22.4|22.1
맨투맨,35830,8930,26900,높음,42.5,급하락,51.9|100|80.0|60.3|51.1|45.1|64.7|43.1|13.7|11.1|11.4|15.2|42.5
머니클립,4720,1000,3720,중간,5.8,하락,7.0|6.8|6.2|7.3|7.6|7.7|7.7|7.8|6.8|5.8|5.9|6.2|5.8
머플러,7770,1480,6290,중간,9.5,급하락,14.2|47.6|85.1|88.3|44.8|17.3|12.0|6.5|4.7|3.5|3.8|5.3|9.5
메이크업,13680,1380,12300,높음,16.6,급하락,19.4|36.5|23.1|20.5|19.2|16.2|18.5|17.8|17.1|14.9|14.8|16.8|16.6
멜빵,3560,620,2940,높음,4.0,급하락,8.2|8.7|7.6|7.5|6.7|5.3|6.0|6.2|6.2|4.3|4.1|4.0|4.0
명함지갑,12920,3690,9230,높음,8.1,급하락,12.0|10.6|12.1|14.6|14.9|12.5|12.7|10.6|8.8|8.1|8.4|8.7|8.1
모노키니,10130,1610,8520,높음,6.6,급상승,10.7|6.9|7.0|9.0|10.3|9.6|8.3|8.2|10.4|13.6|19.1|15.1|6.6
모시,6070,660,5410,높음,4.0,하락,3.9|4.1|2.1|1.7|1.8|1.8|2.1|2.5|2.7|2.6|2.5|2.4|4.0
모자,37890,5390,32500,중간,24.0,하락,36.0|35.2|35.5|35.1|32.5|25.9|34.7|39.6|42.3|33.6|33.9|29.2|24.0
목걸이,69360,8560,60800,높음,49.5,급하락,100|78.6|39.9|42.4|44.6|37.5|44.1|40.2|42.9|40.0|40.0|39.8|49.5
무스탕,13220,1220,12000,높음,10.9,급하락,10.6|40.2|78.5|100|62.3|22.7|8.3|3.7|3.0|3.1|4.4|4.6|10.9
물병,15800,3700,12100,중간,29.0,급하락,71.1|53.0|14.1|11.4|15.7|14.1|19.0|15.2|14.4|14.9|15.1|13.9|29.0
물안경,5770,1040,4730,중간,4.8,급상승,9.5|5.8|4.5|5.0|6.3|5.1|5.5|5.4|6.5|8.8|16.1|13.8|4.8
물통,10290,1940,8350,중간,8.3,하락,12.2|8.9|8.7|8.8|9.0|9.3|11.7|10.7|10.9|10.6|9.9|9.1|8.3
물티슈,75000,21700,53300,중간,60.9,하락,85.1|73.0|65.8|85.8|87.9|71.6|95.7|72.4|64.6|69.3|71.2|70.0|60.9
미니백,13640,2340,11300,높음,63.1,하락,100|86.2|72.2|72.9|72.6|67.2|83.1|78.7|75.7|73.4|72.1|74.9|63.1
민물낚시,1370,290,1080,높음,7.2,유지,7.5|8.1|5.1|2.9|3.2|3.9|5.9|7.1|7.9|6.8|6.4|6.3|7.2
민소매셔츠,250,50,200,높음,0.9,급상승,2.5|2.7|1.4|1.3|1.2|1.0|2.1|2.5|3.2|4.2|4.3|2.9|0.9
민소매티셔츠,780,100,680,높음,3.5,급상승,5.1|2.9|2.7|3.2|3.4|3.8|10.2|20.3|31.4|35.4|43.2|17.2|3.5
바다낚시,6520,1530,4990,높음,30.1,하락,37.3|40.3|25.6|19.3|18.2|21.3|22.5|26.2|31.1|25.8|27.8|28.7|30.1
바디로션,52000,12200,39800,중간,61.0,급하락,100|89.3|69.6|70.4|78.8|52.3|48.7|41.5|37.6|34.0|30.3|30.9|61.0
바디리프팅,410,60,350,높음,0.3,하락,0.6|0.5|0.4|0.4|0.4|0.4|0.4|0.4|1.1|0.8|0.6|0.5|0.3
바디미스트,8600,1590,7010,중간,8.1,급상승,9.7|7.9|7.5|7.7|7.9|7.4|8.7|8.7|11.0|11.7|12.3|9.8|8.1
바디스크럽,11290,1640,9650,중간,10.5,상승,11.3|9.8|10.0|11.0|12.3|11.7|12.6|11.5|14.7|14.0|13.3|12.9|10.5
바디슬리밍,250,30,220,높음,0.2,급하락,0.3|0.2|0.7|0.4|0.1|0.1|0.1|0.2|0.2|0.4|0.2|0.3|0.2
바디오일,9580,1530,8050,중간,3.7,급하락,3.4|4.7|7.2|7.1|7.1|4.6|3.8|3.4|3.2|2.7|2.6|2.7|3.7
바디크림,4390,790,3600,높음,1.7,급하락,1.5|1.8|2.7|4.6|4.0|2.3|1.9|1.5|1.3|1.2|1.1|1.3|1.7
바디클렌져,2820,280,2540,중간,1.1,유지,1.8|1.2|1.0|1.3|1.4|1.2|1.3|1.2|1.2|1.3|1.5|1.5|1.1
바디패치,70,20,50,높음,0.0,급하락,0.0|0.0|0.0|0.0|0.0|0.0|0.0|0.0|0.1|0.0|0.0|0.0|0.0
바라클라바,17770,3370,14400,중간,6.9,급하락,8.8|28.7|72.3|100|68.4|22.1|7.6|6.4|5.4|5.2|5.1|5.6|6.9
바람막이,101300,18600,82700,높음,73.1,급하락,88.4|82.0|24.5|14.6|16.6|31.5|87.5|97.2|62.3|27.6|17.7|21.6|73.1
바지,20860,5460,15400,높음,28.4,급하락,68.0|56.9|21.5|17.8|20.3|15.5|21.4|20.0|17.7|15.1|14.8|12.6|28.4
반지,48960,6660,42300,높음,45.1,급하락,100|85.3|45.3|43.2|49.6|39.8|40.6|34.7|32.0|30.2|31.6|32.5|45.1
반지갑,6010,870,5140,높음,4.4,급하락,6.3|7.0|6.0|6.5|7.4|7.1|6.3|4.9|4.6|4.0|4.3|4.6|4.4
반팔셔츠,2500,430,2070,중간,1.8,급상승,3.9|1.1|0.6|0.6|0.8|1.0|2.3|6.2|11.5|11.7|9.4|5.4|1.8
반팔티셔츠,2140,490,1650,높음,5.8,급하락,36.8|25.9|18.2|18.2|25.0|30.3|54.8|66.7|46.9|34.8|25.2|13.9|5.8
발찌,2680,510,2170,높음,7.1,급상승,13.1|9.2|6.9|8.7|9.6|9.0|12.4|16.5|22.1|25.6|22.8|13.2|7.1
방수팩,8420,5400,3020,높음,21.6,급상승,23.9|12.5|12.9|22.6|17.9|16.1|13.7|10.8|16.3|34.9|57.8|51.8|21.6
방한모자,1010,270,740,높음,2.7,급하락,2.9|18.2|62.6|100|71.6|13.2|1.3|0.4|0.3|0.3|0.6|1.2|2.7
방한용품,1170,540,630,높음,3.1,급하락,3.1|14.8|30.2|38.7|22.7|4.4|0.9|0.5|0.6|0.6|0.9|1.3|3.1
방한화,6890,1260,5630,높음,6.4,급하락,4.4|22.1|61.7|100|52.7|10.4|2.1|0.8|0.6|0.6|1.1|2.1|6.4
배게,45410,7410,38000,중간,42.3,하락,58.4|55.4|49.4|50.0|53.2|48.6|50.7|48.1|47.7|46.1|47.7|46.8|42.3
배낭대형,10,5,5,높음,,,
배낭소형,15,5,10,높음,,,
배드민턴라켓,20780,3480,17300,중간,19.1,급하락,26.3|20.9|19.5|16.5|14.6|11.7|25.7|25.8|22.1|21.0|17.6|16.1|19.1
배드민턴용품,1630,350,1280,높음,1.4,급하락,2.1|1.7|1.7|1.7|1.7|1.3|1.8|1.7|1.6|1.5|1.5|1.4|1.4
백팩,77600,16800,60800,높음,68.4,하락,100|91.9|74.1|76.0|89.9|86.9|88.7|84.5|72.5|66.5|74.3|73.5|68.4
버블바스,310,40,270,중간,0.2,급하락,0.4|0.5|0.4|0.4|0.5|0.4|0.4|0.9|0.7|0.3|0.3|0.3|0.2
버킷햇,12100,2730,9370,높음,10.9,상승,16.7|13.5|13.3|11.9|10.3|9.0|15.0|21.5|24.1|22.1|20.9|16.5|10.9
베드민턴화,1410,170,1240,높음,1.3,급상승,0.8|0.3|0.6|0.9|1.3|1.1|1.4|1.0|1.1|1.1|1.0|1.1|1.3
베스트,7890,1170,6720,중간,21.4,급하락,30.7|39.1|40.5|35.6|30.0|24.1|30.3|26.6|23.1|18.4|17.3|17.5|21.4
벨트,18430,7230,11200,높음,50.4,급하락,100|98.4|80.8|83.3|81.3|64.3|78.7|76.1|55.0|48.8|43.7|43.1|50.4
보드,6360,1200,5160,높음,16.3,급하락,25.5|21.3|23.3|31.8|33.7|33.9|22.4|20.1|19.1|16.0|15.7|15.0|16.3
보드숏,1600,360,1240,중간,4.6,급상승,3.2|1.9|2.0|2.5|3.0|2.4|3.6|5.3|6.7|8.2|11.9|9.0|4.6
보드용품,15,5,10,높음,0.2,급상승,0.0|0.1|0.5|0.7|0.2
보드장갑,320,190,130,높음,0.7,급하락,0.4|1.3|3.4|12.6|14.4|4.4|0.2|0.0|0.0|0.1|0.7
보스턴백,28020,5220,22800,높음,70.1,급하락,100|94.4|84.2|83.3|85.3|80.2|84.9|80.3|71.6|66.8|71.2|76.2|70.1
보스톤백,10,5,5,높음,3.5,급하락,5.7|6.0|4.6|4.2|4.8|4.0|5.2|4.2|4.0|3.7|3.5|3.6|3.5
보호대,1490,430,1060,높음,4.0,급하락,4.9|4.1|5.0|5.4|4.2|3.8|3.8|3.5|3.2|3.3|3.0|3.0|4.0
볼펜,13640,3850,9790,중간,35.2,급하락,57.8|51.9|52.4|59.1|64.1|51.5|57.5|46.1|36.7|37.0|34.8|35.0|35.2
부츠,17360,2560,14800,높음,17.9,급하락,22.3|45.9|66.1|75.5|44.4|13.7|9.4|6.9|6.0|4.7|5.7|8.0|17.9
브라탑,9970,1300,8670,높음,10.6,급상승,16.9|11.6|10.3|9.5|10.6|10.4|16.9|24.0|33.5|33.5|32.6|20.7|10.6
블라우스,37830,5430,32400,높음,39.6,상승,58.4|39.9|21.4|19.0|22.8|29.3|53.4|58.7|60.3|59.3|52.6|41.9|39.6
비누,23300,6200,17100,중간,44.1,급하락,100|73.1|23.8|24.7|34.3|23.3|31.4|26.3|24.6|24.5|26.4|25.9|44.1
비니,11010,1610,9400,중간,11.6,급하락,12.9|25.4|48.1|64.9|57.5|26.7|14.7|10.3|8.2|6.8|6.8|8.2|11.6
비치백,1760,320,1440,높음,1.8,급상승,3.1|1.8|1.9|2.1|2.8|2.4|2.5|3.0|4.9|7.3|12.4|6.9|1.8
비치웨어,2810,560,2250,높음,2.9,급상승,5.4|4.0|6.5|6.1|7.6|5.5|5.3|4.4|4.7|6.8|11.3|6.9|2.9
비치타올,4480,920,3560,높음,4.6,급상승,8.9|6.4|5.1|5.4|6.3|5.3|5.2|5.7|7.3|13.0|27.9|20.5|4.6
비키니수영복,1160,210,950,높음,1.2,급상승,2.1|1.5|1.6|2.2|2.7|2.0|1.9|1.5|2.0|2.7|3.7|3.1|1.2
샌들,14260,5930,8330,높음,13.5,급상승,16.8|7.7|4.6|5.0|6.4|6.7|13.0|32.9|70.7|100|90.4|37.7|13.5
샴푸,75200,13700,61500,중간,52.8,급하락,100|74.7|32.1|35.8|48.2|32.9|36.7|30.7|33.3|33.6|35.5|34.5|52.8
서류가방,9590,2520,7070,높음,4.9,급하락,6.8|6.2|7.1|7.2|8.0|6.3|7.1|5.7|5.1|4.8|5.3|5.3|4.9
선글라스,48700,11700,37000,높음,31.2,급하락,61.3|44.5|19.8|17.8|23.6|21.4|30.9|45.8|50.2|41.8|39.0|30.5|31.2
선케어,190,60,130,높음,0.1,급하락,0.4|0.0|0.0|0.0|0.0|0.1|0.1|0.1|0.1|0.1|0.1|0.1
설거지통,4850,670,4180,중간,2.5,상승,2.6|2.2|2.2|2.3|2.7|2.5|2.7|2.3|2.2|2.4|2.3|2.7|2.5
셔츠,27340,5740,21600,높음,42.4,급하락,100|72.9|18.0|14.3|19.2|17.9|28.8|29.8|25.2|20.2|19.0|19.5|42.4
손목밴드,4000,1810,2190,중간,3.6,유지,3.4|2.6|3.0|2.5|2.4|2.9|3.2|3.0|3.2|2.8|2.9|2.5|3.6
손목보호대,51200,11800,39400,중간,48.3,하락,67.3|53.7|53.3|51.9|51.5|43.8|54.8|53.1|47.9|45.2|45.6|47.8|48.3
손수건,13640,2740,10900,중간,12.9,급상승,19.1|14.4|12.9|12.8|12.4|11.8|15.6|16.8|18.7|17.6|22.2|23.3|12.9
숄,5030,660,4370,높음,4.9,급하락,6.0|10.0|10.0|8.5|5.9|4.0|4.2|3.2|2.9|2.7|3.0|3.2|4.9
숄더백,27060,3960,23100,높음,76.5,하락,100|90.4|75.8|78.0|87.1|86.2|97.8|79.9|75.4|71.1|71.8|75.9|76.5
숏,1870,530,1340,낮음,4.4,급하락,7.7|9.7|9.2|6.5|6.9|6.7|7.3|6.9|6.3|6.6|5.9|5.0|4.4
숏레깅스,540,80,460,중간,1.4,급상승,2.0|1.2|0.8|0.8|0.9|0.9|1.5|2.0|2.5|2.4|2.9|2.2|1.4
숏팬츠,980,150,830,높음,2.7,급상승,3.8|3.2|2.5|3.0|2.4|2.4|2.6|3.5|4.5|4.9|5.6|4.1|2.7
수경,18660,3060,15600,중간,54.8,급상승,65.9|47.3|46.7|48.4|57.4|46.4|54.9|49.1|53.0|62.8|89.2|87.9|54.8
수모,13000,2000,11000,중간,39.3,유지,58.6|43.1|45.3|44.6|46.9|38.2|46.1|45.8|40.9|46.4|53.5|51.6|39.3
수비장갑,270,50,220,높음,0.6,급하락,1.2|1.3|1.4|1.3|1.2|0.8|0.9|0.8|0.9|0.8|0.9|0.6|0.6
수영가방,23820,3920,19900,중간,71.6,급상승,92.1|64.1|61.0|62.8|80.9|69.0|90.0|79.1|80.0|90.3|99.5|100|71.6
수영모,4360,840,3520,중간,13.1,급상승,17.3|11.0|10.8|12.5|14.7|18.7|27.0|14.8|15.0|18.0|23.1|20.0|13.1
수하물캐리어,170,50,120,높음,0.2,급하락,2.9|1.4|1.1|0.6|0.9|0.6|0.4|0.2|0.2|0.2|0.4|0.1|0.2
스냅백,6570,1260,5310,높음,5.2,급하락,10.5|9.3|6.2|6.0|6.6|5.7|6.7|6.6|7.1|6.0|6.5|8.4|5.2
스노클,5120,1380,3740,중간,3.9,급상승,4.2|2.6|3.2|2.6|3.3|2.6|3.2|3.3|3.6|4.6|7.1|6.7|3.9
스니커즈,35730,6030,29700,높음,28.0,급하락,37.2|35.1|27.6|25.2|26.8|26.4|36.8|32.6|28.7|23.7|22.3|22.4|28.0
스웨터,3950,710,3240,높음,3.1,급하락,5.0|9.4|10.5|11.2|8.0|4.6|4.3|2.9|2.4|1.7|1.7|2.1|3.1
스카프,48110,7110,41000,중간,48.9,급하락,94.0|100|62.2|42.3|40.8|48.1|78.3|43.0|24.4|16.1|15.8|19.3|48.9
스커트,12290,1590,10700,높음,42.8,하락,57.8|55.8|46.0|42.9|40.9|37.9|55.5|54.5|49.8|46.4|48.1|40.4|42.8
스키,5880,1020,4860,높음,20.2,급하락,27.4|31.1|50.9|98.2|100|89.9|19.1|13.1|12.8|12.5|13.0|15.6|20.2
스키장비세트,100,20,80,높음,0.1,급하락,0.6|0.5|0.5|1.6|2.3|1.0|0.1|0.0|0.1
스타킹,11240,2240,9000,중간,39.0,급하락,54.6|83.7|99.5|93.8|74.5|63.7|75.1|50.9|40.2|33.4|31.1|31.6|39.0
스토브,26600,14500,12100,중간,90.6,급하락,77.3|99.6|99.3|75.6|61.5|54.5|53.9|48.6|49.1|46.2|51.7|53.1|90.6
스트랩샌들,990,140,850,높음,1.0,급상승,2.2|0.6|0.4|0.4|0.7|0.8|1.8|4.9|10.3|13.5|11.7|4.1|1.0
스틱,2760,600,2160,중간,2.8,급하락,4.8|4.7|5.5|5.2|5.7|3.8|4.2|3.4|3.1|3.3|3.1|3.4|2.8
스페셜케어,25,5,20,높음,,,
스포츠양말,17550,5050,12500,높음,38.8,급하락,100|81.8|31.1|31.5|32.2|18.3|23.5|20.7|17.9|17.7|16.8|17.6|38.8
스포츠언더웨어,80,10,70,높음,0.0,급하락,0.2|0.1|0.1|0.1|0.0|0.1|0.1|0.2|0.2|0.2|0.1|0.1|0.0
스포츠타올,7560,1940,5620,중간,4.8,급상승,7.9|5.6|4.8|4.7|4.3|3.7|5.5|6.5|6.8|7.5|10.9|9.2|4.8
스포츠화,110,20,90,높음,0.0,급하락,0.1|0.1|0.0|0.0|0.0|0.1|0.1|0.0|0.1|0.0|0.0|0.0|0.0
스프레이,4250,980,3270,중간,2.7,급하락,4.8|3.9|3.8|4.1|4.2|3.1|3.4|3.4|3.4|3.3|3.3|3.0|2.7
슬리브,14320,3320,11000,높음,9.0,하락,11.0|9.9|8.8|8.0|8.1|7.3|8.8|9.4|9.4|8.6|9.2|9.1|9.0
슬리퍼,86600,18000,68600,높음,59.7,하락,100|76.6|39.6|36.1|43.1|45.8|60.6|67.0|72.0|76.1|78.1|60.3|59.7
슬링백,27280,5480,21800,높음,4.5,하락,7.3|5.8|4.3|3.9|4.1|3.8|5.4|6.3|6.4|5.8|5.4|5.2|4.5
시계,369800,130200,239600,중간,62.3,급하락,89.0|77.8|74.3|100|74.0|68.0|72.2|65.6|55.2|60.8|55.7|62.8|62.3
시계ACC,10,5,5,낮음,,,
시계보관함,8390,1860,6530,높음,1.4,급상승,1.2|1.1|1.2|1.2|1.4|1.4|1.5|1.3|1.4|1.3|1.4|1.5|1.4
실내화,17610,3910,13700,중간,3.0,급하락,4.9|4.9|5.0|5.4|5.8|7.5|6.0|3.2|2.9|2.8|2.8|3.2|3.0
썬바이저,2840,510,2330,높음,7.6,유지,13.6|11.3|9.3|9.6|8.9|7.7|11.5|17.2|19.9|16.9|14.9|11.6|7.6
썬캡,7480,1340,6140,중간,19.9,급상승,25.6|15.8|11.5|9.1|11.7|16.6|43.3|93.4|100|77.5|57.3|40.3|19.9
썬케어,70,10,60,높음,0.1,급상승,0.0|0.0|0.1|0.2|0.2|0.2|0.2|0.2|0.4|0.1
아동가방,150,10,140,높음,0.2,급하락,0.4|0.1|0.5|0.8|0.8|0.6|0.5|0.4|0.4|0.2|0.3|0.1|0.2
아동레인부츠,120,40,80,중간,0.1,급상승,0.2|0.3|0.0|0.0|0.1|1.3|1.4|1.9|1.1|1.8|0.1|0.1
아동방한화,35,5,30,높음,2.4,급하락,16.6|66.1|81.9|26.4|2.4
아동슈즈,35,5,30,높음,0.2,유지,0.2|0.2|0.2
아동슬리퍼,260,40,220,높음,8.0,급상승,13.0|14.2|12.5|11.2|12.8|12.1|19.6|25.8|29.2|25.9|27.7|17.2|8.0
아동시계,350,70,280,높음,11.0,유지,13.2|10.7|14.2|24.0|14.0|12.6|22.2|19.2|14.6|14.6|14.0|12.8|11.0
아동운동화,1340,200,1140,높음,51.1,급하락,81.9|70.3|56.1|48.6|42.6|67.7|100|67.0|49.1|36.5|27.0|35.2|51.1
아령,15130,3630,11500,높음,8.2,상승,10.7|7.9|6.5|7.7|8.9|7.3|8.3|9.1|9.9|9.5|10.2|10.3|8.2
아우터,7260,1070,6190,높음,4.0,급하락,3.7|8.3|8.9|6.1|5.0|4.2|5.1|2.9|1.9|1.3|1.4|1.7|4.0
아이스박스,36250,8550,27700,높음,19.6,급상승,27.5|17.7|11.8|10.4|9.0|8.5|12.4|20.2|28.4|33.6|41.4|34.4|19.6
아쿠아슈즈,25380,5180,20200,높음,13.5,급상승,27.7|17.1|16.0|19.9|25.7|19.4|14.5|17.9|26.9|46.0|100|73.3|13.5
안경,72100,8700,63400,높음,42.7,급하락,74.8|63.4|34.4|33.3|42.0|34.6|36.9|33.8|34.3|30.7|32.0|34.5|42.7
앵클부츠,14810,3110,11700,높음,39.5,급하락,95.2|100|60.3|48.9|36.9|17.2|18.2|11.9|7.0|8.2|8.4|9.3|39.5
야구 배팅,480,60,420,높음,0.4,하락,0.4|0.6|0.4|0.3|0.3|0.4|0.4|0.5|0.7|0.6|0.5|0.4|0.4
야구글러브,23190,2890,20300,중간,28.2,하락,31.3|30.9|28.4|27.2|16.9|14.9|27.6|39.2|47.7|38.4|26.6|22.4|28.2
야구모자,7020,1170,5850,높음,8.5,하락,11.4|11.5|10.3|9.2|9.9|9.2|13.1|13.4|12.9|10.8|11.1|9.8|8.5
야구배트,7700,1050,6650,중간,8.7,급하락,10.5|12.2|10.8|10.2|7.0|6.4|9.0|10.7|12.9|11.0|8.7|7.4|8.7
야구화,4690,620,4070,높음,3.2,하락,4.2|3.8|3.4|3.1|3.3|3.5|5.2|4.5|4.3|3.9|3.4|3.1|3.2
야전침대,16760,3660,13100,중간,11.5,급하락,16.6|16.2|11.6|8.7|7.4|7.3|10.4|12.0|12.6|11.7|11.4|12.3|11.5
양말,61700,11100,50600,높음,51.2,급하락,100|87.2|62.1|64.7|52.3|39.6|54.5|52.0|46.7|41.7|38.0|34.5|51.2
언더레이어,320,80,240,높음,0.2,급하락,1.0|0.6|0.6|0.4|0.4|0.3|0.4|0.5|0.6|0.5|0.4|0.3|0.2
언더웨어,2760,530,2230,중간,1.9,유지,2.3|2.3|2.2|2.3|2.6|2.4|2.9|2.6|2.9|2.4|2.7|2.3|1.9
언더웨어세트,60,10,50,높음,0.0,급하락,0.2|0.1|0.1|0.2|0.2|0.1|0.2|0.0|0.1|0.1|0.2|0.1|0.0
에센스,10310,1280,9030,중간,67.6,급하락,75.0|69.1|77.3|93.7|100|90.4|83.3|84.1|68.3|52.2|48.5|50.3|67.6
여권지갑,8900,1880,7020,중간,58.7,하락,69.8|59.9|62.6|61.5|83.8|74.2|78.6|59.0|49.2|45.3|56.8|62.1|58.7
여성귀걸이,720,110,610,높음,4.5,하락,6.0|5.1|6.2|9.2|7.3|6.3|6.6|5.9|5.6|4.2|4.8|5.3|4.5
여성기타쥬얼리,10,5,5,낮음,,,
여성목걸이,2760,370,2390,높음,21.3,하락,24.7|21.7|22.3|30.1|23.7|21.2|25.6|23.5|23.6|23.0|21.7|22.5|21.3
여성반지,1340,150,1190,높음,10.0,하락,11.1|11.1|11.6|15.7|14.5|11.7|13.4|10.9|10.5|9.5|10.1|10.7|10.0
여성배드민턴상의,15,5,10,높음,0.0,유지,0.0
여성벨트,10380,1060,9320,높음,81.2,상승,73.8|64.1|41.6|35.1|34.1|36.2|80.4|100|94.8|77.2|63.3|61.3|81.2
여성보드복상의,10,5,5,높음,0.2,상승,0.0|0.5|1.0|0.2
여성보드복하의,10,5,5,낮음,0.0,유지,0.0|0.0
여성브로치,180,20,160,높음,0.3,급하락,0.4|0.5|0.7|0.8|0.5|0.6|0.5|0.4|0.5|0.3|0.1|0.2|0.3
여성비치웨어,330,20,310,높음,0.9,급상승,0.2|0.1|0.2|0.2|0.2|0.2|0.1|0.0|0.1|0.5|1.3|1.9|0.9
여성수영복,12300,1300,11000,높음,35.0,급상승,49.8|33.0|37.4|43.4|54.1|42.4|47.9|43.4|47.4|67.2|100|71.6|35.0
여성스키복상의,25,5,20,높음,0.0,급하락,0.0|0.4|1.0|1.6|0.6|0.0|0.0
여성스키복하의,10,5,5,낮음,0.1,유지,0.1|0.1
여성스포츠선글라스,55,5,50,높음,0.1,급상승,0.0|0.0|0.2|0.3|1.1|1.1|0.4|0.4|0.2|0.1
여성시계,10120,1210,8910,높음,84.3,유지,100|85.8|65.2|76.4|72.9|67.3|79.4|79.7|93.4|84.9|80.9|82.6|84.3
여성싸이클링상의,10,5,5,낮음,,,
여성싸이클링하의,10,5,5,낮음,,,
여성장갑,430,100,330,높음,1.3,급하락,1.4|8.5|30.9|67.3|31.3|7.5|2.8|1.9|1.8|1.0|0.7|0.8|1.3
여성쥬얼리세트,10,5,5,낮음,,,
여성지갑,12460,1360,11100,높음,46.3,상승,42.0|39.9|37.0|57.0|58.6|73.6|65.5|49.9|50.0|43.1|42.4|48.8|46.3
여성청결제,21710,2310,19400,중간,80.0,하락,100|87.4|85.3|85.4|98.9|82.3|91.2|83.8|76.7|75.9|79.5|79.7|80.0
여성팔찌,2910,400,2510,높음,10.6,상승,14.6|10.5|9.8|13.2|11.2|8.7|10.4|12.3|14.9|15.2|15.5|14.4|10.6
여성헤어ACC,10,5,5,낮음,,,
여아래쉬가드,1080,170,910,높음,4.0,급상승,16.1|8.8|6.2|9.0|12.8|12.0|15.1|24.9|32.8|63.8|92.0|30.3|4.0
여아수영복,6380,3040,3340,높음,15.1,급상승,20.2|13.0|15.0|20.0|27.0|23.3|32.5|36.5|41.5|53.4|59.9|28.0|15.1
여행가방,17710,2910,14800,높음,66.9,급하락,95.6|87.9|87.6|80.8|100|83.1|80.0|67.8|64.4|60.4|74.7|75.8|66.9
염색,20080,1580,18500,높음,75.6,하락,95.0|88.0|85.6|92.6|94.1|84.3|88.2|89.3|89.2|85.1|90.9|88.6|75.6
오리발,9410,1910,7500,중간,15.2,급상승,22.6|14.1|16.7|14.6|17.1|13.2|15.5|15.5|16.5|20.3|32.9|31.6|15.2
오일,5620,1010,4610,높음,8.6,급하락,13.5|11.6|12.3|13.7|13.8|10.0|20.7|12.3|8.6|7.9|8.1|7.8|8.6
옥스포드,7930,1570,6360,높음,12.4,급하락,18.7|15.0|13.9|23.4|23.0|22.6|18.3|14.9|12.8|9.7|9.7|12.5|12.4
왁스,12530,1830,10700,중간,20.2,하락,31.3|25.3|22.7|21.9|18.2|15.8|18.7|19.9|21.3|18.5|23.8|24.8|20.2
요가매트,63500,13800,49700,높음,100,급상승,88.0|65.2|69.9|69.1|82.8|63.0|85.8|82.2|68.0|71.8|76.1|92.5|100
요가양말,5270,690,4580,중간,4.3,급하락,6.1|5.5|6.4|6.9|8.3|5.2|5.8|5.6|4.3|4.3|4.7|4.5|4.3
우산,27700,6100,21600,높음,39.1,급하락,100|73.4|20.5|21.3|17.7|15.3|34.0|35.8|39.4|31.7|55.3|34.1|39.1
운동화,79000,17100,61900,높음,62.6,급하락,87.7|88.2|76.2|73.3|71.7|70.1|87.6|79.3|64.7|56.2|58.6|55.9|62.6
워머,4640,670,3970,중간,3.7,급하락,4.4|8.7|19.0|23.6|17.2|5.4|5.3|4.8|4.8|4.0|3.6|3.1|3.7
워시,2490,470,2020,높음,1.9,급상승,1.1|1.1|1.0|1.1|3.3|10.4|1.1|1.5|2.0|2.9|2.3|5.1|1.9
워치와인더,4120,770,3350,중간,1.9,상승,1.7|1.6|1.4|1.6|1.6|1.5|1.6|1.6|1.6|1.5|1.4|1.9|1.9
워커,16160,2360,13800,높음,7.3,급하락,10.3|11.3|10.0|9.4|8.7|7.4|7.8|6.8|6.3|5.1|5.3|6.1|7.3
워킹화,13640,6430,7210,높음,6.0,급하락,7.1|6.4|5.4|4.4|4.8|5.0|9.2|9.7|5.3|5.0|4.2|4.3|6.0
워터레깅스,2180,500,1680,중간,1.0,급상승,1.9|1.1|1.4|1.6|2.1|1.5|1.3|1.4|1.7|2.8|5.5|3.8|1.0
원피스,105600,16300,89300,높음,48.4,하락,100|73.3|41.8|43.9|49.2|39.7|68.2|62.7|67.8|70.3|84.1|60.5|48.4
원피스수영복,5560,790,4770,높음,14.9,급상승,27.8|17.5|19.8|23.6|29.5|22.2|22.5|21.1|24.0|31.1|44.4|33.5|14.9
웨이스트,820,150,670,낮음,2.1,급하락,2.9|2.6|2.6|2.3|2.2|1.9|2.7|2.7|2.4|2.1|2.1|1.9|2.1
웨지힐,3550,530,3020,높음,9.5,급상승,9.8|6.5|3.2|2.7|3.8|5.8|11.1|17.6|25.7|22.3|16.3|10.7|9.5
웻슈트,3540,740,2800,높음,9.3,급상승,11.6|7.8|7.0|9.2|14.7|8.2|7.6|8.2|12.4|20.0|20.7|17.1|9.3
유모차,36730,5430,31300,높음,97.4,하락,100|96.4|89.2|86.0|86.9|79.4|93.5|95.2|88.8|80.8|74.2|80.9|97.4
유아동보드복,10,5,5,낮음,,,
유아동스키복,10,5,5,낮음,0.0,유지,0.0|0.0
의자,80500,17400,63100,중간,58.5,급하락,100|81.7|51.0|50.0|59.6|47.6|51.1|43.6|40.2|39.1|45.1|40.6|58.5
인형,19870,4770,15100,중간,12.8,급하락,22.7|20.8|18.8|22.1|17.8|15.8|15.6|14.5|14.0|12.2|12.1|12.5|12.8
입욕제,9040,1690,7350,중간,6.0,급하락,13.0|11.4|8.4|10.7|10.8|7.8|7.7|6.3|5.9|5.2|5.6|5.9|6.0
자전거용품,4570,1220,3350,높음,4.8,하락,7.5|6.0|3.6|2.8|2.3|2.8|5.2|6.5|6.6|5.8|4.6|4.4|4.8
자켓,19600,4500,15100,높음,38.8,급하락,100|91.1|26.5|16.3|21.9|22.9|40.2|26.2|13.6|11.1|10.5|11.4|38.8
잡화,1460,420,1040,높음,1.5,급하락,3.0|2.8|2.7|2.7|2.6|2.1|2.3|2.0|1.9|1.8|1.8|1.5|1.5
장갑,14620,4320,10300,높음,32.9,급하락,76.9|70.4|67.3|96.5|62.1|20.5|20.7|15.6|13.3|13.4|13.6|13.0|32.9
장지갑,5750,950,4800,높음,6.0,급하락,7.8|7.9|6.8|7.4|9.2|8.7|7.6|5.6|5.9|4.6|4.9|5.7|6.0
전동휠,6230,970,5260,중간,25.3,하락,27.5|29.2|28.6|21.8|20.8|18.7|24.9|25.6|27.5|29.4|27.7|26.4|25.3
점퍼,7080,1280,5800,높음,28.7,급하락,42.1|70.9|71.0|58.1|38.2|35.6|50.1|40.2|25.7|12.9|14.7|16.9|28.7
점프수트,4470,700,3770,높음,18.0,급상승,49.2|31.5|20.2|18.6|17.4|16.7|22.7|37.9|52.6|56.4|73.5|35.7|18.0
정장,13150,2450,10700,중간,54.1,급하락,96.5|100|93.1|80.1|82.9|67.9|69.0|63.6|62.6|46.8|42.2|47.6|54.1
정장구두,3040,1070,1970,높음,12.4,급하락,16.1|18.0|18.5|14.9|15.1|12.3|14.6|12.7|11.1|9.0|8.2|11.7|12.4
제모,7440,980,6460,높음,21.1,상승,28.0|23.6|20.8|21.0|24.8|23.3|27.3|31.7|36.2|34.6|34.6|30.0|21.1
젤,3650,390,3260,중간,9.8,급하락,14.7|13.9|14.3|15.5|14.9|12.7|13.5|13.0|12.7|11.3|12.5|12.1|9.8
조거,530,70,460,높음,1.3,급하락,2.0|3.1|4.0|3.2|2.5|1.7|2.1|1.8|1.4|1.0|1.1|1.2|1.3
조거팬츠,17870,6570,11300,높음,49.8,급하락,56.5|88.0|85.6|67.6|56.8|44.8|75.4|78.7|45.2|37.0|32.5|30.6|49.8
조끼,11880,2410,9470,높음,33.5,급하락,46.4|79.5|100|83.9|61.0|42.3|58.6|51.3|36.0|26.1|24.5|22.1|33.5
줄,3630,830,2800,높음,3.2,급하락,5.8|5.0|5.7|4.3|4.2|3.6|4.6|4.9|4.4|3.7|3.4|3.4|3.2
줄넘기,23400,7500,15900,중간,21.8,유지,24.7|17.7|19.7|21.2|22.5|17.9|30.7|28.0|18.7|20.4|19.8|19.4|21.8
중지갑,510,130,380,높음,0.4,급하락,0.8|0.8|0.7|0.8|0.9|0.8|0.7|0.5|0.5|0.4|0.4|0.5|0.4
쥬얼리보관함,940,150,790,높음,0.9,상승,0.8|0.8|0.6|0.8|1.1|0.9|0.8|0.8|0.9|0.7|0.9|0.9|0.9
지갑,31240,5540,25700,높음,44.5,급하락,100|78.2|30.9|32.7|44.5|37.8|33.9|28.0|28.2|27.2|27.6|28.5|44.5
짐볼,8810,1590,7220,중간,22.4,하락,31.7|25.8|25.1|30.5|38.6|25.9|29.9|25.6|26.2|24.7|26.9|27.7|22.4
짚업,640,120,520,중간,1.6,급하락,2.6|4.3|3.1|2.4|2.2|1.5|2.3|1.7|1.0|0.6|0.5|0.8|1.6
찜기,22930,4330,18600,중간,58.3,급하락,85.4|79.4|81.9|80.2|100|63.8|64.8|51.1|43.7|46.5|54.0|57.6|58.3
첼시부츠,9440,1580,7860,높음,24.1,급하락,34.1|54.5|65.3|61.3|40.9|26.2|23.7|18.1|14.6|11.5|14.4|16.6|24.1
축구용품,2230,460,1770,높음,5.7,급하락,8.3|8.2|9.5|10.2|8.0|6.4|7.3|6.8|7.0|7.4|7.7|5.9|5.7
축구장갑,540,110,430,높음,0.4,급하락,0.5|2.2|5.5|4.9|4.0|1.9|0.5|0.3|0.2|0.2|0.3|0.2|0.4
축구화,37220,4420,32800,높음,27.1,급상승,24.9|25.6|23.3|23.2|21.2|19.3|26.3|25.7|24.8|29.4|30.8|51.8|27.1
취사용품,10,5,5,높음,0.0,유지,0.0|0.0|0.0
치약,59400,11000,48400,중간,48.9,급하락,91.2|70.1|40.4|47.6|100|45.8|50.5|43.9|38.2|41.3|41.8|40.3|48.9
침낭,28090,5590,22500,중간,19.3,급하락,25.1|33.8|25.1|20.5|20.5|13.5|14.3|14.8|13.6|8.9|8.8|10.0|19.3
칫솔,46920,8120,38800,중간,52.7,급하락,100|77.6|36.4|39.3|53.3|41.1|46.0|39.5|35.9|39.0|38.8|39.6|52.7
카드지갑,67400,10500,56900,중간,58.8,하락,77.8|71.0|63.1|70.7|77.0|73.4|75.3|62.0|60.6|56.0|58.3|65.0|58.8
캐쥬얼점퍼,15,5,10,높음,0.0,급하락,0.0|0.0|0.0|0.0
캔들,12050,6050,6000,높음,10.3,급하락,12.9|12.8|14.3|15.7|12.1|10.0|16.0|17.4|9.3|8.9|9.7|8.4|10.3
캡모자,15890,2190,13700,높음,14.2,상승,19.0|18.1|15.8|15.6|16.6|15.5|20.1|22.0|22.2|20.6|23.1|19.5|14.2
커프스,3390,540,2850,높음,4.5,급상승,4.3|4.1|4.2|4.4|4.6|5.4|5.4|5.6|5.1|4.7|4.6|6.1|4.5
커플세트,50,10,40,높음,0.0,급하락,0.0|0.0|0.0|0.0|0.0|0.0|0.0
코트,10910,1730,9180,높음,14.1,급하락,20.8|53.6|100|91.1|66.8|36.4|20.0|7.4|5.6|5.2|16.0|9.9|14.1
쿠션,22830,4330,18500,중간,29.9,급하락,41.3|37.9|34.5|34.9|35.9|30.4|34.3|31.4|31.2|28.9|30.0|30.7|29.9
쿨러,4160,1070,3090,중간,5.3,유지,8.9|6.8|5.6|5.3|5.7|4.7|5.4|6.1|7.7|7.6|8.6|7.4|5.3
퀼팅자켓,3410,420,2990,높음,0.4,급하락,0.5|2.2|2.4|0.8|0.6|1.1|1.4|0.3|0.0|0.0|0.0|0.1|0.4
크로스백,53840,9140,44700,높음,5.5,하락,8.3|7.5|6.9|7.1|7.7|6.7|7.6|7.2|7.2|7.1|6.5|6.5|5.5
크롭레깅스,15,5,10,높음,0.0,급하락,0.0|0.0|0.0|0.0|0.0
크림,799100,302700,496400,높음,83.3,하락,100|94.8|86.3|81.1|77.7|70.3|84.1|80.2|80.8|75.1|77.3|77.3|83.3
클러치,3990,970,3020,높음,0.4,급하락,0.8|0.7|0.7|0.7|0.7|0.7|0.6|0.6|0.5|0.5|0.5|0.5|0.4
클러치백,6480,1140,5340,높음,7.9,급하락,14.3|12.9|19.2|9.9|10.1|9.8|12.4|10.7|11.0|9.8|9.4|14.0|7.9
키링,42100,9500,32600,높음,53.4,급하락,100|86.0|83.2|87.2|82.9|70.8|76.9|71.4|65.0|59.5|59.7|58.7|53.4
키홀더,4020,940,3080,높음,5.0,급하락,7.4|6.3|6.8|8.4|8.1|8.7|6.4|5.6|5.0|4.8|5.5|4.9|5.0
타이,9720,1310,8410,중간,12.1,급하락,17.0|17.4|14.6|14.9|13.6|11.3|13.0|12.6|11.3|12.8|12.3|12.0|12.1
타이즈,2910,370,2540,높음,3.7,급하락,4.1|7.7|11.8|12.8|9.7|5.8|4.8|4.1|3.8|3.2|3.4|4.1|3.7
타프,27450,5950,21500,중간,56.9,급상승,76.0|68.9|23.6|15.1|13.7|16.3|36.9|67.5|100|91.5|99.5|84.8|56.9
태닝,6590,710,5880,높음,12.8,급상승,20.7|13.6|11.1|10.3|11.3|11.0|14.5|19.4|23.7|23.2|25.4|21.8|12.8
털모자,1350,250,1100,높음,2.7,급하락,5.6|15.8|43.7|70.4|52.3|12.2|3.3|1.9|1.5|1.1|1.2|1.8|2.7
테니스용품,2720,680,2040,높음,5.7,급하락,8.4|6.7|6.5|6.9|6.1|5.7|6.5|6.8|6.8|6.2|6.0|5.6|5.7
테니스화,15970,3070,12900,높음,33.3,하락,42.8|34.8|33.4|29.2|33.0|33.3|44.9|37.8|36.2|35.4|32.8|31.5|33.3
테이블,20260,4860,15400,높음,39.5,급하락,60.6|57.3|56.5|56.0|58.6|49.5|55.8|49.6|47.3|43.4|45.9|42.1|39.5
텐트,32090,6590,25500,중간,64.1,급하락,100|94.4|60.2|44.6|38.5|37.3|53.1|67.3|79.2|59.6|68.5|56.7|64.1
토시,5250,990,4260,중간,10.5,급하락,26.9|20.8|19.9|21.0|17.7|12.0|13.4|13.6|16.0|15.0|14.5|12.9|10.5
토치,11810,2700,9110,중간,23.8,급하락,41.9|47.0|38.8|44.9|50.2|31.7|30.0|25.8|24.8|24.4|24.6|23.9|23.8
토트백,24120,4220,19900,높음,36.7,급하락,63.6|56.8|51.9|55.7|60.0|52.1|67.7|47.6|41.5|39.5|38.1|38.6|36.7
튜브,10580,3120,7460,중간,16.4,급상승,28.3|17.5|16.6|17.5|19.6|16.5|17.6|19.7|27.2|42.8|100|75.5|16.4
트레이닝,3590,780,2810,높음,6.1,급하락,9.3|9.2|8.7|8.0|8.9|7.3|9.0|8.2|6.5|6.1|6.1|5.9|6.1
트레이닝복,8690,2660,6030,높음,15.4,급하락,19.8|27.7|24.2|19.8|18.9|16.6|22.4|18.5|11.1|6.7|7.6|9.9|15.4
트레이닝상의,200,40,160,높음,0.2,급하락,0.3|0.6|0.4|0.3|0.4|0.3|0.5|0.4|0.2|0.0|0.1|0.1|0.2
트레이닝하의,60,10,50,높음,0.0,급하락,0.0|0.1|0.2|0.0|0.0|0.0|0.0|0.0
트레이닝화,1000,210,790,중간,1.6,급상승,1.5|1.4|1.1|1.0|1.7|1.7|2.5|1.7|1.8|1.8|1.9|1.7|1.6
트렌치코트,19750,2850,16900,높음,32.7,급하락,37.1|62.9|26.1|9.7|10.5|30.6|100|48.2|7.1|3.6|4.3|11.7|32.7
트리트먼트,20650,3150,17500,중간,33.3,급하락,49.9|50.2|55.6|57.1|49.5|37.0|38.6|31.2|29.3|26.8|28.3|30.3|33.3
티셔츠,17300,4800,12500,높음,26.3,급하락,57.6|48.7|33.3|24.2|22.4|22.7|38.0|45.6|51.2|49.9|44.3|30.5|26.3
파우더,6540,1120,5420,중간,10.8,하락,16.2|13.2|11.5|11.5|11.8|10.4|12.9|12.8|13.3|12.6|13.7|12.9|10.8
파우치,35350,6350,29000,높음,12.6,하락,13.4|12.1|11.8|13.9|15.0|12.9|13.1|11.6|10.8|10.1|10.8|12.0|12.6
파티용품,4450,1170,3280,높음,1.6,급하락,2.6|2.5|3.1|4.2|2.6|1.7|1.9|2.0|1.8|1.6|1.7|1.6|1.6
팔찌,58330,7230,51100,높음,24.6,급하락,52.4|40.5|17.7|16.5|19.2|16.1|18.0|19.0|21.4|22.0|21.9|21.0|24.6
패드,10780,2050,8730,중간,3.8,급하락,6.1|5.9|5.4|6.4|6.3|4.8|5.2|4.2|3.9|3.7|3.9|3.9|3.8
패딩,28020,5220,22800,높음,9.7,급하락,12.7|52.1|100|82.6|47.7|17.6|7.1|2.4|1.8|2.0|5.4|6.8|9.7
패딩부츠,2180,430,1750,높음,3.2,급하락,4.7|19.5|58.2|100|44.6|9.0|1.3|0.3|0.3|0.3|0.8|1.6|3.2
패딩점퍼,940,200,740,높음,1.4,급하락,2.1|24.1|30.0|27.3|24.7|15.6|7.5|0.7|0.3|0.2|0.4|0.6|1.4
팩,4380,820,3560,중간,6.6,급하락,11.9|11.1|11.4|10.9|11.2|7.8|8.4|7.9|7.9|7.2|6.8|6.7|6.6
팬던트,4950,1040,3910,높음,7.3,유지,8.4|8.0|7.8|8.5|8.5|7.2|8.2|7.9|8.0|7.8|7.6|8.7|7.3
팬츠,2760,430,2330,높음,4.0,급하락,5.1|5.7|5.6|4.8|4.8|4.1|5.5|5.2|5.3|4.5|4.6|3.6|4.0
펌,5020,420,4600,높음,34.7,급하락,64.8|64.2|64.5|70.4|67.2|54.9|45.9|44.3|41.4|36.2|37.1|36.1|34.7
펌프스,3850,870,2980,높음,25.9,급하락,32.2|29.4|19.6|17.0|20.3|23.3|33.9|25.6|18.6|16.6|13.8|18.8|25.9
페도라,3060,580,2480,높음,20.0,급하락,34.3|34.5|31.6|30.7|27.8|28.1|27.4|34.3|28.1|26.8|27.4|23.7|20.0
폴대,3790,1070,2720,중간,25.6,급하락,44.6|38.7|28.6|23.4|22.4|17.8|25.0|30.9|33.7|29.6|28.3|27.7|25.6
폴딩박스,8790,2230,6560,중간,58.7,급하락,100|77.8|55.5|50.8|48.2|40.5|54.0|58.9|59.9|53.4|49.7|54.0|58.7
폼룰러,3170,480,2690,높음,7.8,급상승,9.9|6.5|5.6|5.5|7.0|5.6|8.7|9.5|9.1|9.6|10.3|10.1|7.8
풀오버,2710,640,2070,높음,6.3,급하락,7.9|10.5|10.7|10.9|10.5|6.9|6.9|6.6|4.4|4.2|4.2|4.9|6.3
풋크림,4660,790,3870,높음,11.2,급하락,7.7|10.6|22.3|28.4|28.9|16.4|13.9|11.8|11.8|11.3|8.3|8.6|11.2
플랫슈즈,34910,4410,30500,높음,82.5,유지,82.9|61.3|36.8|29.1|29.1|46.0|99.0|100|80.9|54.7|42.6|54.0|82.5
플리스자켓,6220,1500,4720,중간,14.9,급하락,13.6|73.3|89.1|51.8|38.1|23.2|18.9|5.9|3.1|2.0|2.7|5.3|14.9
핀,4790,1030,3760,높음,12.0,급하락,19.4|18.6|17.8|17.6|17.3|14.8|16.3|15.4|15.1|13.9|14.6|13.9|12.0
하이힐,4880,850,4030,높음,12.5,급하락,19.6|22.6|16.9|13.0|19.0|15.3|27.9|15.1|14.1|11.6|10.8|12.4|12.5
하프자켓,500,70,430,높음,1.2,급하락,1.3|2.6|2.5|1.8|1.2|2.2|4.7|1.5|0.7|0.2|0.1|0.4|1.2
하프코트,2880,440,2440,높음,7.4,급하락,7.5|35.8|100|77.7|49.2|35.4|19.7|2.6|0.9|1.0|1.7|4.6|7.4
하프팬츠,210,20,190,높음,0.4,급상승,0.6|0.5|0.5|0.2|0.2|0.2|0.4|0.9|1.1|1.2|1.4|0.8|0.4
한복소품,540,90,450,높음,0.5,급하락,0.7|0.3|0.2|0.2|0.4|0.4|0.2|0.1|0.2|0.4|0.1|0.2|0.5
핸드소독제,15,5,10,높음,,,
핸드크림,36920,8820,28100,중간,36.9,급하락,38.1|61.6|89.2|100|74.8|51.6|46.6|44.2|29.0|20.8|19.9|22.9|36.9
핸드폰케이스백,15,5,10,높음,0.0,유지,0.0|0.0
헌팅캡,4230,780,3450,높음,4.3,급하락,6.5|7.1|8.0|8.1|7.4|6.0|6.6|5.4|4.6|4.0|3.7|3.9|4.3
헤어미스트,6970,1060,5910,중간,16.3,하락,19.1|18.1|19.9|24.2|25.1|22.8|24.4|19.9|19.8|17.5|18.2|16.6|16.3
헤어밴드,20290,3590,16700,높음,46.5,유지,88.7|57.8|51.4|53.9|63.1|52.1|57.8|56.8|62.3|63.5|84.3|70.8|46.5
헤어악세서리,80,20,60,높음,0.1,급상승,0.0|0.0|0.0|0.0|0.1|0.0|0.1|0.0|0.0|0.1|0.2|0.1|0.1
헤어에센스,35500,4300,31200,중간,82.4,하락,96.6|84.7|89.8|95.8|100|93.4|98.7|86.4|97.9|87.7|85.9|75.8|82.4
헤어오일,11050,1920,9130,중간,25.4,하락,32.2|32.0|32.7|33.0|35.3|31.4|33.2|29.6|28.9|26.3|25.9|27.5|25.4
헬멧,16690,6490,10200,높음,63.9,급하락,89.4|77.1|70.3|61.1|60.1|47.3|83.4|100|61.9|63.5|57.5|56.1|63.9
헬스기구,8070,5150,2920,높음,33.4,급하락,63.3|63.5|48.7|60.0|67.0|52.5|62.0|57.6|21.9|27.1|26.3|27.9|33.4
헬스복,5700,1040,4660,높음,24.8,급하락,40.2|33.5|38.0|36.2|44.4|32.1|37.6|33.2|31.1|29.4|33.6|28.7|24.8
헬스용품,1680,440,1240,중간,7.3,하락,11.7|9.3|8.9|11.1|11.4|9.9|10.0|8.3|8.6|8.3|9.2|9.1|7.3
헬스장갑,8520,2500,6020,중간,36.7,하락,70.7|52.6|54.0|50.2|56.1|46.6|54.6|52.9|50.3|51.0|55.8|52.7|36.7
화로,8240,1450,6790,중간,8.0,급하락,12.3|12.9|11.2|11.0|10.3|8.1|8.0|7.2|7.4|6.4|5.8|6.9|8.0
후드,9910,2080,7830,높음,9.3,급하락,15.9|18.2|17.5|15.9|18.7|12.9|12.8|10.2|8.1|7.0|8.2|8.4|9.3
후드티,35450,6250,29200,높음,34.1,급하락,54.8|100|81.1|59.2|46.9|39.8|45.0|23.1|8.2|4.6|5.6|12.2|34.1
후디,1980,310,1670,높음,2.0,급하락,3.3|3.8|3.5|2.8|3.2|2.5|2.4|2.0|1.8|1.6|1.7|1.6|2.0
훌라후프,13500,1900,11600,중간,13.4,하락,21.5|17.8|13.6|11.0|17.4|15.0|19.5|19.9|20.3|17.2|14.5|21.0|13.4
흑채,5910,970,4940,중간,24.1,급하락,39.2|40.3|34.9|32.2|28.5|23.6|25.6|23.6|22.3|20.0|20.6|23.6|24.1
힐,3470,370,3100,높음,12.9,급하락,19.6|18.6|14.8|14.1|14.3|14.0|18.1|14.9|14.3|11.6|11.3|12.1|12.9
힙색,13920,2720,11200,높음,55.3,하락,100|75.3|50.3|44.6|56.4|43.3|56.0|62.3|71.2|71.5|70.6|63.7|55.3
